2026-06-06 02:14:16.575	    7fffb3c1ac40	INFO	logging	contrib/epee/src/mlog.cpp:274	New log categories: *:WARNING,net:FATAL,net.http:FATAL,net.ssl:FATAL,net.p2p:FATAL,net.cn:FATAL,daemon.rpc:FATAL,global:INFO,verify:FATAL,serialization:FATAL,daemon.rpc.payment:ERROR,stacktrace:INFO,logging:INFO,msgwriter:INFO
2026-06-06 02:14:16.575	    7fffb3c1ac40	INFO	logging	contrib/epee/src/mlog.cpp:274	New log categories: *:INFO,global:INFO,stacktrace:INFO,logging:INFO,msgwriter:INFO,perf.*:DEBUG
2026-06-06 02:14:16.575	    7fffb3c1ac40	INFO	msgwriter	src/common/scoped_message_writer.h:102	This is the RPC CryLo Chain wallet. It needs to connect to a CryLo Chain
2026-06-06 02:14:16.575	    7fffb3c1ac40	INFO	msgwriter	src/common/scoped_message_writer.h:102	daemon to work correctly.
2026-06-06 02:14:16.575	    7fffb3c1ac40	INFO	msgwriter	src/common/scoped_message_writer.h:102	CryLo Chain 'Testnet' (v1.0.0-8a35161b7)
2026-06-06 02:14:16.575	    7fffb3c1ac40	INFO	wallet.wallet2	src/wallet/wallet_args.cpp:215	Setting log level = 1
2026-06-06 02:14:16.575	    7fffb3c1ac40	INFO	wallet.wallet2	src/wallet/wallet_args.cpp:221	Logging to: /home/heff/CryLo/electron/bin/linux/CryLo-wallet-rpc.log
2026-06-06 02:14:16.575	    7fffb3c1ac40	INFO	msgwriter	src/common/scoped_message_writer.h:102	Logging to /home/heff/CryLo/electron/bin/linux/CryLo-wallet-rpc.log
2026-06-06 02:14:16.581	    7fffb3c1ac40	INFO	net	contrib/epee/include/net/abstract_tcp_server2.inl:1390	Set server type to: 1 from name: RPC, prefix_name = RPC
2026-06-06 02:14:16.581	    7fffb3c1ac40	INFO	global	contrib/epee/include/net/http_server_impl_base.h:94	Binding on 127.0.0.1 (IPv4):22643
2026-06-06 02:14:16.666	    7fffb3c1ac40	INFO	net.ssl	contrib/epee/src/net_ssl.cpp:145	Generating SSL certificate
2026-06-06 02:14:23.709	    7fffb3c1ac40	WARNING	wallet.rpc	src/wallet/wallet_rpc_server.cpp:4986	Starting wallet RPC server
2026-06-06 02:14:23.709	    7fffb3c1ac40	INFO	net.http	contrib/epee/include/net/http_server_impl_base.h:111	Run net_service loop( 1 threads)...
2026-06-06 02:14:24.384	[RPC0]	INFO	wallet.rpc	src/wallet/wallet_rpc_server.h:68	HTTP [127.0.0.1] POST /json_rpc
2026-06-06 02:14:24.386	[RPC0]	INFO	wallet.rpc	src/wallet/wallet_rpc_server.h:143	[127.0.0.1:51116 INC] Calling RPC method get_languages
2026-06-06 02:14:24.402	[RPC0]	INFO	default	src/mnemonics/language_base.h:132	Español word 'asa' is shorter than its prefix length, 4
2026-06-06 02:14:24.402	[RPC0]	INFO	default	src/mnemonics/language_base.h:132	Español word 'ave' is shorter than its prefix length, 4
2026-06-06 02:14:24.402	[RPC0]	INFO	default	src/mnemonics/language_base.h:132	Español word 'boa' is shorter than its prefix length, 4
2026-06-06 02:14:24.402	[RPC0]	INFO	default	src/mnemonics/language_base.h:132	Español word 'cal' is shorter than its prefix length, 4
2026-06-06 02:14:24.402	[RPC0]	INFO	default	src/mnemonics/language_base.h:132	Español word 'dar' is shorter than its prefix length, 4
2026-06-06 02:14:24.403	[RPC0]	INFO	default	src/mnemonics/language_base.h:132	Español word 'don' is shorter than its prefix length, 4
2026-06-06 02:14:24.403	[RPC0]	INFO	default	src/mnemonics/language_base.h:132	Español word 'dos' is shorter than its prefix length, 4
2026-06-06 02:14:24.403	[RPC0]	INFO	default	src/mnemonics/language_base.h:132	Español word 'eco' is shorter than its prefix length, 4
2026-06-06 02:14:24.403	[RPC0]	INFO	default	src/mnemonics/language_base.h:132	Español word 'eje' is shorter than its prefix length, 4
2026-06-06 02:14:24.403	[RPC0]	INFO	default	src/mnemonics/language_base.h:132	Español word 'fax' is shorter than its prefix length, 4
2026-06-06 02:14:24.403	[RPC0]	INFO	default	src/mnemonics/language_base.h:132	Español word 'feo' is shorter than its prefix length, 4
2026-06-06 02:14:24.403	[RPC0]	INFO	default	src/mnemonics/language_base.h:132	Español word 'fin' is shorter than its prefix length, 4
2026-06-06 02:14:24.403	[RPC0]	INFO	default	src/mnemonics/language_base.h:132	Español word 'gen' is shorter than its prefix length, 4
2026-06-06 02:14:24.403	[RPC0]	INFO	default	src/mnemonics/language_base.h:132	Español word 'gol' is shorter than its prefix length, 4
2026-06-06 02:14:24.404	[RPC0]	INFO	default	src/mnemonics/language_base.h:132	Español word 'haz' is shorter than its prefix length, 4
2026-06-06 02:14:24.404	[RPC0]	INFO	default	src/mnemonics/language_base.h:132	Español word 'ira' is shorter than its prefix length, 4
2026-06-06 02:14:24.404	[RPC0]	INFO	default	src/mnemonics/language_base.h:132	Español word 'luz' is shorter than its prefix length, 4
2026-06-06 02:14:24.404	[RPC0]	INFO	default	src/mnemonics/language_base.h:132	Español word 'mar' is shorter than its prefix length, 4
2026-06-06 02:14:24.404	[RPC0]	INFO	default	src/mnemonics/language_base.h:132	Español word 'mes' is shorter than its prefix length, 4
2026-06-06 02:14:24.404	[RPC0]	INFO	default	src/mnemonics/language_base.h:132	Español word 'mil' is shorter than its prefix length, 4
2026-06-06 02:14:24.405	[RPC0]	INFO	default	src/mnemonics/language_base.h:132	Español word 'oca' is shorter than its prefix length, 4
2026-06-06 02:14:24.405	[RPC0]	INFO	default	src/mnemonics/language_base.h:132	Español word 'ojo' is shorter than its prefix length, 4
2026-06-06 02:14:24.405	[RPC0]	INFO	default	src/mnemonics/language_base.h:132	Español word 'ola' is shorter than its prefix length, 4
2026-06-06 02:14:24.405	[RPC0]	INFO	default	src/mnemonics/language_base.h:132	Español word 'oro' is shorter than its prefix length, 4
2026-06-06 02:14:24.405	[RPC0]	INFO	default	src/mnemonics/language_base.h:132	Español word 'oso' is shorter than its prefix length, 4
2026-06-06 02:14:24.405	[RPC0]	INFO	default	src/mnemonics/language_base.h:132	Español word 'pan' is shorter than its prefix length, 4
2026-06-06 02:14:24.405	[RPC0]	INFO	default	src/mnemonics/language_base.h:132	Español word 'pez' is shorter than its prefix length, 4
2026-06-06 02:14:24.405	[RPC0]	INFO	default	src/mnemonics/language_base.h:132	Español word 'pie' is shorter than its prefix length, 4
2026-06-06 02:14:24.407	[RPC0]	INFO	default	src/mnemonics/language_base.h:132	Español word 'red' is shorter than its prefix length, 4
2026-06-06 02:14:24.407	[RPC0]	INFO	default	src/mnemonics/language_base.h:132	Español word 'res' is shorter than its prefix length, 4
2026-06-06 02:14:24.407	[RPC0]	INFO	default	src/mnemonics/language_base.h:132	Español word 'rey' is shorter than its prefix length, 4
2026-06-06 02:15:46.689	[RPC0]	INFO	wallet.rpc	src/wallet/wallet_rpc_server.h:68	HTTP [127.0.0.1] POST /json_rpc
2026-06-06 02:15:46.689	[RPC0]	INFO	wallet.rpc	src/wallet/wallet_rpc_server.h:146	[127.0.0.1:43094 INC] Calling RPC method close_wallet
2026-06-06 02:15:46.696	[RPC0]	INFO	wallet.rpc	src/wallet/wallet_rpc_server.h:68	HTTP [127.0.0.1] POST /json_rpc
2026-06-06 02:15:46.696	[RPC0]	INFO	wallet.rpc	src/wallet/wallet_rpc_server.h:145	[127.0.0.1:43094 INC] Calling RPC method open_wallet
2026-06-06 02:15:46.701	[RPC0]	INFO	net	contrib/epee/src/net_parse_helpers.cpp:144	[PARSE URI] regex not matched for uri: ^(([^:]*?)://)?(\[(.*)\](:(\d+))?)(.*)?
2026-06-06 02:15:46.702	[RPC0]	INFO	wallet.wallet2	src/wallet/wallet2.cpp:458	Daemon is local, assuming trusted
2026-06-06 02:15:46.705	[RPC0]	INFO	wallet.wallet2	src/wallet/wallet2.cpp:1428	setting daemon to 127.0.0.1:22641
2026-06-06 02:15:46.706	[RPC0]	INFO	net	contrib/epee/src/net_parse_helpers.cpp:144	[PARSE URI] regex not matched for uri: ^(([^:]*?)://)?(\[(.*)\](:(\d+))?)(.*)?
2026-06-06 02:15:46.757	[RPC0]	INFO	net.ssl	contrib/epee/src/net_ssl.cpp:145	Generating SSL certificate
2026-06-06 02:15:51.239	[RPC0]	INFO	wallet.wallet2	src/wallet/wallet2.cpp:8795	ringdb path set to /home/heff/.wow-shared-ringdb/testnet
2026-06-06 02:15:51.240	[RPC0]	INFO	randomx	contrib/epee/src/mlog.cpp:517	RandomX new secondary seed hash is 0000000000000000000000000000000000000000000000000000000000000000
2026-06-06 02:15:51.240	[RPC0]	INFO	stacktrace	src/common/stack_trace.cpp:134	Exception: std::bad_alloc
2026-06-06 02:15:51.240	[RPC0]	INFO	stacktrace	src/common/stack_trace.cpp:135	Unwound call stack:
2026-06-06 02:15:51.250	[RPC0]	INFO	stacktrace	src/common/stack_trace.cpp:173	    [1]  0xcc) [0x5555e52bb294]:__cxa_throw+0xcc) [0x5555e52bb294]
2026-06-06 02:15:51.250	[RPC0]	INFO	stacktrace	src/common/stack_trace.cpp:173	    [2] /home/heff/CryLo/electron/bin/linux/CryLo-wallet-rpc(+0x6b8ab4) [0x5555e5868ab4] 
2026-06-06 02:15:51.250	[RPC0]	INFO	stacktrace	src/common/stack_trace.cpp:173	    [3] /home/heff/CryLo/electron/bin/linux/CryLo-wallet-rpc(+0x6af580) [0x5555e585f580] 
2026-06-06 02:15:51.250	[RPC0]	INFO	stacktrace	src/common/stack_trace.cpp:173	    [4] /home/heff/CryLo/electron/bin/linux/CryLo-wallet-rpc(+0x4d657c) [0x5555e568657c] 
2026-06-06 02:15:51.250	[RPC0]	INFO	stacktrace	src/common/stack_trace.cpp:173	    [5] /home/heff/CryLo/electron/bin/linux/CryLo-wallet-rpc(+0x4d7434) [0x5555e5687434] 
2026-06-06 02:15:51.250	[RPC0]	INFO	stacktrace	src/common/stack_trace.cpp:173	    [6] /home/heff/CryLo/electron/bin/linux/CryLo-wallet-rpc(+0x445918) [0x5555e55f5918] 
2026-06-06 02:15:51.250	[RPC0]	INFO	stacktrace	src/common/stack_trace.cpp:173	    [7] /home/heff/CryLo/electron/bin/linux/CryLo-wallet-rpc(+0x445aac) [0x5555e55f5aac] 
2026-06-06 02:15:51.250	[RPC0]	INFO	stacktrace	src/common/stack_trace.cpp:173	    [8] /home/heff/CryLo/electron/bin/linux/CryLo-wallet-rpc(+0x5bb778) [0x5555e576b778] 
2026-06-06 02:15:51.250	[RPC0]	INFO	stacktrace	src/common/stack_trace.cpp:173	    [9] /home/heff/CryLo/electron/bin/linux/CryLo-wallet-rpc(+0x44a028) [0x5555e55fa028] 
2026-06-06 02:15:51.250	[RPC0]	INFO	stacktrace	src/common/stack_trace.cpp:173	    [10] /home/heff/CryLo/electron/bin/linux/CryLo-wallet-rpc(+0x2aa53c) [0x5555e545a53c] 
2026-06-06 02:15:51.250	[RPC0]	INFO	stacktrace	src/common/stack_trace.cpp:173	    [11] /home/heff/CryLo/electron/bin/linux/CryLo-wallet-rpc(+0x2afc50) [0x5555e545fc50] 
2026-06-06 02:15:51.250	[RPC0]	INFO	stacktrace	src/common/stack_trace.cpp:173	    [12] /home/heff/CryLo/electron/bin/linux/CryLo-wallet-rpc(+0x3028f0) [0x5555e54b28f0] 
2026-06-06 02:15:51.250	[RPC0]	INFO	stacktrace	src/common/stack_trace.cpp:173	    [13] /home/heff/CryLo/electron/bin/linux/CryLo-wallet-rpc(+0x155ce4) [0x5555e5305ce4] 
2026-06-06 02:15:51.250	[RPC0]	INFO	stacktrace	src/common/stack_trace.cpp:173	    [14] /home/heff/CryLo/electron/bin/linux/CryLo-wallet-rpc(+0x2388a8) [0x5555e53e88a8] 
2026-06-06 02:15:51.250	[RPC0]	INFO	stacktrace	src/common/stack_trace.cpp:173	    [15] /home/heff/CryLo/electron/bin/linux/CryLo-wallet-rpc(+0x24eab4) [0x5555e53feab4] 
2026-06-06 02:15:51.250	[RPC0]	INFO	stacktrace	src/common/stack_trace.cpp:173	    [16] /home/heff/CryLo/electron/bin/linux/CryLo-wallet-rpc(+0x19c26c) [0x5555e534c26c] 
2026-06-06 02:15:51.250	[RPC0]	INFO	stacktrace	src/common/stack_trace.cpp:173	    [17] /home/heff/CryLo/electron/bin/linux/CryLo-wallet-rpc(+0x2517c0) [0x5555e54017c0] 
2026-06-06 02:15:51.250	[RPC0]	INFO	stacktrace	src/common/stack_trace.cpp:173	    [18] /home/heff/CryLo/electron/bin/linux/CryLo-wallet-rpc(+0x252690) [0x5555e5402690] 
2026-06-06 02:15:51.250	[RPC0]	INFO	stacktrace	src/common/stack_trace.cpp:173	    [19] /home/heff/CryLo/electron/bin/linux/CryLo-wallet-rpc(+0x253388) [0x5555e5403388] 
2026-06-06 02:15:51.250	[RPC0]	INFO	stacktrace	src/common/stack_trace.cpp:173	    [20] /home/heff/CryLo/electron/bin/linux/CryLo-wallet-rpc(+0x253478) [0x5555e5403478] 
2026-06-06 02:15:51.250	[RPC0]	INFO	stacktrace	src/common/stack_trace.cpp:173	    [21] /home/heff/CryLo/electron/bin/linux/CryLo-wallet-rpc(+0x1877b4) [0x5555e53377b4] 
2026-06-06 02:15:51.250	[RPC0]	INFO	stacktrace	src/common/stack_trace.cpp:173	    [22] /home/heff/CryLo/electron/bin/linux/CryLo-wallet-rpc(+0x18847c) [0x5555e533847c] 
2026-06-06 02:15:51.250	[RPC0]	INFO	stacktrace	src/common/stack_trace.cpp:173	    [23] /home/heff/CryLo/electron/bin/linux/CryLo-wallet-rpc(+0x135ab4) [0x5555e52e5ab4] 
2026-06-06 02:15:51.250	[RPC0]	INFO	stacktrace	src/common/stack_trace.cpp:173	    [24] /home/heff/CryLo/electron/bin/linux/CryLo-wallet-rpc(+0x1a4080) [0x5555e5354080] 
2026-06-06 02:15:51.250	[RPC0]	INFO	stacktrace	src/common/stack_trace.cpp:173	    [25]  0xa6e8) [0x7fffb3afa6e8]:_thread.so.1.74.0(+0xa6e8) [0x7fffb3afa6e8]
2026-06-06 02:15:51.250	[RPC0]	INFO	stacktrace	src/common/stack_trace.cpp:173	    [26] /lib/aarch64-linux-gnu/libc.so.6(+0x82030) [0x7fffb2dd2030] 
2026-06-06 02:15:51.250	[RPC0]	INFO	stacktrace	src/common/stack_trace.cpp:173	    [27] /lib/aarch64-linux-gnu/libc.so.6(+0xebf1c) [0x7fffb2e3bf1c] 
2026-06-06 02:15:51.250	[RPC0]	INFO	stacktrace	src/common/stack_trace.cpp:173	
2026-06-06 02:15:52.143	[RPC0]	INFO	randomx	contrib/epee/src/mlog.cpp:517	RandomX secondary cache updated
2026-06-06 02:15:52.143	[RPC0]	INFO	stacktrace	src/common/stack_trace.cpp:134	Exception: std::bad_alloc
2026-06-06 02:15:52.143	[RPC0]	INFO	stacktrace	src/common/stack_trace.cpp:135	Unwound call stack:
2026-06-06 02:15:52.143	[RPC0]	INFO	stacktrace	src/common/stack_trace.cpp:173	    [1]  0xcc) [0x5555e52bb294]:__cxa_throw+0xcc) [0x5555e52bb294]
2026-06-06 02:15:52.143	[RPC0]	INFO	stacktrace	src/common/stack_trace.cpp:173	    [2] /home/heff/CryLo/electron/bin/linux/CryLo-wallet-rpc(+0x6b8ab4) [0x5555e5868ab4] 
2026-06-06 02:15:52.143	[RPC0]	INFO	stacktrace	src/common/stack_trace.cpp:173	    [3] /home/heff/CryLo/electron/bin/linux/CryLo-wallet-rpc(+0x6b293c) [0x5555e586293c] 
2026-06-06 02:15:52.143	[RPC0]	INFO	stacktrace	src/common/stack_trace.cpp:173	    [4] /home/heff/CryLo/electron/bin/linux/CryLo-wallet-rpc(+0x6af8a0) [0x5555e585f8a0] 
2026-06-06 02:15:52.143	[RPC0]	INFO	stacktrace	src/common/stack_trace.cpp:173	    [5] /home/heff/CryLo/electron/bin/linux/CryLo-wallet-rpc(+0x4d6328) [0x5555e5686328] 
2026-06-06 02:15:52.143	[RPC0]	INFO	stacktrace	src/common/stack_trace.cpp:173	    [6] /home/heff/CryLo/electron/bin/linux/CryLo-wallet-rpc(+0x4d716c) [0x5555e568716c] 
2026-06-06 02:15:52.143	[RPC0]	INFO	stacktrace	src/common/stack_trace.cpp:173	    [7] /home/heff/CryLo/electron/bin/linux/CryLo-wallet-rpc(+0x445918) [0x5555e55f5918] 
2026-06-06 02:15:52.143	[RPC0]	INFO	stacktrace	src/common/stack_trace.cpp:173	    [8] /home/heff/CryLo/electron/bin/linux/CryLo-wallet-rpc(+0x445aac) [0x5555e55f5aac] 
2026-06-06 02:15:52.143	[RPC0]	INFO	stacktrace	src/common/stack_trace.cpp:173	    [9] /home/heff/CryLo/electron/bin/linux/CryLo-wallet-rpc(+0x5bb778) [0x5555e576b778] 
2026-06-06 02:15:52.143	[RPC0]	INFO	stacktrace	src/common/stack_trace.cpp:173	    [10] /home/heff/CryLo/electron/bin/linux/CryLo-wallet-rpc(+0x44a028) [0x5555e55fa028] 
2026-06-06 02:15:52.143	[RPC0]	INFO	stacktrace	src/common/stack_trace.cpp:173	    [11] /home/heff/CryLo/electron/bin/linux/CryLo-wallet-rpc(+0x2aa53c) [0x5555e545a53c] 
2026-06-06 02:15:52.143	[RPC0]	INFO	stacktrace	src/common/stack_trace.cpp:173	    [12] /home/heff/CryLo/electron/bin/linux/CryLo-wallet-rpc(+0x2afc50) [0x5555e545fc50] 
2026-06-06 02:15:52.143	[RPC0]	INFO	stacktrace	src/common/stack_trace.cpp:173	    [13] /home/heff/CryLo/electron/bin/linux/CryLo-wallet-rpc(+0x3028f0) [0x5555e54b28f0] 
2026-06-06 02:15:52.143	[RPC0]	INFO	stacktrace	src/common/stack_trace.cpp:173	    [14] /home/heff/CryLo/electron/bin/linux/CryLo-wallet-rpc(+0x155ce4) [0x5555e5305ce4] 
2026-06-06 02:15:52.143	[RPC0]	INFO	stacktrace	src/common/stack_trace.cpp:173	    [15] /home/heff/CryLo/electron/bin/linux/CryLo-wallet-rpc(+0x2388a8) [0x5555e53e88a8] 
2026-06-06 02:15:52.143	[RPC0]	INFO	stacktrace	src/common/stack_trace.cpp:173	    [16] /home/heff/CryLo/electron/bin/linux/CryLo-wallet-rpc(+0x24eab4) [0x5555e53feab4] 
2026-06-06 02:15:52.143	[RPC0]	INFO	stacktrace	src/common/stack_trace.cpp:173	    [17] /home/heff/CryLo/electron/bin/linux/CryLo-wallet-rpc(+0x19c26c) [0x5555e534c26c] 
2026-06-06 02:15:52.143	[RPC0]	INFO	stacktrace	src/common/stack_trace.cpp:173	    [18] /home/heff/CryLo/electron/bin/linux/CryLo-wallet-rpc(+0x2517c0) [0x5555e54017c0] 
2026-06-06 02:15:52.143	[RPC0]	INFO	stacktrace	src/common/stack_trace.cpp:173	    [19] /home/heff/CryLo/electron/bin/linux/CryLo-wallet-rpc(+0x252690) [0x5555e5402690] 
2026-06-06 02:15:52.143	[RPC0]	INFO	stacktrace	src/common/stack_trace.cpp:173	    [20] /home/heff/CryLo/electron/bin/linux/CryLo-wallet-rpc(+0x253388) [0x5555e5403388] 
2026-06-06 02:15:52.143	[RPC0]	INFO	stacktrace	src/common/stack_trace.cpp:173	    [21] /home/heff/CryLo/electron/bin/linux/CryLo-wallet-rpc(+0x253478) [0x5555e5403478] 
2026-06-06 02:15:52.143	[RPC0]	INFO	stacktrace	src/common/stack_trace.cpp:173	    [22] /home/heff/CryLo/electron/bin/linux/CryLo-wallet-rpc(+0x1877b4) [0x5555e53377b4] 
2026-06-06 02:15:52.143	[RPC0]	INFO	stacktrace	src/common/stack_trace.cpp:173	    [23] /home/heff/CryLo/electron/bin/linux/CryLo-wallet-rpc(+0x18847c) [0x5555e533847c] 
2026-06-06 02:15:52.143	[RPC0]	INFO	stacktrace	src/common/stack_trace.cpp:173	    [24] /home/heff/CryLo/electron/bin/linux/CryLo-wallet-rpc(+0x135ab4) [0x5555e52e5ab4] 
2026-06-06 02:15:52.143	[RPC0]	INFO	stacktrace	src/common/stack_trace.cpp:173	    [25] /home/heff/CryLo/electron/bin/linux/CryLo-wallet-rpc(+0x1a4080) [0x5555e5354080] 
2026-06-06 02:15:52.143	[RPC0]	INFO	stacktrace	src/common/stack_trace.cpp:173	    [26]  0xa6e8) [0x7fffb3afa6e8]:_thread.so.1.74.0(+0xa6e8) [0x7fffb3afa6e8]
2026-06-06 02:15:52.143	[RPC0]	INFO	stacktrace	src/common/stack_trace.cpp:173	    [27] /lib/aarch64-linux-gnu/libc.so.6(+0x82030) [0x7fffb2dd2030] 
2026-06-06 02:15:52.143	[RPC0]	INFO	stacktrace	src/common/stack_trace.cpp:173	    [28] /lib/aarch64-linux-gnu/libc.so.6(+0xebf1c) [0x7fffb2e3bf1c] 
2026-06-06 02:15:52.143	[RPC0]	INFO	stacktrace	src/common/stack_trace.cpp:173	
2026-06-06 02:15:52.178	[RPC0]	INFO	net	contrib/epee/src/net_parse_helpers.cpp:144	[PARSE URI] regex not matched for uri: ^(([^:]*?)://)?(\[(.*)\](:(\d+))?)(.*)?
2026-06-06 02:15:52.221	[RPC0]	INFO	net.ssl	contrib/epee/src/net_ssl.cpp:145	Generating SSL certificate
2026-06-06 02:15:55.662	[RPC0]	ERROR	serialization	contrib/epee/src/portable_storage.cpp:100	portable_storage: wrong binary format - signature mismatch
2026-06-06 02:15:55.686	[RPC0]	ERROR	serialization	contrib/epee/src/portable_storage.cpp:100	portable_storage: wrong binary format - signature mismatch
2026-06-06 02:15:55.686	[RPC0]	ERROR	wallet.wallet2	src/wallet/wallet2.cpp:5349	!r. THROW EXCEPTION: error::invalid_password
2026-06-06 02:15:55.686	[RPC0]	WARNING	net.http	src/wallet/wallet_errors.h:996	/home/heff/CryLo/src/wallet/wallet2.cpp:5349:N5tools5error16invalid_passwordE: invalid password
2026-06-06 02:15:55.686	[RPC0]	INFO	stacktrace	src/common/stack_trace.cpp:134	Exception: tools::error::invalid_password
2026-06-06 02:15:55.686	[RPC0]	INFO	stacktrace	src/common/stack_trace.cpp:135	Unwound call stack:
2026-06-06 02:15:55.687	[RPC0]	INFO	stacktrace	src/common/stack_trace.cpp:173	    [1]  0xcc) [0x5555e52bb294]:__cxa_throw+0xcc) [0x5555e52bb294]
2026-06-06 02:15:55.687	[RPC0]	INFO	stacktrace	src/common/stack_trace.cpp:173	    [2] /home/heff/CryLo/electron/bin/linux/CryLo-wallet-rpc(+0x35b624) [0x5555e550b624] 
2026-06-06 02:15:55.687	[RPC0]	INFO	stacktrace	src/common/stack_trace.cpp:173	    [3] /home/heff/CryLo/electron/bin/linux/CryLo-wallet-rpc(+0x2c530c) [0x5555e547530c] 
2026-06-06 02:15:55.687	[RPC0]	INFO	stacktrace	src/common/stack_trace.cpp:173	    [4] /home/heff/CryLo/electron/bin/linux/CryLo-wallet-rpc(+0x2d3d24) [0x5555e5483d24] 
2026-06-06 02:15:55.687	[RPC0]	INFO	stacktrace	src/common/stack_trace.cpp:173	    [5] /home/heff/CryLo/electron/bin/linux/CryLo-wallet-rpc(+0x301e5c) [0x5555e54b1e5c] 
2026-06-06 02:15:55.687	[RPC0]	INFO	stacktrace	src/common/stack_trace.cpp:173	    [6] /home/heff/CryLo/electron/bin/linux/CryLo-wallet-rpc(+0x30296c) [0x5555e54b296c] 
2026-06-06 02:15:55.687	[RPC0]	INFO	stacktrace	src/common/stack_trace.cpp:173	    [7] /home/heff/CryLo/electron/bin/linux/CryLo-wallet-rpc(+0x155ce4) [0x5555e5305ce4] 
2026-06-06 02:15:55.687	[RPC0]	INFO	stacktrace	src/common/stack_trace.cpp:173	    [8] /home/heff/CryLo/electron/bin/linux/CryLo-wallet-rpc(+0x2388a8) [0x5555e53e88a8] 
2026-06-06 02:15:55.687	[RPC0]	INFO	stacktrace	src/common/stack_trace.cpp:173	    [9] /home/heff/CryLo/electron/bin/linux/CryLo-wallet-rpc(+0x24eab4) [0x5555e53feab4] 
2026-06-06 02:15:55.687	[RPC0]	INFO	stacktrace	src/common/stack_trace.cpp:173	    [10] /home/heff/CryLo/electron/bin/linux/CryLo-wallet-rpc(+0x19c26c) [0x5555e534c26c] 
2026-06-06 02:15:55.687	[RPC0]	INFO	stacktrace	src/common/stack_trace.cpp:173	    [11] /home/heff/CryLo/electron/bin/linux/CryLo-wallet-rpc(+0x2517c0) [0x5555e54017c0] 
2026-06-06 02:15:55.687	[RPC0]	INFO	stacktrace	src/common/stack_trace.cpp:173	    [12] /home/heff/CryLo/electron/bin/linux/CryLo-wallet-rpc(+0x252690) [0x5555e5402690] 
2026-06-06 02:15:55.687	[RPC0]	INFO	stacktrace	src/common/stack_trace.cpp:173	    [13] /home/heff/CryLo/electron/bin/linux/CryLo-wallet-rpc(+0x253388) [0x5555e5403388] 
2026-06-06 02:15:55.687	[RPC0]	INFO	stacktrace	src/common/stack_trace.cpp:173	    [14] /home/heff/CryLo/electron/bin/linux/CryLo-wallet-rpc(+0x253478) [0x5555e5403478] 
2026-06-06 02:15:55.687	[RPC0]	INFO	stacktrace	src/common/stack_trace.cpp:173	    [15] /home/heff/CryLo/electron/bin/linux/CryLo-wallet-rpc(+0x1877b4) [0x5555e53377b4] 
2026-06-06 02:15:55.687	[RPC0]	INFO	stacktrace	src/common/stack_trace.cpp:173	    [16] /home/heff/CryLo/electron/bin/linux/CryLo-wallet-rpc(+0x18847c) [0x5555e533847c] 
2026-06-06 02:15:55.687	[RPC0]	INFO	stacktrace	src/common/stack_trace.cpp:173	    [17] /home/heff/CryLo/electron/bin/linux/CryLo-wallet-rpc(+0x135ab4) [0x5555e52e5ab4] 
2026-06-06 02:15:55.687	[RPC0]	INFO	stacktrace	src/common/stack_trace.cpp:173	    [18] /home/heff/CryLo/electron/bin/linux/CryLo-wallet-rpc(+0x1a4080) [0x5555e5354080] 
2026-06-06 02:15:55.687	[RPC0]	INFO	stacktrace	src/common/stack_trace.cpp:173	    [19]  0xa6e8) [0x7fffb3afa6e8]:_thread.so.1.74.0(+0xa6e8) [0x7fffb3afa6e8]
2026-06-06 02:15:55.687	[RPC0]	INFO	stacktrace	src/common/stack_trace.cpp:173	    [20] /lib/aarch64-linux-gnu/libc.so.6(+0x82030) [0x7fffb2dd2030] 
2026-06-06 02:15:55.687	[RPC0]	INFO	stacktrace	src/common/stack_trace.cpp:173	    [21] /lib/aarch64-linux-gnu/libc.so.6(+0xebf1c) [0x7fffb2e3bf1c] 
2026-06-06 02:15:55.687	[RPC0]	INFO	stacktrace	src/common/stack_trace.cpp:173	
2026-06-06 02:16:19.013	[RPC0]	INFO	wallet.rpc	src/wallet/wallet_rpc_server.h:68	HTTP [127.0.0.1] POST /json_rpc
2026-06-06 02:16:19.013	[RPC0]	INFO	wallet.rpc	src/wallet/wallet_rpc_server.h:146	[127.0.0.1:38428 INC] Calling RPC method close_wallet
2026-06-06 02:16:19.016	[RPC0]	INFO	wallet.rpc	src/wallet/wallet_rpc_server.h:68	HTTP [127.0.0.1] POST /json_rpc
2026-06-06 02:16:19.016	[RPC0]	INFO	wallet.rpc	src/wallet/wallet_rpc_server.h:145	[127.0.0.1:38428 INC] Calling RPC method open_wallet
2026-06-06 02:16:19.016	[RPC0]	INFO	net	contrib/epee/src/net_parse_helpers.cpp:144	[PARSE URI] regex not matched for uri: ^(([^:]*?)://)?(\[(.*)\](:(\d+))?)(.*)?
2026-06-06 02:16:19.016	[RPC0]	INFO	wallet.wallet2	src/wallet/wallet2.cpp:458	Daemon is local, assuming trusted
2026-06-06 02:16:19.018	[RPC0]	INFO	wallet.wallet2	src/wallet/wallet2.cpp:1428	setting daemon to 127.0.0.1:22641
2026-06-06 02:16:19.019	[RPC0]	INFO	net	contrib/epee/src/net_parse_helpers.cpp:144	[PARSE URI] regex not matched for uri: ^(([^:]*?)://)?(\[(.*)\](:(\d+))?)(.*)?
2026-06-06 02:16:19.086	[RPC0]	INFO	net.ssl	contrib/epee/src/net_ssl.cpp:145	Generating SSL certificate
2026-06-06 02:16:24.277	[RPC0]	INFO	wallet.wallet2	src/wallet/wallet2.cpp:8795	ringdb path set to /home/heff/.wow-shared-ringdb/testnet
2026-06-06 02:16:24.310	[RPC0]	INFO	net	contrib/epee/src/net_parse_helpers.cpp:144	[PARSE URI] regex not matched for uri: ^(([^:]*?)://)?(\[(.*)\](:(\d+))?)(.*)?
2026-06-06 02:16:24.353	[RPC0]	INFO	net.ssl	contrib/epee/src/net_ssl.cpp:145	Generating SSL certificate
2026-06-06 02:16:29.455	[RPC0]	ERROR	serialization	contrib/epee/src/portable_storage.cpp:100	portable_storage: wrong binary format - signature mismatch
2026-06-06 02:16:29.479	[RPC0]	ERROR	serialization	contrib/epee/src/portable_storage.cpp:100	portable_storage: wrong binary format - signature mismatch
2026-06-06 02:16:29.479	[RPC0]	ERROR	wallet.wallet2	src/wallet/wallet2.cpp:5349	!r. THROW EXCEPTION: error::invalid_password
2026-06-06 02:16:29.479	[RPC0]	WARNING	net.http	src/wallet/wallet_errors.h:996	/home/heff/CryLo/src/wallet/wallet2.cpp:5349:N5tools5error16invalid_passwordE: invalid password
2026-06-06 02:16:29.479	[RPC0]	INFO	stacktrace	src/common/stack_trace.cpp:134	Exception: tools::error::invalid_password
2026-06-06 02:16:29.479	[RPC0]	INFO	stacktrace	src/common/stack_trace.cpp:135	Unwound call stack:
2026-06-06 02:16:29.479	[RPC0]	INFO	stacktrace	src/common/stack_trace.cpp:173	    [1]  0xcc) [0x5555e52bb294]:__cxa_throw+0xcc) [0x5555e52bb294]
2026-06-06 02:16:29.479	[RPC0]	INFO	stacktrace	src/common/stack_trace.cpp:173	    [2] /home/heff/CryLo/electron/bin/linux/CryLo-wallet-rpc(+0x35b624) [0x5555e550b624] 
2026-06-06 02:16:29.479	[RPC0]	INFO	stacktrace	src/common/stack_trace.cpp:173	    [3] /home/heff/CryLo/electron/bin/linux/CryLo-wallet-rpc(+0x2c530c) [0x5555e547530c] 
2026-06-06 02:16:29.479	[RPC0]	INFO	stacktrace	src/common/stack_trace.cpp:173	    [4] /home/heff/CryLo/electron/bin/linux/CryLo-wallet-rpc(+0x2d3d24) [0x5555e5483d24] 
2026-06-06 02:16:29.479	[RPC0]	INFO	stacktrace	src/common/stack_trace.cpp:173	    [5] /home/heff/CryLo/electron/bin/linux/CryLo-wallet-rpc(+0x301e5c) [0x5555e54b1e5c] 
2026-06-06 02:16:29.479	[RPC0]	INFO	stacktrace	src/common/stack_trace.cpp:173	    [6] /home/heff/CryLo/electron/bin/linux/CryLo-wallet-rpc(+0x30296c) [0x5555e54b296c] 
2026-06-06 02:16:29.479	[RPC0]	INFO	stacktrace	src/common/stack_trace.cpp:173	    [7] /home/heff/CryLo/electron/bin/linux/CryLo-wallet-rpc(+0x155ce4) [0x5555e5305ce4] 
2026-06-06 02:16:29.479	[RPC0]	INFO	stacktrace	src/common/stack_trace.cpp:173	    [8] /home/heff/CryLo/electron/bin/linux/CryLo-wallet-rpc(+0x2388a8) [0x5555e53e88a8] 
2026-06-06 02:16:29.479	[RPC0]	INFO	stacktrace	src/common/stack_trace.cpp:173	    [9] /home/heff/CryLo/electron/bin/linux/CryLo-wallet-rpc(+0x24eab4) [0x5555e53feab4] 
2026-06-06 02:16:29.479	[RPC0]	INFO	stacktrace	src/common/stack_trace.cpp:173	    [10] /home/heff/CryLo/electron/bin/linux/CryLo-wallet-rpc(+0x19c26c) [0x5555e534c26c] 
2026-06-06 02:16:29.479	[RPC0]	INFO	stacktrace	src/common/stack_trace.cpp:173	    [11] /home/heff/CryLo/electron/bin/linux/CryLo-wallet-rpc(+0x2517c0) [0x5555e54017c0] 
2026-06-06 02:16:29.479	[RPC0]	INFO	stacktrace	src/common/stack_trace.cpp:173	    [12] /home/heff/CryLo/electron/bin/linux/CryLo-wallet-rpc(+0x252690) [0x5555e5402690] 
2026-06-06 02:16:29.479	[RPC0]	INFO	stacktrace	src/common/stack_trace.cpp:173	    [13] /home/heff/CryLo/electron/bin/linux/CryLo-wallet-rpc(+0x253388) [0x5555e5403388] 
2026-06-06 02:16:29.479	[RPC0]	INFO	stacktrace	src/common/stack_trace.cpp:173	    [14] /home/heff/CryLo/electron/bin/linux/CryLo-wallet-rpc(+0x253478) [0x5555e5403478] 
2026-06-06 02:16:29.479	[RPC0]	INFO	stacktrace	src/common/stack_trace.cpp:173	    [15] /home/heff/CryLo/electron/bin/linux/CryLo-wallet-rpc(+0x1877b4) [0x5555e53377b4] 
2026-06-06 02:16:29.479	[RPC0]	INFO	stacktrace	src/common/stack_trace.cpp:173	    [16] /home/heff/CryLo/electron/bin/linux/CryLo-wallet-rpc(+0x18847c) [0x5555e533847c] 
2026-06-06 02:16:29.479	[RPC0]	INFO	stacktrace	src/common/stack_trace.cpp:173	    [17] /home/heff/CryLo/electron/bin/linux/CryLo-wallet-rpc(+0x135ab4) [0x5555e52e5ab4] 
2026-06-06 02:16:29.479	[RPC0]	INFO	stacktrace	src/common/stack_trace.cpp:173	    [18] /home/heff/CryLo/electron/bin/linux/CryLo-wallet-rpc(+0x1a4080) [0x5555e5354080] 
2026-06-06 02:16:29.479	[RPC0]	INFO	stacktrace	src/common/stack_trace.cpp:173	    [19]  0xa6e8) [0x7fffb3afa6e8]:_thread.so.1.74.0(+0xa6e8) [0x7fffb3afa6e8]
2026-06-06 02:16:29.479	[RPC0]	INFO	stacktrace	src/common/stack_trace.cpp:173	    [20] /lib/aarch64-linux-gnu/libc.so.6(+0x82030) [0x7fffb2dd2030] 
2026-06-06 02:16:29.479	[RPC0]	INFO	stacktrace	src/common/stack_trace.cpp:173	    [21] /lib/aarch64-linux-gnu/libc.so.6(+0xebf1c) [0x7fffb2e3bf1c] 
2026-06-06 02:16:29.479	[RPC0]	INFO	stacktrace	src/common/stack_trace.cpp:173	
2026-06-06 02:16:49.764	[SRV_MAIN]	INFO	net.http	contrib/epee/include/net/http_server_impl_base.h:118	net_service loop stopped.
2026-06-06 02:16:49.764	[SRV_MAIN]	WARNING	wallet.rpc	src/wallet/wallet_rpc_server.cpp:4996	Stopped wallet RPC server
2026-06-06 02:16:49.764	[SRV_MAIN]	WARNING	wallet.rpc	src/wallet/wallet_rpc_server.cpp:4999	Saving wallet...
2026-06-06 02:16:49.764	[SRV_MAIN]	WARNING	wallet.rpc	src/wallet/wallet_rpc_server.cpp:5001	Successfully saved
2026-06-06 02:25:22.481	    7ffed02bac40	INFO	logging	contrib/epee/src/mlog.cpp:274	New log categories: *:WARNING,net:FATAL,net.http:FATAL,net.ssl:FATAL,net.p2p:FATAL,net.cn:FATAL,daemon.rpc:FATAL,global:INFO,verify:FATAL,serialization:FATAL,daemon.rpc.payment:ERROR,stacktrace:INFO,logging:INFO,msgwriter:INFO
2026-06-06 02:25:22.481	    7ffed02bac40	INFO	logging	contrib/epee/src/mlog.cpp:274	New log categories: *:INFO,global:INFO,stacktrace:INFO,logging:INFO,msgwriter:INFO,perf.*:DEBUG
2026-06-06 02:25:22.482	    7ffed02bac40	INFO	msgwriter	src/common/scoped_message_writer.h:102	This is the RPC CryLo Chain wallet. It needs to connect to a CryLo Chain
2026-06-06 02:25:22.482	    7ffed02bac40	INFO	msgwriter	src/common/scoped_message_writer.h:102	daemon to work correctly.
2026-06-06 02:25:22.482	    7ffed02bac40	INFO	msgwriter	src/common/scoped_message_writer.h:102	CryLo Chain 'Testnet' (v1.0.0-0e4839628)
2026-06-06 02:25:22.482	    7ffed02bac40	INFO	wallet.wallet2	src/wallet/wallet_args.cpp:215	Setting log level = 1
2026-06-06 02:25:22.482	    7ffed02bac40	INFO	wallet.wallet2	src/wallet/wallet_args.cpp:221	Logging to: /home/heff/CryLo/electron/bin/linux/CryLo-wallet-rpc.log
2026-06-06 02:25:22.482	    7ffed02bac40	INFO	msgwriter	src/common/scoped_message_writer.h:102	Logging to /home/heff/CryLo/electron/bin/linux/CryLo-wallet-rpc.log
2026-06-06 02:25:22.487	    7ffed02bac40	INFO	net	contrib/epee/include/net/abstract_tcp_server2.inl:1390	Set server type to: 1 from name: RPC, prefix_name = RPC
2026-06-06 02:25:22.487	    7ffed02bac40	INFO	global	contrib/epee/include/net/http_server_impl_base.h:94	Binding on 127.0.0.1 (IPv4):22643
2026-06-06 02:25:22.556	    7ffed02bac40	INFO	net.ssl	contrib/epee/src/net_ssl.cpp:145	Generating SSL certificate
2026-06-06 02:25:25.958	    7ffed02bac40	WARNING	wallet.rpc	src/wallet/wallet_rpc_server.cpp:4986	Starting wallet RPC server
2026-06-06 02:25:25.959	    7ffed02bac40	INFO	net.http	contrib/epee/include/net/http_server_impl_base.h:111	Run net_service loop( 1 threads)...
2026-06-06 02:25:26.495	[RPC0]	INFO	wallet.rpc	src/wallet/wallet_rpc_server.h:68	HTTP [127.0.0.1] POST /json_rpc
2026-06-06 02:25:26.495	[RPC0]	INFO	wallet.rpc	src/wallet/wallet_rpc_server.h:143	[127.0.0.1:37342 INC] Calling RPC method get_languages
2026-06-06 02:25:26.504	[RPC0]	INFO	default	src/mnemonics/language_base.h:132	Español word 'asa' is shorter than its prefix length, 4
2026-06-06 02:25:26.504	[RPC0]	INFO	default	src/mnemonics/language_base.h:132	Español word 'ave' is shorter than its prefix length, 4
2026-06-06 02:25:26.504	[RPC0]	INFO	default	src/mnemonics/language_base.h:132	Español word 'boa' is shorter than its prefix length, 4
2026-06-06 02:25:26.504	[RPC0]	INFO	default	src/mnemonics/language_base.h:132	Español word 'cal' is shorter than its prefix length, 4
2026-06-06 02:25:26.505	[RPC0]	INFO	default	src/mnemonics/language_base.h:132	Español word 'dar' is shorter than its prefix length, 4
2026-06-06 02:25:26.505	[RPC0]	INFO	default	src/mnemonics/language_base.h:132	Español word 'don' is shorter than its prefix length, 4
2026-06-06 02:25:26.505	[RPC0]	INFO	default	src/mnemonics/language_base.h:132	Español word 'dos' is shorter than its prefix length, 4
2026-06-06 02:25:26.505	[RPC0]	INFO	default	src/mnemonics/language_base.h:132	Español word 'eco' is shorter than its prefix length, 4
2026-06-06 02:25:26.505	[RPC0]	INFO	default	src/mnemonics/language_base.h:132	Español word 'eje' is shorter than its prefix length, 4
2026-06-06 02:25:26.505	[RPC0]	INFO	default	src/mnemonics/language_base.h:132	Español word 'fax' is shorter than its prefix length, 4
2026-06-06 02:25:26.505	[RPC0]	INFO	default	src/mnemonics/language_base.h:132	Español word 'feo' is shorter than its prefix length, 4
2026-06-06 02:25:26.505	[RPC0]	INFO	default	src/mnemonics/language_base.h:132	Español word 'fin' is shorter than its prefix length, 4
2026-06-06 02:25:26.506	[RPC0]	INFO	default	src/mnemonics/language_base.h:132	Español word 'gen' is shorter than its prefix length, 4
2026-06-06 02:25:26.506	[RPC0]	INFO	default	src/mnemonics/language_base.h:132	Español word 'gol' is shorter than its prefix length, 4
2026-06-06 02:25:26.506	[RPC0]	INFO	default	src/mnemonics/language_base.h:132	Español word 'haz' is shorter than its prefix length, 4
2026-06-06 02:25:26.506	[RPC0]	INFO	default	src/mnemonics/language_base.h:132	Español word 'ira' is shorter than its prefix length, 4
2026-06-06 02:25:26.506	[RPC0]	INFO	default	src/mnemonics/language_base.h:132	Español word 'luz' is shorter than its prefix length, 4
2026-06-06 02:25:26.507	[RPC0]	INFO	default	src/mnemonics/language_base.h:132	Español word 'mar' is shorter than its prefix length, 4
2026-06-06 02:25:26.507	[RPC0]	INFO	default	src/mnemonics/language_base.h:132	Español word 'mes' is shorter than its prefix length, 4
2026-06-06 02:25:26.507	[RPC0]	INFO	default	src/mnemonics/language_base.h:132	Español word 'mil' is shorter than its prefix length, 4
2026-06-06 02:25:26.507	[RPC0]	INFO	default	src/mnemonics/language_base.h:132	Español word 'oca' is shorter than its prefix length, 4
2026-06-06 02:25:26.507	[RPC0]	INFO	default	src/mnemonics/language_base.h:132	Español word 'ojo' is shorter than its prefix length, 4
2026-06-06 02:25:26.507	[RPC0]	INFO	default	src/mnemonics/language_base.h:132	Español word 'ola' is shorter than its prefix length, 4
2026-06-06 02:25:26.507	[RPC0]	INFO	default	src/mnemonics/language_base.h:132	Español word 'oro' is shorter than its prefix length, 4
2026-06-06 02:25:26.507	[RPC0]	INFO	default	src/mnemonics/language_base.h:132	Español word 'oso' is shorter than its prefix length, 4
2026-06-06 02:25:26.507	[RPC0]	INFO	default	src/mnemonics/language_base.h:132	Español word 'pan' is shorter than its prefix length, 4
2026-06-06 02:25:26.508	[RPC0]	INFO	default	src/mnemonics/language_base.h:132	Español word 'pez' is shorter than its prefix length, 4
2026-06-06 02:25:26.508	[RPC0]	INFO	default	src/mnemonics/language_base.h:132	Español word 'pie' is shorter than its prefix length, 4
2026-06-06 02:25:26.508	[RPC0]	INFO	default	src/mnemonics/language_base.h:132	Español word 'red' is shorter than its prefix length, 4
2026-06-06 02:25:26.508	[RPC0]	INFO	default	src/mnemonics/language_base.h:132	Español word 'res' is shorter than its prefix length, 4
2026-06-06 02:25:26.508	[RPC0]	INFO	default	src/mnemonics/language_base.h:132	Español word 'rey' is shorter than its prefix length, 4
2026-06-06 02:25:37.909	[RPC0]	INFO	wallet.rpc	src/wallet/wallet_rpc_server.h:68	HTTP [127.0.0.1] POST /json_rpc
2026-06-06 02:25:37.909	[RPC0]	INFO	wallet.rpc	src/wallet/wallet_rpc_server.h:146	[127.0.0.1:54266 INC] Calling RPC method close_wallet
2026-06-06 02:25:37.913	[RPC0]	INFO	wallet.rpc	src/wallet/wallet_rpc_server.h:68	HTTP [127.0.0.1] POST /json_rpc
2026-06-06 02:25:37.913	[RPC0]	INFO	wallet.rpc	src/wallet/wallet_rpc_server.h:145	[127.0.0.1:54266 INC] Calling RPC method open_wallet
2026-06-06 02:25:37.913	[RPC0]	INFO	net	contrib/epee/src/net_parse_helpers.cpp:144	[PARSE URI] regex not matched for uri: ^(([^:]*?)://)?(\[(.*)\](:(\d+))?)(.*)?
2026-06-06 02:25:37.914	[RPC0]	INFO	wallet.wallet2	src/wallet/wallet2.cpp:458	Daemon is local, assuming trusted
2026-06-06 02:25:37.915	[RPC0]	INFO	wallet.wallet2	src/wallet/wallet2.cpp:1428	setting daemon to 127.0.0.1:22641
2026-06-06 02:25:37.915	[RPC0]	INFO	net	contrib/epee/src/net_parse_helpers.cpp:144	[PARSE URI] regex not matched for uri: ^(([^:]*?)://)?(\[(.*)\](:(\d+))?)(.*)?
2026-06-06 02:25:37.978	[RPC0]	INFO	net.ssl	contrib/epee/src/net_ssl.cpp:145	Generating SSL certificate
2026-06-06 02:25:41.784	[RPC0]	INFO	wallet.wallet2	src/wallet/wallet2.cpp:8795	ringdb path set to /home/heff/.wow-shared-ringdb/testnet
2026-06-06 02:25:41.785	[RPC0]	INFO	randomx	contrib/epee/src/mlog.cpp:517	RandomX new secondary seed hash is 0000000000000000000000000000000000000000000000000000000000000000
2026-06-06 02:25:41.785	[RPC0]	INFO	stacktrace	src/common/stack_trace.cpp:134	Exception: std::bad_alloc
2026-06-06 02:25:41.785	[RPC0]	INFO	stacktrace	src/common/stack_trace.cpp:135	Unwound call stack:
2026-06-06 02:25:41.785	[RPC0]	INFO	stacktrace	src/common/stack_trace.cpp:173	    [1]  0xcc) [0x5555de0eb294]:__cxa_throw+0xcc) [0x5555de0eb294]
2026-06-06 02:25:41.785	[RPC0]	INFO	stacktrace	src/common/stack_trace.cpp:173	    [2] /home/heff/CryLo/electron/bin/linux/CryLo-wallet-rpc(+0x6bcd24) [0x5555de69cd24] 
2026-06-06 02:25:41.785	[RPC0]	INFO	stacktrace	src/common/stack_trace.cpp:173	    [3] /home/heff/CryLo/electron/bin/linux/CryLo-wallet-rpc(+0x6b27f0) [0x5555de6927f0] 
2026-06-06 02:25:41.785	[RPC0]	INFO	stacktrace	src/common/stack_trace.cpp:173	    [4] /home/heff/CryLo/electron/bin/linux/CryLo-wallet-rpc(+0x4d681c) [0x5555de4b681c] 
2026-06-06 02:25:41.785	[RPC0]	INFO	stacktrace	src/common/stack_trace.cpp:173	    [5] /home/heff/CryLo/electron/bin/linux/CryLo-wallet-rpc(+0x4d76d4) [0x5555de4b76d4] 
2026-06-06 02:25:41.785	[RPC0]	INFO	stacktrace	src/common/stack_trace.cpp:173	    [6] /home/heff/CryLo/electron/bin/linux/CryLo-wallet-rpc(+0x445918) [0x5555de425918] 
2026-06-06 02:25:41.785	[RPC0]	INFO	stacktrace	src/common/stack_trace.cpp:173	    [7] /home/heff/CryLo/electron/bin/linux/CryLo-wallet-rpc(+0x445aac) [0x5555de425aac] 
2026-06-06 02:25:41.785	[RPC0]	INFO	stacktrace	src/common/stack_trace.cpp:173	    [8] /home/heff/CryLo/electron/bin/linux/CryLo-wallet-rpc(+0x5bc9e8) [0x5555de59c9e8] 
2026-06-06 02:25:41.785	[RPC0]	INFO	stacktrace	src/common/stack_trace.cpp:173	    [9] /home/heff/CryLo/electron/bin/linux/CryLo-wallet-rpc(+0x44a038) [0x5555de42a038] 
2026-06-06 02:25:41.785	[RPC0]	INFO	stacktrace	src/common/stack_trace.cpp:173	    [10] /home/heff/CryLo/electron/bin/linux/CryLo-wallet-rpc(+0x2aa53c) [0x5555de28a53c] 
2026-06-06 02:25:41.785	[RPC0]	INFO	stacktrace	src/common/stack_trace.cpp:173	    [11] /home/heff/CryLo/electron/bin/linux/CryLo-wallet-rpc(+0x2afc50) [0x5555de28fc50] 
2026-06-06 02:25:41.785	[RPC0]	INFO	stacktrace	src/common/stack_trace.cpp:173	    [12] /home/heff/CryLo/electron/bin/linux/CryLo-wallet-rpc(+0x3028f0) [0x5555de2e28f0] 
2026-06-06 02:25:41.785	[RPC0]	INFO	stacktrace	src/common/stack_trace.cpp:173	    [13] /home/heff/CryLo/electron/bin/linux/CryLo-wallet-rpc(+0x155ce4) [0x5555de135ce4] 
2026-06-06 02:25:41.785	[RPC0]	INFO	stacktrace	src/common/stack_trace.cpp:173	    [14] /home/heff/CryLo/electron/bin/linux/CryLo-wallet-rpc(+0x2388a8) [0x5555de2188a8] 
2026-06-06 02:25:41.785	[RPC0]	INFO	stacktrace	src/common/stack_trace.cpp:173	    [15] /home/heff/CryLo/electron/bin/linux/CryLo-wallet-rpc(+0x24eab4) [0x5555de22eab4] 
2026-06-06 02:25:41.785	[RPC0]	INFO	stacktrace	src/common/stack_trace.cpp:173	    [16] /home/heff/CryLo/electron/bin/linux/CryLo-wallet-rpc(+0x19c26c) [0x5555de17c26c] 
2026-06-06 02:25:41.785	[RPC0]	INFO	stacktrace	src/common/stack_trace.cpp:173	    [17] /home/heff/CryLo/electron/bin/linux/CryLo-wallet-rpc(+0x2517c0) [0x5555de2317c0] 
2026-06-06 02:25:41.785	[RPC0]	INFO	stacktrace	src/common/stack_trace.cpp:173	    [18] /home/heff/CryLo/electron/bin/linux/CryLo-wallet-rpc(+0x252690) [0x5555de232690] 
2026-06-06 02:25:41.785	[RPC0]	INFO	stacktrace	src/common/stack_trace.cpp:173	    [19] /home/heff/CryLo/electron/bin/linux/CryLo-wallet-rpc(+0x253388) [0x5555de233388] 
2026-06-06 02:25:41.785	[RPC0]	INFO	stacktrace	src/common/stack_trace.cpp:173	    [20] /home/heff/CryLo/electron/bin/linux/CryLo-wallet-rpc(+0x253478) [0x5555de233478] 
2026-06-06 02:25:41.785	[RPC0]	INFO	stacktrace	src/common/stack_trace.cpp:173	    [21] /home/heff/CryLo/electron/bin/linux/CryLo-wallet-rpc(+0x1877b4) [0x5555de1677b4] 
2026-06-06 02:25:41.785	[RPC0]	INFO	stacktrace	src/common/stack_trace.cpp:173	    [22] /home/heff/CryLo/electron/bin/linux/CryLo-wallet-rpc(+0x18847c) [0x5555de16847c] 
2026-06-06 02:25:41.785	[RPC0]	INFO	stacktrace	src/common/stack_trace.cpp:173	    [23] /home/heff/CryLo/electron/bin/linux/CryLo-wallet-rpc(+0x135ab4) [0x5555de115ab4] 
2026-06-06 02:25:41.785	[RPC0]	INFO	stacktrace	src/common/stack_trace.cpp:173	    [24] /home/heff/CryLo/electron/bin/linux/CryLo-wallet-rpc(+0x1a4080) [0x5555de184080] 
2026-06-06 02:25:41.785	[RPC0]	INFO	stacktrace	src/common/stack_trace.cpp:173	    [25]  0xa6e8) [0x7ffed019a6e8]:_thread.so.1.74.0(+0xa6e8) [0x7ffed019a6e8]
2026-06-06 02:25:41.785	[RPC0]	INFO	stacktrace	src/common/stack_trace.cpp:173	    [26] /lib/aarch64-linux-gnu/libc.so.6(+0x82030) [0x7ffecf472030] 
2026-06-06 02:25:41.785	[RPC0]	INFO	stacktrace	src/common/stack_trace.cpp:173	    [27] /lib/aarch64-linux-gnu/libc.so.6(+0xebf1c) [0x7ffecf4dbf1c] 
2026-06-06 02:25:41.785	[RPC0]	INFO	stacktrace	src/common/stack_trace.cpp:173	
2026-06-06 02:25:42.692	[RPC0]	INFO	randomx	contrib/epee/src/mlog.cpp:517	RandomX secondary cache updated
2026-06-06 02:25:42.692	[RPC0]	INFO	stacktrace	src/common/stack_trace.cpp:134	Exception: std::bad_alloc
2026-06-06 02:25:42.692	[RPC0]	INFO	stacktrace	src/common/stack_trace.cpp:135	Unwound call stack:
2026-06-06 02:25:42.693	[RPC0]	INFO	stacktrace	src/common/stack_trace.cpp:173	    [1]  0xcc) [0x5555de0eb294]:__cxa_throw+0xcc) [0x5555de0eb294]
2026-06-06 02:25:42.693	[RPC0]	INFO	stacktrace	src/common/stack_trace.cpp:173	    [2] /home/heff/CryLo/electron/bin/linux/CryLo-wallet-rpc(+0x6bcd24) [0x5555de69cd24] 
2026-06-06 02:25:42.693	[RPC0]	INFO	stacktrace	src/common/stack_trace.cpp:173	    [3] /home/heff/CryLo/electron/bin/linux/CryLo-wallet-rpc(+0x6b5bac) [0x5555de695bac] 
2026-06-06 02:25:42.693	[RPC0]	INFO	stacktrace	src/common/stack_trace.cpp:173	    [4] /home/heff/CryLo/electron/bin/linux/CryLo-wallet-rpc(+0x6b2b10) [0x5555de692b10] 
2026-06-06 02:25:42.693	[RPC0]	INFO	stacktrace	src/common/stack_trace.cpp:173	    [5] /home/heff/CryLo/electron/bin/linux/CryLo-wallet-rpc(+0x4d65c8) [0x5555de4b65c8] 
2026-06-06 02:25:42.693	[RPC0]	INFO	stacktrace	src/common/stack_trace.cpp:173	    [6] /home/heff/CryLo/electron/bin/linux/CryLo-wallet-rpc(+0x4d740c) [0x5555de4b740c] 
2026-06-06 02:25:42.693	[RPC0]	INFO	stacktrace	src/common/stack_trace.cpp:173	    [7] /home/heff/CryLo/electron/bin/linux/CryLo-wallet-rpc(+0x445918) [0x5555de425918] 
2026-06-06 02:25:42.693	[RPC0]	INFO	stacktrace	src/common/stack_trace.cpp:173	    [8] /home/heff/CryLo/electron/bin/linux/CryLo-wallet-rpc(+0x445aac) [0x5555de425aac] 
2026-06-06 02:25:42.693	[RPC0]	INFO	stacktrace	src/common/stack_trace.cpp:173	    [9] /home/heff/CryLo/electron/bin/linux/CryLo-wallet-rpc(+0x5bc9e8) [0x5555de59c9e8] 
2026-06-06 02:25:42.693	[RPC0]	INFO	stacktrace	src/common/stack_trace.cpp:173	    [10] /home/heff/CryLo/electron/bin/linux/CryLo-wallet-rpc(+0x44a038) [0x5555de42a038] 
2026-06-06 02:25:42.693	[RPC0]	INFO	stacktrace	src/common/stack_trace.cpp:173	    [11] /home/heff/CryLo/electron/bin/linux/CryLo-wallet-rpc(+0x2aa53c) [0x5555de28a53c] 
2026-06-06 02:25:42.693	[RPC0]	INFO	stacktrace	src/common/stack_trace.cpp:173	    [12] /home/heff/CryLo/electron/bin/linux/CryLo-wallet-rpc(+0x2afc50) [0x5555de28fc50] 
2026-06-06 02:25:42.693	[RPC0]	INFO	stacktrace	src/common/stack_trace.cpp:173	    [13] /home/heff/CryLo/electron/bin/linux/CryLo-wallet-rpc(+0x3028f0) [0x5555de2e28f0] 
2026-06-06 02:25:42.693	[RPC0]	INFO	stacktrace	src/common/stack_trace.cpp:173	    [14] /home/heff/CryLo/electron/bin/linux/CryLo-wallet-rpc(+0x155ce4) [0x5555de135ce4] 
2026-06-06 02:25:42.693	[RPC0]	INFO	stacktrace	src/common/stack_trace.cpp:173	    [15] /home/heff/CryLo/electron/bin/linux/CryLo-wallet-rpc(+0x2388a8) [0x5555de2188a8] 
2026-06-06 02:25:42.693	[RPC0]	INFO	stacktrace	src/common/stack_trace.cpp:173	    [16] /home/heff/CryLo/electron/bin/linux/CryLo-wallet-rpc(+0x24eab4) [0x5555de22eab4] 
2026-06-06 02:25:42.693	[RPC0]	INFO	stacktrace	src/common/stack_trace.cpp:173	    [17] /home/heff/CryLo/electron/bin/linux/CryLo-wallet-rpc(+0x19c26c) [0x5555de17c26c] 
2026-06-06 02:25:42.693	[RPC0]	INFO	stacktrace	src/common/stack_trace.cpp:173	    [18] /home/heff/CryLo/electron/bin/linux/CryLo-wallet-rpc(+0x2517c0) [0x5555de2317c0] 
2026-06-06 02:25:42.693	[RPC0]	INFO	stacktrace	src/common/stack_trace.cpp:173	    [19] /home/heff/CryLo/electron/bin/linux/CryLo-wallet-rpc(+0x252690) [0x5555de232690] 
2026-06-06 02:25:42.693	[RPC0]	INFO	stacktrace	src/common/stack_trace.cpp:173	    [20] /home/heff/CryLo/electron/bin/linux/CryLo-wallet-rpc(+0x253388) [0x5555de233388] 
2026-06-06 02:25:42.693	[RPC0]	INFO	stacktrace	src/common/stack_trace.cpp:173	    [21] /home/heff/CryLo/electron/bin/linux/CryLo-wallet-rpc(+0x253478) [0x5555de233478] 
2026-06-06 02:25:42.693	[RPC0]	INFO	stacktrace	src/common/stack_trace.cpp:173	    [22] /home/heff/CryLo/electron/bin/linux/CryLo-wallet-rpc(+0x1877b4) [0x5555de1677b4] 
2026-06-06 02:25:42.693	[RPC0]	INFO	stacktrace	src/common/stack_trace.cpp:173	    [23] /home/heff/CryLo/electron/bin/linux/CryLo-wallet-rpc(+0x18847c) [0x5555de16847c] 
2026-06-06 02:25:42.693	[RPC0]	INFO	stacktrace	src/common/stack_trace.cpp:173	    [24] /home/heff/CryLo/electron/bin/linux/CryLo-wallet-rpc(+0x135ab4) [0x5555de115ab4] 
2026-06-06 02:25:42.693	[RPC0]	INFO	stacktrace	src/common/stack_trace.cpp:173	    [25] /home/heff/CryLo/electron/bin/linux/CryLo-wallet-rpc(+0x1a4080) [0x5555de184080] 
2026-06-06 02:25:42.693	[RPC0]	INFO	stacktrace	src/common/stack_trace.cpp:173	    [26]  0xa6e8) [0x7ffed019a6e8]:_thread.so.1.74.0(+0xa6e8) [0x7ffed019a6e8]
2026-06-06 02:25:42.693	[RPC0]	INFO	stacktrace	src/common/stack_trace.cpp:173	    [27] /lib/aarch64-linux-gnu/libc.so.6(+0x82030) [0x7ffecf472030] 
2026-06-06 02:25:42.693	[RPC0]	INFO	stacktrace	src/common/stack_trace.cpp:173	    [28] /lib/aarch64-linux-gnu/libc.so.6(+0xebf1c) [0x7ffecf4dbf1c] 
2026-06-06 02:25:42.693	[RPC0]	INFO	stacktrace	src/common/stack_trace.cpp:173	
2026-06-06 02:25:42.726	[RPC0]	INFO	net	contrib/epee/src/net_parse_helpers.cpp:144	[PARSE URI] regex not matched for uri: ^(([^:]*?)://)?(\[(.*)\](:(\d+))?)(.*)?
2026-06-06 02:25:42.769	[RPC0]	INFO	net.ssl	contrib/epee/src/net_ssl.cpp:145	Generating SSL certificate
2026-06-06 02:25:49.110	[RPC0]	ERROR	serialization	contrib/epee/src/portable_storage.cpp:100	portable_storage: wrong binary format - signature mismatch
2026-06-06 02:25:49.137	[RPC0]	ERROR	serialization	contrib/epee/src/portable_storage.cpp:100	portable_storage: wrong binary format - signature mismatch
2026-06-06 02:25:49.137	[RPC0]	ERROR	wallet.wallet2	src/wallet/wallet2.cpp:5349	!r. THROW EXCEPTION: error::invalid_password
2026-06-06 02:25:49.137	[RPC0]	WARNING	net.http	src/wallet/wallet_errors.h:996	/home/heff/CryLo/src/wallet/wallet2.cpp:5349:N5tools5error16invalid_passwordE: invalid password
2026-06-06 02:25:49.137	[RPC0]	INFO	stacktrace	src/common/stack_trace.cpp:134	Exception: tools::error::invalid_password
2026-06-06 02:25:49.137	[RPC0]	INFO	stacktrace	src/common/stack_trace.cpp:135	Unwound call stack:
2026-06-06 02:25:49.138	[RPC0]	INFO	stacktrace	src/common/stack_trace.cpp:173	    [1]  0xcc) [0x5555de0eb294]:__cxa_throw+0xcc) [0x5555de0eb294]
2026-06-06 02:25:49.138	[RPC0]	INFO	stacktrace	src/common/stack_trace.cpp:173	    [2] /home/heff/CryLo/electron/bin/linux/CryLo-wallet-rpc(+0x35b624) [0x5555de33b624] 
2026-06-06 02:25:49.138	[RPC0]	INFO	stacktrace	src/common/stack_trace.cpp:173	    [3] /home/heff/CryLo/electron/bin/linux/CryLo-wallet-rpc(+0x2c530c) [0x5555de2a530c] 
2026-06-06 02:25:49.138	[RPC0]	INFO	stacktrace	src/common/stack_trace.cpp:173	    [4] /home/heff/CryLo/electron/bin/linux/CryLo-wallet-rpc(+0x2d3d24) [0x5555de2b3d24] 
2026-06-06 02:25:49.138	[RPC0]	INFO	stacktrace	src/common/stack_trace.cpp:173	    [5] /home/heff/CryLo/electron/bin/linux/CryLo-wallet-rpc(+0x301e5c) [0x5555de2e1e5c] 
2026-06-06 02:25:49.138	[RPC0]	INFO	stacktrace	src/common/stack_trace.cpp:173	    [6] /home/heff/CryLo/electron/bin/linux/CryLo-wallet-rpc(+0x30296c) [0x5555de2e296c] 
2026-06-06 02:25:49.138	[RPC0]	INFO	stacktrace	src/common/stack_trace.cpp:173	    [7] /home/heff/CryLo/electron/bin/linux/CryLo-wallet-rpc(+0x155ce4) [0x5555de135ce4] 
2026-06-06 02:25:49.138	[RPC0]	INFO	stacktrace	src/common/stack_trace.cpp:173	    [8] /home/heff/CryLo/electron/bin/linux/CryLo-wallet-rpc(+0x2388a8) [0x5555de2188a8] 
2026-06-06 02:25:49.138	[RPC0]	INFO	stacktrace	src/common/stack_trace.cpp:173	    [9] /home/heff/CryLo/electron/bin/linux/CryLo-wallet-rpc(+0x24eab4) [0x5555de22eab4] 
2026-06-06 02:25:49.138	[RPC0]	INFO	stacktrace	src/common/stack_trace.cpp:173	    [10] /home/heff/CryLo/electron/bin/linux/CryLo-wallet-rpc(+0x19c26c) [0x5555de17c26c] 
2026-06-06 02:25:49.138	[RPC0]	INFO	stacktrace	src/common/stack_trace.cpp:173	    [11] /home/heff/CryLo/electron/bin/linux/CryLo-wallet-rpc(+0x2517c0) [0x5555de2317c0] 
2026-06-06 02:25:49.138	[RPC0]	INFO	stacktrace	src/common/stack_trace.cpp:173	    [12] /home/heff/CryLo/electron/bin/linux/CryLo-wallet-rpc(+0x252690) [0x5555de232690] 
2026-06-06 02:25:49.138	[RPC0]	INFO	stacktrace	src/common/stack_trace.cpp:173	    [13] /home/heff/CryLo/electron/bin/linux/CryLo-wallet-rpc(+0x253388) [0x5555de233388] 
2026-06-06 02:25:49.138	[RPC0]	INFO	stacktrace	src/common/stack_trace.cpp:173	    [14] /home/heff/CryLo/electron/bin/linux/CryLo-wallet-rpc(+0x253478) [0x5555de233478] 
2026-06-06 02:25:49.138	[RPC0]	INFO	stacktrace	src/common/stack_trace.cpp:173	    [15] /home/heff/CryLo/electron/bin/linux/CryLo-wallet-rpc(+0x1877b4) [0x5555de1677b4] 
2026-06-06 02:25:49.138	[RPC0]	INFO	stacktrace	src/common/stack_trace.cpp:173	    [16] /home/heff/CryLo/electron/bin/linux/CryLo-wallet-rpc(+0x18847c) [0x5555de16847c] 
2026-06-06 02:25:49.138	[RPC0]	INFO	stacktrace	src/common/stack_trace.cpp:173	    [17] /home/heff/CryLo/electron/bin/linux/CryLo-wallet-rpc(+0x135ab4) [0x5555de115ab4] 
2026-06-06 02:25:49.138	[RPC0]	INFO	stacktrace	src/common/stack_trace.cpp:173	    [18] /home/heff/CryLo/electron/bin/linux/CryLo-wallet-rpc(+0x1a4080) [0x5555de184080] 
2026-06-06 02:25:49.138	[RPC0]	INFO	stacktrace	src/common/stack_trace.cpp:173	    [19]  0xa6e8) [0x7ffed019a6e8]:_thread.so.1.74.0(+0xa6e8) [0x7ffed019a6e8]
2026-06-06 02:25:49.138	[RPC0]	INFO	stacktrace	src/common/stack_trace.cpp:173	    [20] /lib/aarch64-linux-gnu/libc.so.6(+0x82030) [0x7ffecf472030] 
2026-06-06 02:25:49.138	[RPC0]	INFO	stacktrace	src/common/stack_trace.cpp:173	    [21] /lib/aarch64-linux-gnu/libc.so.6(+0xebf1c) [0x7ffecf4dbf1c] 
2026-06-06 02:25:49.138	[RPC0]	INFO	stacktrace	src/common/stack_trace.cpp:173	
2026-06-06 02:32:16.564	    7fffb462ac40	INFO	logging	contrib/epee/src/mlog.cpp:274	New log categories: *:WARNING,net:FATAL,net.http:FATAL,net.ssl:FATAL,net.p2p:FATAL,net.cn:FATAL,daemon.rpc:FATAL,global:INFO,verify:FATAL,serialization:FATAL,daemon.rpc.payment:ERROR,stacktrace:INFO,logging:INFO,msgwriter:INFO
2026-06-06 02:32:16.564	    7fffb462ac40	INFO	logging	contrib/epee/src/mlog.cpp:274	New log categories: *:INFO,global:INFO,stacktrace:INFO,logging:INFO,msgwriter:INFO,perf.*:DEBUG
2026-06-06 02:32:16.564	    7fffb462ac40	INFO	msgwriter	src/common/scoped_message_writer.h:102	This is the RPC CryLo Chain wallet. It needs to connect to a CryLo Chain
2026-06-06 02:32:16.564	    7fffb462ac40	INFO	msgwriter	src/common/scoped_message_writer.h:102	daemon to work correctly.
2026-06-06 02:32:16.564	    7fffb462ac40	INFO	msgwriter	src/common/scoped_message_writer.h:102	CryLo Chain 'Testnet' (v1.0.0-0e4839628)
2026-06-06 02:32:16.564	    7fffb462ac40	INFO	wallet.wallet2	src/wallet/wallet_args.cpp:215	Setting log level = 1
2026-06-06 02:32:16.564	    7fffb462ac40	INFO	wallet.wallet2	src/wallet/wallet_args.cpp:221	Logging to: /home/heff/CryLo/electron/bin/linux/CryLo-wallet-rpc.log
2026-06-06 02:32:16.564	    7fffb462ac40	INFO	msgwriter	src/common/scoped_message_writer.h:102	Logging to /home/heff/CryLo/electron/bin/linux/CryLo-wallet-rpc.log
2026-06-06 02:32:16.568	    7fffb462ac40	INFO	net	contrib/epee/include/net/abstract_tcp_server2.inl:1390	Set server type to: 1 from name: RPC, prefix_name = RPC
2026-06-06 02:32:16.568	    7fffb462ac40	INFO	global	contrib/epee/include/net/http_server_impl_base.h:94	Binding on 127.0.0.1 (IPv4):22643
2026-06-06 02:32:16.623	    7fffb462ac40	INFO	net.ssl	contrib/epee/src/net_ssl.cpp:145	Generating SSL certificate
2026-06-06 02:32:19.709	    7fffb462ac40	WARNING	wallet.rpc	src/wallet/wallet_rpc_server.cpp:4986	Starting wallet RPC server
2026-06-06 02:32:19.709	    7fffb462ac40	INFO	net.http	contrib/epee/include/net/http_server_impl_base.h:111	Run net_service loop( 1 threads)...
2026-06-06 02:32:20.572	[RPC0]	INFO	wallet.rpc	src/wallet/wallet_rpc_server.h:68	HTTP [127.0.0.1] POST /json_rpc
2026-06-06 02:32:20.573	[RPC0]	INFO	wallet.rpc	src/wallet/wallet_rpc_server.h:143	[127.0.0.1:41250 INC] Calling RPC method get_languages
2026-06-06 02:32:20.586	[RPC0]	INFO	default	src/mnemonics/language_base.h:132	Español word 'asa' is shorter than its prefix length, 4
2026-06-06 02:32:20.586	[RPC0]	INFO	default	src/mnemonics/language_base.h:132	Español word 'ave' is shorter than its prefix length, 4
2026-06-06 02:32:20.587	[RPC0]	INFO	default	src/mnemonics/language_base.h:132	Español word 'boa' is shorter than its prefix length, 4
2026-06-06 02:32:20.587	[RPC0]	INFO	default	src/mnemonics/language_base.h:132	Español word 'cal' is shorter than its prefix length, 4
2026-06-06 02:32:20.588	[RPC0]	INFO	default	src/mnemonics/language_base.h:132	Español word 'dar' is shorter than its prefix length, 4
2026-06-06 02:32:20.588	[RPC0]	INFO	default	src/mnemonics/language_base.h:132	Español word 'don' is shorter than its prefix length, 4
2026-06-06 02:32:20.588	[RPC0]	INFO	default	src/mnemonics/language_base.h:132	Español word 'dos' is shorter than its prefix length, 4
2026-06-06 02:32:20.589	[RPC0]	INFO	default	src/mnemonics/language_base.h:132	Español word 'eco' is shorter than its prefix length, 4
2026-06-06 02:32:20.589	[RPC0]	INFO	default	src/mnemonics/language_base.h:132	Español word 'eje' is shorter than its prefix length, 4
2026-06-06 02:32:20.589	[RPC0]	INFO	default	src/mnemonics/language_base.h:132	Español word 'fax' is shorter than its prefix length, 4
2026-06-06 02:32:20.589	[RPC0]	INFO	default	src/mnemonics/language_base.h:132	Español word 'feo' is shorter than its prefix length, 4
2026-06-06 02:32:20.589	[RPC0]	INFO	default	src/mnemonics/language_base.h:132	Español word 'fin' is shorter than its prefix length, 4
2026-06-06 02:32:20.590	[RPC0]	INFO	default	src/mnemonics/language_base.h:132	Español word 'gen' is shorter than its prefix length, 4
2026-06-06 02:32:20.590	[RPC0]	INFO	default	src/mnemonics/language_base.h:132	Español word 'gol' is shorter than its prefix length, 4
2026-06-06 02:32:20.590	[RPC0]	INFO	default	src/mnemonics/language_base.h:132	Español word 'haz' is shorter than its prefix length, 4
2026-06-06 02:32:20.592	[RPC0]	INFO	default	src/mnemonics/language_base.h:132	Español word 'ira' is shorter than its prefix length, 4
2026-06-06 02:32:20.594	[RPC0]	INFO	default	src/mnemonics/language_base.h:132	Español word 'luz' is shorter than its prefix length, 4
2026-06-06 02:32:20.594	[RPC0]	INFO	default	src/mnemonics/language_base.h:132	Español word 'mar' is shorter than its prefix length, 4
2026-06-06 02:32:20.596	[RPC0]	INFO	default	src/mnemonics/language_base.h:132	Español word 'mes' is shorter than its prefix length, 4
2026-06-06 02:32:20.596	[RPC0]	INFO	default	src/mnemonics/language_base.h:132	Español word 'mil' is shorter than its prefix length, 4
2026-06-06 02:32:20.597	[RPC0]	INFO	default	src/mnemonics/language_base.h:132	Español word 'oca' is shorter than its prefix length, 4
2026-06-06 02:32:20.597	[RPC0]	INFO	default	src/mnemonics/language_base.h:132	Español word 'ojo' is shorter than its prefix length, 4
2026-06-06 02:32:20.598	[RPC0]	INFO	default	src/mnemonics/language_base.h:132	Español word 'ola' is shorter than its prefix length, 4
2026-06-06 02:32:20.598	[RPC0]	INFO	default	src/mnemonics/language_base.h:132	Español word 'oro' is shorter than its prefix length, 4
2026-06-06 02:32:20.598	[RPC0]	INFO	default	src/mnemonics/language_base.h:132	Español word 'oso' is shorter than its prefix length, 4
2026-06-06 02:32:20.598	[RPC0]	INFO	default	src/mnemonics/language_base.h:132	Español word 'pan' is shorter than its prefix length, 4
2026-06-06 02:32:20.599	[RPC0]	INFO	default	src/mnemonics/language_base.h:132	Español word 'pez' is shorter than its prefix length, 4
2026-06-06 02:32:20.599	[RPC0]	INFO	default	src/mnemonics/language_base.h:132	Español word 'pie' is shorter than its prefix length, 4
2026-06-06 02:32:20.601	[RPC0]	INFO	default	src/mnemonics/language_base.h:132	Español word 'red' is shorter than its prefix length, 4
2026-06-06 02:32:20.601	[RPC0]	INFO	default	src/mnemonics/language_base.h:132	Español word 'res' is shorter than its prefix length, 4
2026-06-06 02:32:20.602	[RPC0]	INFO	default	src/mnemonics/language_base.h:132	Español word 'rey' is shorter than its prefix length, 4
2026-06-06 02:33:49.893	[RPC0]	INFO	wallet.rpc	src/wallet/wallet_rpc_server.h:68	HTTP [127.0.0.1] POST /json_rpc
2026-06-06 02:33:49.894	[RPC0]	INFO	wallet.rpc	src/wallet/wallet_rpc_server.h:149	[127.0.0.1:52228 INC] Calling RPC method restore_deterministic_wallet
2026-06-06 02:33:49.894	[RPC0]	INFO	default	src/mnemonics/language_base.h:132	EnglishOld word 'out' is shorter than its prefix length, 4
2026-06-06 02:33:49.894	[RPC0]	INFO	default	src/mnemonics/language_base.h:132	EnglishOld word 'eye' is shorter than its prefix length, 4
2026-06-06 02:33:49.894	[RPC0]	WARNING	default	src/mnemonics/language_base.h:148	Duplicate prefix in EnglishOld word list: thin
2026-06-06 02:33:49.894	[RPC0]	INFO	default	src/mnemonics/language_base.h:132	EnglishOld word 'too' is shorter than its prefix length, 4
2026-06-06 02:33:49.894	[RPC0]	INFO	default	src/mnemonics/language_base.h:132	EnglishOld word 'try' is shorter than its prefix length, 4
2026-06-06 02:33:49.894	[RPC0]	INFO	default	src/mnemonics/language_base.h:132	EnglishOld word 'cry' is shorter than its prefix length, 4
2026-06-06 02:33:49.894	[RPC0]	INFO	default	src/mnemonics/language_base.h:132	EnglishOld word 'end' is shorter than its prefix length, 4
2026-06-06 02:33:49.894	[RPC0]	INFO	default	src/mnemonics/language_base.h:132	EnglishOld word 'off' is shorter than its prefix length, 4
2026-06-06 02:33:49.894	[RPC0]	WARNING	default	src/mnemonics/language_base.h:148	Duplicate prefix in EnglishOld word list: some
2026-06-06 02:33:49.894	[RPC0]	INFO	default	src/mnemonics/language_base.h:132	EnglishOld word 'ask' is shorter than its prefix length, 4
2026-06-06 02:33:49.894	[RPC0]	WARNING	default	src/mnemonics/language_base.h:148	Duplicate prefix in EnglishOld word list: ever
2026-06-06 02:33:49.894	[RPC0]	INFO	default	src/mnemonics/language_base.h:132	EnglishOld word 'got' is shorter than its prefix length, 4
2026-06-06 02:33:49.894	[RPC0]	INFO	default	src/mnemonics/language_base.h:132	EnglishOld word 'yet' is shorter than its prefix length, 4
2026-06-06 02:33:49.895	[RPC0]	INFO	default	src/mnemonics/language_base.h:132	EnglishOld word 'run' is shorter than its prefix length, 4
2026-06-06 02:33:49.895	[RPC0]	INFO	default	src/mnemonics/language_base.h:132	EnglishOld word 'own' is shorter than its prefix length, 4
2026-06-06 02:33:49.895	[RPC0]	INFO	default	src/mnemonics/language_base.h:132	EnglishOld word 'god' is shorter than its prefix length, 4
2026-06-06 02:33:49.895	[RPC0]	INFO	default	src/mnemonics/language_base.h:132	EnglishOld word 'new' is shorter than its prefix length, 4
2026-06-06 02:33:49.895	[RPC0]	INFO	default	src/mnemonics/language_base.h:132	EnglishOld word 'two' is shorter than its prefix length, 4
2026-06-06 02:33:49.895	[RPC0]	INFO	default	src/mnemonics/language_base.h:132	EnglishOld word 'use' is shorter than its prefix length, 4
2026-06-06 02:33:49.895	[RPC0]	WARNING	default	src/mnemonics/language_base.h:148	Duplicate prefix in EnglishOld word list: some
2026-06-06 02:33:49.895	[RPC0]	INFO	default	src/mnemonics/language_base.h:132	EnglishOld word 'any' is shorter than its prefix length, 4
2026-06-06 02:33:49.895	[RPC0]	INFO	default	src/mnemonics/language_base.h:132	EnglishOld word 'sky' is shorter than its prefix length, 4
2026-06-06 02:33:49.895	[RPC0]	INFO	default	src/mnemonics/language_base.h:132	EnglishOld word 'put' is shorter than its prefix length, 4
2026-06-06 02:33:49.895	[RPC0]	WARNING	default	src/mnemonics/language_base.h:148	Duplicate prefix in EnglishOld word list: happ
2026-06-06 02:33:49.895	[RPC0]	WARNING	default	src/mnemonics/language_base.h:148	Duplicate prefix in EnglishOld word list: star
2026-06-06 02:33:49.895	[RPC0]	INFO	default	src/mnemonics/language_base.h:132	EnglishOld word 'red' is shorter than its prefix length, 4
2026-06-06 02:33:49.895	[RPC0]	WARNING	default	src/mnemonics/language_base.h:148	Duplicate prefix in EnglishOld word list: ever
2026-06-06 02:33:49.895	[RPC0]	INFO	default	src/mnemonics/language_base.h:132	EnglishOld word 'air' is shorter than its prefix length, 4
2026-06-06 02:33:49.896	[RPC0]	INFO	default	src/mnemonics/language_base.h:132	EnglishOld word 'lip' is shorter than its prefix length, 4
2026-06-06 02:33:49.896	[RPC0]	INFO	default	src/mnemonics/language_base.h:132	EnglishOld word 'hit' is shorter than its prefix length, 4
2026-06-06 02:33:49.896	[RPC0]	WARNING	default	src/mnemonics/language_base.h:148	Duplicate prefix in EnglishOld word list: real
2026-06-06 02:33:49.896	[RPC0]	WARNING	default	src/mnemonics/language_base.h:148	Duplicate prefix in EnglishOld word list: brea
2026-06-06 02:33:49.896	[RPC0]	WARNING	default	src/mnemonics/language_base.h:148	Duplicate prefix in EnglishOld word list: agai
2026-06-06 02:33:49.896	[RPC0]	INFO	default	src/mnemonics/language_base.h:132	EnglishOld word 'fly' is shorter than its prefix length, 4
2026-06-06 02:33:49.896	[RPC0]	WARNING	default	src/mnemonics/language_base.h:148	Duplicate prefix in EnglishOld word list: unde
2026-06-06 02:33:49.896	[RPC0]	WARNING	default	src/mnemonics/language_base.h:148	Duplicate prefix in EnglishOld word list: some
2026-06-06 02:33:49.896	[RPC0]	WARNING	default	src/mnemonics/language_base.h:148	Duplicate prefix in EnglishOld word list: real
2026-06-06 02:33:49.896	[RPC0]	INFO	default	src/mnemonics/language_base.h:132	EnglishOld word 'guy' is shorter than its prefix length, 4
2026-06-06 02:33:49.896	[RPC0]	INFO	default	src/mnemonics/language_base.h:132	EnglishOld word 'eat' is shorter than its prefix length, 4
2026-06-06 02:33:49.896	[RPC0]	WARNING	default	src/mnemonics/language_base.h:148	Duplicate prefix in EnglishOld word list: brea
2026-06-06 02:33:49.896	[RPC0]	WARNING	default	src/mnemonics/language_base.h:148	Duplicate prefix in EnglishOld word list: dark
2026-06-06 02:33:49.896	[RPC0]	WARNING	default	src/mnemonics/language_base.h:148	Duplicate prefix in EnglishOld word list: alon
2026-06-06 02:33:49.896	[RPC0]	WARNING	default	src/mnemonics/language_base.h:148	Duplicate prefix in EnglishOld word list: beau
2026-06-06 02:33:49.896	[RPC0]	WARNING	default	src/mnemonics/language_base.h:148	Duplicate prefix in EnglishOld word list: hear
2026-06-06 02:33:49.897	[RPC0]	INFO	default	src/mnemonics/language_base.h:132	EnglishOld word 'kid' is shorter than its prefix length, 4
2026-06-06 02:33:49.897	[RPC0]	INFO	default	src/mnemonics/language_base.h:132	EnglishOld word 'dad' is shorter than its prefix length, 4
2026-06-06 02:33:49.897	[RPC0]	INFO	default	src/mnemonics/language_base.h:132	EnglishOld word 'war' is shorter than its prefix length, 4
2026-06-06 02:33:49.897	[RPC0]	INFO	default	src/mnemonics/language_base.h:132	EnglishOld word 'act' is shorter than its prefix length, 4
2026-06-06 02:33:49.897	[RPC0]	WARNING	default	src/mnemonics/language_base.h:148	Duplicate prefix in EnglishOld word list: chan
2026-06-06 02:33:49.897	[RPC0]	WARNING	default	src/mnemonics/language_base.h:148	Duplicate prefix in EnglishOld word list: chil
2026-06-06 02:33:49.897	[RPC0]	INFO	default	src/mnemonics/language_base.h:132	EnglishOld word 'sea' is shorter than its prefix length, 4
2026-06-06 02:33:49.897	[RPC0]	INFO	default	src/mnemonics/language_base.h:132	EnglishOld word 'lot' is shorter than its prefix length, 4
2026-06-06 02:33:49.897	[RPC0]	INFO	default	src/mnemonics/language_base.h:132	EnglishOld word 'sad' is shorter than its prefix length, 4
2026-06-06 02:33:49.897	[RPC0]	INFO	default	src/mnemonics/language_base.h:132	EnglishOld word 'mom' is shorter than its prefix length, 4
2026-06-06 02:33:49.897	[RPC0]	INFO	default	src/mnemonics/language_base.h:132	EnglishOld word 'few' is shorter than its prefix length, 4
2026-06-06 02:33:49.897	[RPC0]	WARNING	default	src/mnemonics/language_base.h:148	Duplicate prefix in EnglishOld word list: mean
2026-06-06 02:33:49.897	[RPC0]	WARNING	default	src/mnemonics/language_base.h:148	Duplicate prefix in EnglishOld word list: real
2026-06-06 02:33:49.897	[RPC0]	INFO	default	src/mnemonics/language_base.h:132	EnglishOld word 'bit' is shorter than its prefix length, 4
2026-06-06 02:33:49.897	[RPC0]	WARNING	default	src/mnemonics/language_base.h:148	Duplicate prefix in EnglishOld word list: happ
2026-06-06 02:33:49.897	[RPC0]	INFO	default	src/mnemonics/language_base.h:132	EnglishOld word 'men' is shorter than its prefix length, 4
2026-06-06 02:33:49.897	[RPC0]	INFO	default	src/mnemonics/language_base.h:132	EnglishOld word 'age' is shorter than its prefix length, 4
2026-06-06 02:33:49.897	[RPC0]	INFO	default	src/mnemonics/language_base.h:132	EnglishOld word 'ice' is shorter than its prefix length, 4
2026-06-06 02:33:49.897	[RPC0]	WARNING	default	src/mnemonics/language_base.h:148	Duplicate prefix in EnglishOld word list: thro
2026-06-06 02:33:49.897	[RPC0]	INFO	default	src/mnemonics/language_base.h:132	EnglishOld word 'leg' is shorter than its prefix length, 4
2026-06-06 02:33:49.897	[RPC0]	WARNING	default	src/mnemonics/language_base.h:148	Duplicate prefix in EnglishOld word list: good
2026-06-06 02:33:49.897	[RPC0]	WARNING	default	src/mnemonics/language_base.h:148	Duplicate prefix in EnglishOld word list: know
2026-06-06 02:33:49.897	[RPC0]	WARNING	default	src/mnemonics/language_base.h:148	Duplicate prefix in EnglishOld word list: shou
2026-06-06 02:33:49.897	[RPC0]	WARNING	default	src/mnemonics/language_base.h:148	Duplicate prefix in EnglishOld word list: pret
2026-06-06 02:33:49.897	[RPC0]	INFO	default	src/mnemonics/language_base.h:132	EnglishOld word 'joy' is shorter than its prefix length, 4
2026-06-06 02:33:49.897	[RPC0]	INFO	default	src/mnemonics/language_base.h:132	EnglishOld word 'dry' is shorter than its prefix length, 4
2026-06-06 02:33:49.898	[RPC0]	WARNING	default	src/mnemonics/language_base.h:148	Duplicate prefix in EnglishOld word list: clea
2026-06-06 02:33:49.898	[RPC0]	INFO	default	src/mnemonics/language_base.h:132	EnglishOld word 'son' is shorter than its prefix length, 4
2026-06-06 02:33:49.898	[RPC0]	WARNING	default	src/mnemonics/language_base.h:148	Duplicate prefix in EnglishOld word list: sorr
2026-06-06 02:33:49.898	[RPC0]	INFO	default	src/mnemonics/language_base.h:132	EnglishOld word 'hug' is shorter than its prefix length, 4
2026-06-06 02:33:49.898	[RPC0]	INFO	default	src/mnemonics/language_base.h:132	EnglishOld word 'sat' is shorter than its prefix length, 4
2026-06-06 02:33:49.898	[RPC0]	WARNING	default	src/mnemonics/language_base.h:148	Duplicate prefix in EnglishOld word list: fina
2026-06-06 02:33:49.898	[RPC0]	WARNING	default	src/mnemonics/language_base.h:148	Duplicate prefix in EnglishOld word list: sile
2026-06-06 02:33:49.898	[RPC0]	WARNING	default	src/mnemonics/language_base.h:148	Duplicate prefix in EnglishOld word list: ange
2026-06-06 02:33:49.898	[RPC0]	WARNING	default	src/mnemonics/language_base.h:148	Duplicate prefix in EnglishOld word list: cont
2026-06-06 02:33:49.898	[RPC0]	INFO	default	src/mnemonics/language_base.h:132	EnglishOld word 'dog' is shorter than its prefix length, 4
2026-06-06 02:33:49.898	[RPC0]	WARNING	default	src/mnemonics/language_base.h:148	Duplicate prefix in EnglishOld word list: give
2026-06-06 02:33:49.898	[RPC0]	WARNING	default	src/mnemonics/language_base.h:148	Duplicate prefix in EnglishOld word list: your
2026-06-06 02:33:49.898	[RPC0]	INFO	default	src/mnemonics/language_base.h:132	EnglishOld word 'hey' is shorter than its prefix length, 4
2026-06-06 02:33:49.898	[RPC0]	INFO	default	src/mnemonics/language_base.h:132	EnglishOld word 'pay' is shorter than its prefix length, 4
2026-06-06 02:33:49.898	[RPC0]	WARNING	default	src/mnemonics/language_base.h:148	Duplicate prefix in EnglishOld word list: take
2026-06-06 02:33:49.898	[RPC0]	WARNING	default	src/mnemonics/language_base.h:148	Duplicate prefix in EnglishOld word list: some
2026-06-06 02:33:49.898	[RPC0]	WARNING	default	src/mnemonics/language_base.h:148	Duplicate prefix in EnglishOld word list: crea
2026-06-06 02:33:49.898	[RPC0]	WARNING	default	src/mnemonics/language_base.h:148	Duplicate prefix in EnglishOld word list: forg
2026-06-06 02:33:49.898	[RPC0]	INFO	default	src/mnemonics/language_base.h:132	EnglishOld word 'rip' is shorter than its prefix length, 4
2026-06-06 02:33:49.898	[RPC0]	INFO	default	src/mnemonics/language_base.h:132	EnglishOld word 'job' is shorter than its prefix length, 4
2026-06-06 02:33:49.898	[RPC0]	WARNING	default	src/mnemonics/language_base.h:148	Duplicate prefix in EnglishOld word list: laug
2026-06-06 02:33:49.898	[RPC0]	WARNING	default	src/mnemonics/language_base.h:148	Duplicate prefix in EnglishOld word list: some
2026-06-06 02:33:49.898	[RPC0]	WARNING	default	src/mnemonics/language_base.h:148	Duplicate prefix in EnglishOld word list: stor
2026-06-06 02:33:49.898	[RPC0]	INFO	default	src/mnemonics/language_base.h:132	EnglishOld word 'beg' is shorter than its prefix length, 4
2026-06-06 02:33:49.898	[RPC0]	WARNING	default	src/mnemonics/language_base.h:148	Duplicate prefix in EnglishOld word list: simp
2026-06-06 02:33:49.898	[RPC0]	INFO	default	src/mnemonics/language_base.h:132	EnglishOld word 'win' is shorter than its prefix length, 4
2026-06-06 02:33:49.898	[RPC0]	WARNING	default	src/mnemonics/language_base.h:148	Duplicate prefix in EnglishOld word list: flow
2026-06-06 02:33:49.898	[RPC0]	WARNING	default	src/mnemonics/language_base.h:148	Duplicate prefix in EnglishOld word list: stre
2026-06-06 02:33:49.898	[RPC0]	INFO	default	src/mnemonics/language_base.h:132	EnglishOld word 'gun' is shorter than its prefix length, 4
2026-06-06 02:33:49.898	[RPC0]	WARNING	default	src/mnemonics/language_base.h:148	Duplicate prefix in EnglishOld word list: heav
2026-06-06 02:33:49.898	[RPC0]	WARNING	default	src/mnemonics/language_base.h:148	Duplicate prefix in EnglishOld word list: ever
2026-06-06 02:33:49.898	[RPC0]	WARNING	default	src/mnemonics/language_base.h:148	Duplicate prefix in EnglishOld word list: shou
2026-06-06 02:33:49.899	[RPC0]	WARNING	default	src/mnemonics/language_base.h:148	Duplicate prefix in EnglishOld word list: stra
2026-06-06 02:33:49.899	[RPC0]	WARNING	default	src/mnemonics/language_base.h:148	Duplicate prefix in EnglishOld word list: thro
2026-06-06 02:33:49.899	[RPC0]	INFO	default	src/mnemonics/language_base.h:132	EnglishOld word 'ash' is shorter than its prefix length, 4
2026-06-06 02:33:49.899	[RPC0]	WARNING	default	src/mnemonics/language_base.h:148	Duplicate prefix in EnglishOld word list: imag
2026-06-06 02:33:49.899	[RPC0]	WARNING	default	src/mnemonics/language_base.h:148	Duplicate prefix in EnglishOld word list: warm
2026-06-06 02:33:49.899	[RPC0]	WARNING	default	src/mnemonics/language_base.h:148	Duplicate prefix in EnglishOld word list: yell
2026-06-06 02:33:49.899	[RPC0]	WARNING	default	src/mnemonics/language_base.h:148	Duplicate prefix in EnglishOld word list: frie
2026-06-06 02:33:49.899	[RPC0]	WARNING	default	src/mnemonics/language_base.h:148	Duplicate prefix in EnglishOld word list: prob
2026-06-06 02:33:49.899	[RPC0]	INFO	default	src/mnemonics/language_base.h:132	EnglishOld word 'six' is shorter than its prefix length, 4
2026-06-06 02:33:49.899	[RPC0]	WARNING	default	src/mnemonics/language_base.h:148	Duplicate prefix in EnglishOld word list: nigh
2026-06-06 02:33:49.899	[RPC0]	WARNING	default	src/mnemonics/language_base.h:148	Duplicate prefix in EnglishOld word list: thou
2026-06-06 02:33:49.899	[RPC0]	WARNING	default	src/mnemonics/language_base.h:148	Duplicate prefix in EnglishOld word list: wors
2026-06-06 02:33:49.899	[RPC0]	WARNING	default	src/mnemonics/language_base.h:148	Duplicate prefix in EnglishOld word list: bare
2026-06-06 02:33:49.899	[RPC0]	WARNING	default	src/mnemonics/language_base.h:148	Duplicate prefix in EnglishOld word list: crea
2026-06-06 02:33:49.899	[RPC0]	INFO	default	src/mnemonics/language_base.h:132	EnglishOld word 'art' is shorter than its prefix length, 4
2026-06-06 02:33:49.899	[RPC0]	WARNING	default	src/mnemonics/language_base.h:148	Duplicate prefix in EnglishOld word list: pass
2026-06-06 02:33:49.899	[RPC0]	WARNING	default	src/mnemonics/language_base.h:148	Duplicate prefix in EnglishOld word list: quic
2026-06-06 02:33:49.899	[RPC0]	WARNING	default	src/mnemonics/language_base.h:148	Duplicate prefix in EnglishOld word list: brok
2026-06-06 02:33:49.899	[RPC0]	INFO	default	src/mnemonics/language_base.h:132	EnglishOld word 'box' is shorter than its prefix length, 4
2026-06-06 02:33:49.899	[RPC0]	WARNING	default	src/mnemonics/language_base.h:148	Duplicate prefix in EnglishOld word list: chil
2026-06-06 02:33:49.899	[RPC0]	INFO	default	src/mnemonics/language_base.h:132	EnglishOld word 'tie' is shorter than its prefix length, 4
2026-06-06 02:33:49.899	[RPC0]	WARNING	default	src/mnemonics/language_base.h:148	Duplicate prefix in EnglishOld word list: fore
2026-06-06 02:33:49.899	[RPC0]	INFO	default	src/mnemonics/language_base.h:132	EnglishOld word 'pen' is shorter than its prefix length, 4
2026-06-06 02:33:49.899	[RPC0]	WARNING	default	src/mnemonics/language_base.h:148	Duplicate prefix in EnglishOld word list: stre
2026-06-06 02:33:49.899	[RPC0]	WARNING	default	src/mnemonics/language_base.h:148	Duplicate prefix in EnglishOld word list: comp
2026-06-06 02:33:49.899	[RPC0]	WARNING	default	src/mnemonics/language_base.h:148	Duplicate prefix in EnglishOld word list: coun
2026-06-06 02:33:49.899	[RPC0]	INFO	default	src/mnemonics/language_base.h:132	EnglishOld word 'wet' is shorter than its prefix length, 4
2026-06-06 02:33:49.899	[RPC0]	WARNING	default	src/mnemonics/language_base.h:148	Duplicate prefix in EnglishOld word list: stre
2026-06-06 02:33:49.899	[RPC0]	WARNING	default	src/mnemonics/language_base.h:148	Duplicate prefix in EnglishOld word list: forg
2026-06-06 02:33:49.899	[RPC0]	WARNING	default	src/mnemonics/language_base.h:148	Duplicate prefix in EnglishOld word list: plan
2026-06-06 02:33:49.899	[RPC0]	WARNING	default	src/mnemonics/language_base.h:148	Duplicate prefix in EnglishOld word list: both
2026-06-06 02:33:49.900	[RPC0]	WARNING	default	src/mnemonics/language_base.h:148	Duplicate prefix in EnglishOld word list: bott
2026-06-06 02:33:49.900	[RPC0]	INFO	default	src/mnemonics/language_base.h:132	EnglishOld word 'fix' is shorter than its prefix length, 4
2026-06-06 02:33:49.900	[RPC0]	WARNING	default	src/mnemonics/language_base.h:148	Duplicate prefix in EnglishOld word list: forg
2026-06-06 02:33:49.900	[RPC0]	WARNING	default	src/mnemonics/language_base.h:148	Duplicate prefix in EnglishOld word list: sure
2026-06-06 02:33:49.900	[RPC0]	WARNING	default	src/mnemonics/language_base.h:148	Duplicate prefix in EnglishOld word list: teac
2026-06-06 02:33:49.900	[RPC0]	WARNING	default	src/mnemonics/language_base.h:148	Duplicate prefix in EnglishOld word list: gent
2026-06-06 02:33:49.900	[RPC0]	WARNING	default	src/mnemonics/language_base.h:148	Duplicate prefix in EnglishOld word list: writ
2026-06-06 02:33:49.900	[RPC0]	WARNING	default	src/mnemonics/language_base.h:148	Duplicate prefix in EnglishOld word list: chai
2026-06-06 02:33:49.900	[RPC0]	WARNING	default	src/mnemonics/language_base.h:148	Duplicate prefix in EnglishOld word list: them
2026-06-06 02:33:49.900	[RPC0]	INFO	default	src/mnemonics/language_base.h:132	EnglishOld word 'cup' is shorter than its prefix length, 4
2026-06-06 02:33:49.900	[RPC0]	WARNING	default	src/mnemonics/language_base.h:148	Duplicate prefix in EnglishOld word list: expe
2026-06-06 02:33:49.900	[RPC0]	WARNING	default	src/mnemonics/language_base.h:148	Duplicate prefix in EnglishOld word list: free
2026-06-06 02:33:49.900	[RPC0]	INFO	default	src/mnemonics/language_base.h:132	EnglishOld word 'pop' is shorter than its prefix length, 4
2026-06-06 02:33:49.900	[RPC0]	WARNING	default	src/mnemonics/language_base.h:148	Duplicate prefix in EnglishOld word list: soft
2026-06-06 02:33:49.900	[RPC0]	WARNING	default	src/mnemonics/language_base.h:148	Duplicate prefix in EnglishOld word list: stra
2026-06-06 02:33:49.900	[RPC0]	INFO	default	src/mnemonics/language_base.h:132	EnglishOld word 'bar' is shorter than its prefix length, 4
2026-06-06 02:33:49.900	[RPC0]	WARNING	default	src/mnemonics/language_base.h:148	Duplicate prefix in EnglishOld word list: love
2026-06-06 02:33:49.900	[RPC0]	WARNING	default	src/mnemonics/language_base.h:148	Duplicate prefix in EnglishOld word list: clos
2026-06-06 02:33:49.900	[RPC0]	WARNING	default	src/mnemonics/language_base.h:148	Duplicate prefix in EnglishOld word list: hand
2026-06-06 02:33:49.900	[RPC0]	INFO	default	src/mnemonics/language_base.h:132	EnglishOld word 'key' is shorter than its prefix length, 4
2026-06-06 02:33:49.900	[RPC0]	INFO	default	src/mnemonics/language_base.h:132	EnglishOld word 'won' is shorter than its prefix length, 4
2026-06-06 02:33:49.900	[RPC0]	WARNING	default	src/mnemonics/language_base.h:148	Duplicate prefix in EnglishOld word list: dirt
2026-06-06 02:33:49.900	[RPC0]	WARNING	default	src/mnemonics/language_base.h:148	Duplicate prefix in EnglishOld word list: pres
2026-06-06 02:33:49.900	[RPC0]	WARNING	default	src/mnemonics/language_base.h:148	Duplicate prefix in EnglishOld word list: swea
2026-06-06 02:33:49.900	[RPC0]	WARNING	default	src/mnemonics/language_base.h:148	Duplicate prefix in EnglishOld word list: ever
2026-06-06 02:33:49.900	[RPC0]	WARNING	default	src/mnemonics/language_base.h:148	Duplicate prefix in EnglishOld word list: grow
2026-06-06 02:33:49.900	[RPC0]	WARNING	default	src/mnemonics/language_base.h:148	Duplicate prefix in EnglishOld word list: know
2026-06-06 02:33:49.900	[RPC0]	WARNING	default	src/mnemonics/language_base.h:148	Duplicate prefix in EnglishOld word list: numb
2026-06-06 02:33:49.900	[RPC0]	WARNING	default	src/mnemonics/language_base.h:148	Duplicate prefix in EnglishOld word list: pres
2026-06-06 02:33:49.900	[RPC0]	INFO	default	src/mnemonics/language_base.h:132	EnglishOld word 'buy' is shorter than its prefix length, 4
2026-06-06 02:33:49.900	[RPC0]	INFO	default	src/mnemonics/language_base.h:132	EnglishOld word 'add' is shorter than its prefix length, 4
2026-06-06 02:33:49.901	[RPC0]	WARNING	default	src/mnemonics/language_base.h:148	Duplicate prefix in EnglishOld word list: cont
2026-06-06 02:33:49.901	[RPC0]	WARNING	default	src/mnemonics/language_base.h:148	Duplicate prefix in EnglishOld word list: dist
2026-06-06 02:33:49.901	[RPC0]	WARNING	default	src/mnemonics/language_base.h:148	Duplicate prefix in EnglishOld word list: purp
2026-06-06 02:33:49.901	[RPC0]	WARNING	default	src/mnemonics/language_base.h:148	Duplicate prefix in EnglishOld word list: thre
2026-06-06 02:33:49.901	[RPC0]	WARNING	default	src/mnemonics/language_base.h:148	Duplicate prefix in EnglishOld word list: gras
2026-06-06 02:33:49.901	[RPC0]	WARNING	default	src/mnemonics/language_base.h:148	Duplicate prefix in EnglishOld word list: inno
2026-06-06 02:33:49.901	[RPC0]	WARNING	default	src/mnemonics/language_base.h:148	Duplicate prefix in EnglishOld word list: shad
2026-06-06 02:33:49.901	[RPC0]	WARNING	default	src/mnemonics/language_base.h:148	Duplicate prefix in EnglishOld word list: some
2026-06-06 02:33:49.901	[RPC0]	INFO	default	src/mnemonics/language_base.h:132	EnglishOld word 'toe' is shorter than its prefix length, 4
2026-06-06 02:33:49.901	[RPC0]	WARNING	default	src/mnemonics/language_base.h:148	Duplicate prefix in EnglishOld word list: visi
2026-06-06 02:33:49.901	[RPC0]	WARNING	default	src/mnemonics/language_base.h:148	Duplicate prefix in EnglishOld word list: cons
2026-06-06 02:33:49.901	[RPC0]	INFO	default	src/mnemonics/language_base.h:132	EnglishOld word 'ink' is shorter than its prefix length, 4
2026-06-06 02:33:49.901	[RPC0]	WARNING	default	src/mnemonics/language_base.h:148	Duplicate prefix in EnglishOld word list: sile
2026-06-06 02:33:49.901	[RPC0]	WARNING	default	src/mnemonics/language_base.h:148	Duplicate prefix in EnglishOld word list: stre
2026-06-06 02:33:49.901	[RPC0]	INFO	default	src/mnemonics/language_base.h:132	EnglishOld word 'bus' is shorter than its prefix length, 4
2026-06-06 02:33:49.901	[RPC0]	INFO	default	src/mnemonics/language_base.h:132	EnglishOld word 'mix' is shorter than its prefix length, 4
2026-06-06 02:33:49.901	[RPC0]	WARNING	default	src/mnemonics/language_base.h:148	Duplicate prefix in EnglishOld word list: pray
2026-06-06 02:33:49.901	[RPC0]	WARNING	default	src/mnemonics/language_base.h:148	Duplicate prefix in EnglishOld word list: pres
2026-06-06 02:33:49.901	[RPC0]	WARNING	default	src/mnemonics/language_base.h:148	Duplicate prefix in EnglishOld word list: trai
2026-06-06 02:33:49.901	[RPC0]	INFO	default	src/mnemonics/language_base.h:132	EnglishOld word 'bag' is shorter than its prefix length, 4
2026-06-06 02:33:49.901	[RPC0]	WARNING	default	src/mnemonics/language_base.h:148	Duplicate prefix in EnglishOld word list: expl
2026-06-06 02:33:49.901	[RPC0]	WARNING	default	src/mnemonics/language_base.h:148	Duplicate prefix in EnglishOld word list: fami
2026-06-06 02:33:49.901	[RPC0]	WARNING	default	src/mnemonics/language_base.h:148	Duplicate prefix in EnglishOld word list: refl
2026-06-06 02:33:49.901	[RPC0]	WARNING	default	src/mnemonics/language_base.h:148	Duplicate prefix in EnglishOld word list: scen
2026-06-06 02:33:49.901	[RPC0]	WARNING	default	src/mnemonics/language_base.h:148	Duplicate prefix in EnglishOld word list: self
2026-06-06 02:33:49.901	[RPC0]	WARNING	default	src/mnemonics/language_base.h:148	Duplicate prefix in EnglishOld word list: wond
2026-06-06 02:33:49.901	[RPC0]	WARNING	default	src/mnemonics/language_base.h:148	Duplicate prefix in EnglishOld word list: atte
2026-06-06 02:33:49.901	[RPC0]	WARNING	default	src/mnemonics/language_base.h:148	Duplicate prefix in EnglishOld word list: birt
2026-06-06 02:33:49.901	[RPC0]	WARNING	default	src/mnemonics/language_base.h:148	Duplicate prefix in EnglishOld word list: perf
2026-06-06 02:33:49.902	[RPC0]	WARNING	default	src/mnemonics/language_base.h:148	Duplicate prefix in EnglishOld word list: cons
2026-06-06 02:33:49.902	[RPC0]	INFO	default	src/mnemonics/language_base.h:132	EnglishOld word 'egg' is shorter than its prefix length, 4
2026-06-06 02:33:49.902	[RPC0]	WARNING	default	src/mnemonics/language_base.h:148	Duplicate prefix in EnglishOld word list: eter
2026-06-06 02:33:49.902	[RPC0]	WARNING	default	src/mnemonics/language_base.h:148	Duplicate prefix in EnglishOld word list: floo
2026-06-06 02:33:49.902	[RPC0]	WARNING	default	src/mnemonics/language_base.h:148	Duplicate prefix in EnglishOld word list: scre
2026-06-06 02:33:49.902	[RPC0]	WARNING	default	src/mnemonics/language_base.h:148	Duplicate prefix in EnglishOld word list: buil
2026-06-06 02:33:49.902	[RPC0]	WARNING	default	src/mnemonics/language_base.h:148	Duplicate prefix in EnglishOld word list: desp
2026-06-06 02:33:49.902	[RPC0]	WARNING	default	src/mnemonics/language_base.h:148	Duplicate prefix in EnglishOld word list: mess
2026-06-06 02:33:49.902	[RPC0]	WARNING	default	src/mnemonics/language_base.h:148	Duplicate prefix in EnglishOld word list: stri
2026-06-06 02:33:49.902	[RPC0]	WARNING	default	src/mnemonics/language_base.h:148	Duplicate prefix in EnglishOld word list: clea
2026-06-06 02:33:49.902	[RPC0]	WARNING	default	src/mnemonics/language_base.h:148	Duplicate prefix in EnglishOld word list: imag
2026-06-06 02:33:49.902	[RPC0]	WARNING	default	src/mnemonics/language_base.h:148	Duplicate prefix in EnglishOld word list: less
2026-06-06 02:33:49.902	[RPC0]	WARNING	default	src/mnemonics/language_base.h:148	Duplicate prefix in EnglishOld word list: stro
2026-06-06 02:33:49.902	[RPC0]	WARNING	default	src/mnemonics/language_base.h:148	Duplicate prefix in EnglishOld word list: bloo
2026-06-06 02:33:49.902	[RPC0]	WARNING	default	src/mnemonics/language_base.h:148	Duplicate prefix in EnglishOld word list: foot
2026-06-06 02:33:49.902	[RPC0]	INFO	default	src/mnemonics/language_base.h:132	EnglishOld word 'mud' is shorter than its prefix length, 4
2026-06-06 02:33:49.902	[RPC0]	INFO	default	src/mnemonics/language_base.h:132	EnglishOld word 'nod' is shorter than its prefix length, 4
2026-06-06 02:33:49.902	[RPC0]	WARNING	default	src/mnemonics/language_base.h:148	Duplicate prefix in EnglishOld word list: rela
2026-06-06 02:33:49.902	[RPC0]	WARNING	default	src/mnemonics/language_base.h:148	Duplicate prefix in EnglishOld word list: sudd
2026-06-06 02:33:49.902	[RPC0]	WARNING	default	src/mnemonics/language_base.h:148	Duplicate prefix in EnglishOld word list: admi
2026-06-06 02:33:49.902	[RPC0]	WARNING	default	src/mnemonics/language_base.h:148	Duplicate prefix in EnglishOld word list: blin
2026-06-06 02:33:49.902	[RPC0]	WARNING	default	src/mnemonics/language_base.h:148	Duplicate prefix in EnglishOld word list: brea
2026-06-06 02:33:49.902	[RPC0]	WARNING	default	src/mnemonics/language_base.h:148	Duplicate prefix in EnglishOld word list: cons
2026-06-06 02:33:49.902	[RPC0]	WARNING	default	src/mnemonics/language_base.h:148	Duplicate prefix in EnglishOld word list: cree
2026-06-06 02:33:49.902	[RPC0]	WARNING	default	src/mnemonics/language_base.h:148	Duplicate prefix in EnglishOld word list: diff
2026-06-06 02:33:49.902	[RPC0]	WARNING	default	src/mnemonics/language_base.h:148	Duplicate prefix in EnglishOld word list: empt
2026-06-06 02:33:49.902	[RPC0]	WARNING	default	src/mnemonics/language_base.h:148	Duplicate prefix in EnglishOld word list: plan
2026-06-06 02:33:49.902	[RPC0]	INFO	default	src/mnemonics/language_base.h:132	EnglishOld word 'rub' is shorter than its prefix length, 4
2026-06-06 02:33:49.902	[RPC0]	WARNING	default	src/mnemonics/language_base.h:148	Duplicate prefix in EnglishOld word list: some
2026-06-06 02:33:49.903	[RPC0]	WARNING	default	src/mnemonics/language_base.h:148	Duplicate prefix in EnglishOld word list: tigh
2026-06-06 02:33:49.903	[RPC0]	WARNING	default	src/mnemonics/language_base.h:148	Duplicate prefix in EnglishOld word list: brea
2026-06-06 02:33:49.903	[RPC0]	WARNING	default	src/mnemonics/language_base.h:148	Duplicate prefix in EnglishOld word list: dese
2026-06-06 02:33:49.903	[RPC0]	WARNING	default	src/mnemonics/language_base.h:148	Duplicate prefix in EnglishOld word list: gran
2026-06-06 02:33:49.903	[RPC0]	WARNING	default	src/mnemonics/language_base.h:148	Duplicate prefix in EnglishOld word list: plea
2026-06-06 02:33:49.903	[RPC0]	WARNING	default	src/mnemonics/language_base.h:148	Duplicate prefix in EnglishOld word list: powe
2026-06-06 02:33:49.903	[RPC0]	WARNING	default	src/mnemonics/language_base.h:148	Duplicate prefix in EnglishOld word list: thre
2026-06-06 02:33:49.903	[RPC0]	INFO	default	src/mnemonics/language_base.h:132	EnglishOld word 'bee' is shorter than its prefix length, 4
2026-06-06 02:33:49.903	[RPC0]	WARNING	default	src/mnemonics/language_base.h:148	Duplicate prefix in EnglishOld word list: blan
2026-06-06 02:33:49.903	[RPC0]	WARNING	default	src/mnemonics/language_base.h:148	Duplicate prefix in EnglishOld word list: butt
2026-06-06 02:33:49.903	[RPC0]	WARNING	default	src/mnemonics/language_base.h:148	Duplicate prefix in EnglishOld word list: care
2026-06-06 02:33:49.903	[RPC0]	WARNING	default	src/mnemonics/language_base.h:148	Duplicate prefix in EnglishOld word list: comp
2026-06-06 02:33:49.903	[RPC0]	WARNING	default	src/mnemonics/language_base.h:148	Duplicate prefix in EnglishOld word list: deep
2026-06-06 02:33:49.903	[RPC0]	WARNING	default	src/mnemonics/language_base.h:148	Duplicate prefix in EnglishOld word list: drea
2026-06-06 02:33:49.903	[RPC0]	WARNING	default	src/mnemonics/language_base.h:148	Duplicate prefix in EnglishOld word list: gott
2026-06-06 02:33:49.903	[RPC0]	WARNING	default	src/mnemonics/language_base.h:148	Duplicate prefix in EnglishOld word list: gree
2026-06-06 02:33:49.903	[RPC0]	WARNING	default	src/mnemonics/language_base.h:148	Duplicate prefix in EnglishOld word list: repl
2026-06-06 02:33:49.903	[RPC0]	WARNING	default	src/mnemonics/language_base.h:148	Duplicate prefix in EnglishOld word list: spin
2026-06-06 02:33:49.903	[RPC0]	WARNING	default	src/mnemonics/language_base.h:148	Duplicate prefix in EnglishOld word list: chil
2026-06-06 02:33:49.903	[RPC0]	WARNING	default	src/mnemonics/language_base.h:148	Duplicate prefix in EnglishOld word list: coll
2026-06-06 02:33:49.903	[RPC0]	WARNING	default	src/mnemonics/language_base.h:148	Duplicate prefix in EnglishOld word list: depr
2026-06-06 02:33:49.903	[RPC0]	WARNING	default	src/mnemonics/language_base.h:148	Duplicate prefix in EnglishOld word list: even
2026-06-06 02:33:49.903	[RPC0]	WARNING	default	src/mnemonics/language_base.h:148	Duplicate prefix in EnglishOld word list: grou
2026-06-06 02:33:49.903	[RPC0]	WARNING	default	src/mnemonics/language_base.h:148	Duplicate prefix in EnglishOld word list: hone
2026-06-06 02:33:49.903	[RPC0]	WARNING	default	src/mnemonics/language_base.h:148	Duplicate prefix in EnglishOld word list: nerv
2026-06-06 02:33:49.903	[RPC0]	WARNING	default	src/mnemonics/language_base.h:148	Duplicate prefix in EnglishOld word list: pain
2026-06-06 02:33:49.903	[RPC0]	WARNING	default	src/mnemonics/language_base.h:148	Duplicate prefix in EnglishOld word list: poet
2026-06-06 02:33:49.903	[RPC0]	WARNING	default	src/mnemonics/language_base.h:148	Duplicate prefix in EnglishOld word list: prin
2026-06-06 02:33:49.903	[RPC0]	WARNING	default	src/mnemonics/language_base.h:148	Duplicate prefix in EnglishOld word list: show
2026-06-06 02:33:49.903	[RPC0]	WARNING	default	src/mnemonics/language_base.h:148	Duplicate prefix in EnglishOld word list: stai
2026-06-06 02:33:49.903	[RPC0]	WARNING	default	src/mnemonics/language_base.h:148	Duplicate prefix in EnglishOld word list: stea
2026-06-06 02:33:49.904	[RPC0]	WARNING	default	src/mnemonics/language_base.h:148	Duplicate prefix in EnglishOld word list: trea
2026-06-06 02:33:49.904	[RPC0]	WARNING	default	src/mnemonics/language_base.h:148	Duplicate prefix in EnglishOld word list: chee
2026-06-06 02:33:49.904	[RPC0]	WARNING	default	src/mnemonics/language_base.h:148	Duplicate prefix in EnglishOld word list: crim
2026-06-06 02:33:49.904	[RPC0]	WARNING	default	src/mnemonics/language_base.h:148	Duplicate prefix in EnglishOld word list: exis
2026-06-06 02:33:49.904	[RPC0]	INFO	default	src/mnemonics/language_base.h:132	EnglishOld word 'fog' is shorter than its prefix length, 4
2026-06-06 02:33:49.904	[RPC0]	WARNING	default	src/mnemonics/language_base.h:148	Duplicate prefix in EnglishOld word list: foot
2026-06-06 02:33:49.904	[RPC0]	INFO	default	src/mnemonics/language_base.h:132	EnglishOld word 'gay' is shorter than its prefix length, 4
2026-06-06 02:33:49.904	[RPC0]	WARNING	default	src/mnemonics/language_base.h:148	Duplicate prefix in EnglishOld word list: illu
2026-06-06 02:33:49.904	[RPC0]	WARNING	default	src/mnemonics/language_base.h:148	Duplicate prefix in EnglishOld word list: stud
2026-06-06 02:33:49.904	[RPC0]	WARNING	default	src/mnemonics/language_base.h:148	Duplicate prefix in EnglishOld word list: supp
2026-06-06 02:33:49.904	[RPC0]	WARNING	default	src/mnemonics/language_base.h:148	Duplicate prefix in EnglishOld word list: appr
2026-06-06 02:33:49.904	[RPC0]	WARNING	default	src/mnemonics/language_base.h:148	Duplicate prefix in EnglishOld word list: coll
2026-06-06 02:33:49.904	[RPC0]	WARNING	default	src/mnemonics/language_base.h:148	Duplicate prefix in EnglishOld word list: conf
2026-06-06 02:33:49.904	[RPC0]	WARNING	default	src/mnemonics/language_base.h:148	Duplicate prefix in EnglishOld word list: crea
2026-06-06 02:33:49.904	[RPC0]	WARNING	default	src/mnemonics/language_base.h:148	Duplicate prefix in EnglishOld word list: girl
2026-06-06 02:33:49.904	[RPC0]	INFO	default	src/mnemonics/language_base.h:132	EnglishOld word 'hop' is shorter than its prefix length, 4
2026-06-06 02:33:49.904	[RPC0]	WARNING	default	src/mnemonics/language_base.h:148	Duplicate prefix in EnglishOld word list: moon
2026-06-06 02:33:49.904	[RPC0]	WARNING	default	src/mnemonics/language_base.h:148	Duplicate prefix in EnglishOld word list: peac
2026-06-06 02:33:49.904	[RPC0]	INFO	default	src/mnemonics/language_base.h:132	EnglishOld word 'pig' is shorter than its prefix length, 4
2026-06-06 02:33:49.904	[RPC0]	WARNING	default	src/mnemonics/language_base.h:148	Duplicate prefix in EnglishOld word list: scre
2026-06-06 02:33:49.904	[RPC0]	WARNING	default	src/mnemonics/language_base.h:148	Duplicate prefix in EnglishOld word list: thro
2026-06-06 02:33:49.904	[RPC0]	WARNING	default	src/mnemonics/language_base.h:148	Duplicate prefix in EnglishOld word list: thro
2026-06-06 02:33:49.904	[RPC0]	INFO	default	src/mnemonics/language_base.h:132	EnglishOld word 'wow' is shorter than its prefix length, 4
2026-06-06 02:33:49.904	[RPC0]	WARNING	default	src/mnemonics/language_base.h:148	Duplicate prefix in EnglishOld word list: cour
2026-06-06 02:33:49.904	[RPC0]	INFO	default	src/mnemonics/language_base.h:132	EnglishOld word 'dim' is shorter than its prefix length, 4
2026-06-06 02:33:49.904	[RPC0]	INFO	default	src/mnemonics/language_base.h:132	EnglishOld word 'hum' is shorter than its prefix length, 4
2026-06-06 02:33:49.904	[RPC0]	INFO	default	src/mnemonics/language_base.h:132	EnglishOld word 'led' is shorter than its prefix length, 4
2026-06-06 02:33:49.904	[RPC0]	WARNING	default	src/mnemonics/language_base.h:148	Duplicate prefix in EnglishOld word list: natu
2026-06-06 02:33:49.904	[RPC0]	WARNING	default	src/mnemonics/language_base.h:148	Duplicate prefix in EnglishOld word list: near
2026-06-06 02:33:49.904	[RPC0]	WARNING	default	src/mnemonics/language_base.h:148	Duplicate prefix in EnglishOld word list: need
2026-06-06 02:33:49.904	[RPC0]	WARNING	default	src/mnemonics/language_base.h:148	Duplicate prefix in EnglishOld word list: peac
2026-06-06 02:33:49.904	[RPC0]	WARNING	default	src/mnemonics/language_base.h:148	Duplicate prefix in EnglishOld word list: perf
2026-06-06 02:33:49.905	[RPC0]	WARNING	default	src/mnemonics/language_base.h:148	Duplicate prefix in EnglishOld word list: shin
2026-06-06 02:33:49.905	[RPC0]	WARNING	default	src/mnemonics/language_base.h:148	Duplicate prefix in EnglishOld word list: shoo
2026-06-06 02:33:49.905	[RPC0]	INFO	default	src/mnemonics/language_base.h:132	EnglishOld word 'sob' is shorter than its prefix length, 4
2026-06-06 02:33:49.905	[RPC0]	WARNING	default	src/mnemonics/language_base.h:148	Duplicate prefix in EnglishOld word list: stol
2026-06-06 02:33:49.905	[RPC0]	INFO	default	src/mnemonics/language_base.h:132	EnglishOld word 'tap' is shorter than its prefix length, 4
2026-06-06 02:33:49.905	[RPC0]	WARNING	default	src/mnemonics/language_base.h:148	Duplicate prefix in EnglishOld word list: boun
2026-06-06 02:33:49.905	[RPC0]	WARNING	default	src/mnemonics/language_base.h:148	Duplicate prefix in EnglishOld word list: deci
2026-06-06 02:33:49.905	[RPC0]	WARNING	default	src/mnemonics/language_base.h:148	Duplicate prefix in EnglishOld word list: desp
2026-06-06 02:33:49.905	[RPC0]	INFO	default	src/mnemonics/language_base.h:132	EnglishOld word 'dig' is shorter than its prefix length, 4
2026-06-06 02:33:49.905	[RPC0]	INFO	default	src/mnemonics/language_base.h:132	EnglishOld word 'dot' is shorter than its prefix length, 4
2026-06-06 02:33:49.905	[RPC0]	WARNING	default	src/mnemonics/language_base.h:148	Duplicate prefix in EnglishOld word list: hear
2026-06-06 02:33:49.905	[RPC0]	INFO	default	src/mnemonics/language_base.h:132	EnglishOld word 'odd' is shorter than its prefix length, 4
2026-06-06 02:33:49.905	[RPC0]	WARNING	default	src/mnemonics/language_base.h:148	Duplicate prefix in EnglishOld word list: quie
2026-06-06 02:33:49.905	[RPC0]	WARNING	default	src/mnemonics/language_base.h:148	Duplicate prefix in EnglishOld word list: sent
2026-06-06 02:33:49.905	[RPC0]	WARNING	default	src/mnemonics/language_base.h:148	Duplicate prefix in EnglishOld word list: stra
2026-06-06 02:33:49.905	[RPC0]	WARNING	default	src/mnemonics/language_base.h:148	Duplicate prefix in EnglishOld word list: unde
2026-06-06 02:33:49.905	[RPC0]	WARNING	default	src/mnemonics/language_base.h:148	Duplicate prefix in EnglishOld word list: whis
2026-06-06 02:33:49.905	[RPC0]	WARNING	default	src/mnemonics/language_base.h:148	Duplicate prefix in EnglishOld word list: anyw
2026-06-06 02:33:49.905	[RPC0]	INFO	default	src/mnemonics/language_base.h:132	EnglishOld word 'bid' is shorter than its prefix length, 4
2026-06-06 02:33:49.905	[RPC0]	WARNING	default	src/mnemonics/language_base.h:148	Duplicate prefix in EnglishOld word list: bloo
2026-06-06 02:33:49.905	[RPC0]	WARNING	default	src/mnemonics/language_base.h:148	Duplicate prefix in EnglishOld word list: care
2026-06-06 02:33:49.905	[RPC0]	WARNING	default	src/mnemonics/language_base.h:148	Duplicate prefix in EnglishOld word list: comp
2026-06-06 02:33:49.905	[RPC0]	WARNING	default	src/mnemonics/language_base.h:148	Duplicate prefix in EnglishOld word list: desc
2026-06-06 02:33:49.905	[RPC0]	WARNING	default	src/mnemonics/language_base.h:148	Duplicate prefix in EnglishOld word list: doub
2026-06-06 02:33:49.905	[RPC0]	WARNING	default	src/mnemonics/language_base.h:148	Duplicate prefix in EnglishOld word list: drea
2026-06-06 02:33:49.906	[RPC0]	WARNING	default	src/mnemonics/language_base.h:148	Duplicate prefix in EnglishOld word list: driv
2026-06-06 02:33:49.906	[RPC0]	WARNING	default	src/mnemonics/language_base.h:148	Duplicate prefix in EnglishOld word list: even
2026-06-06 02:33:49.906	[RPC0]	WARNING	default	src/mnemonics/language_base.h:148	Duplicate prefix in EnglishOld word list: gran
2026-06-06 02:33:49.906	[RPC0]	WARNING	default	src/mnemonics/language_base.h:148	Duplicate prefix in EnglishOld word list: hung
2026-06-06 02:33:49.906	[RPC0]	WARNING	default	src/mnemonics/language_base.h:148	Duplicate prefix in EnglishOld word list: show
2026-06-06 02:33:49.906	[RPC0]	INFO	default	src/mnemonics/language_base.h:132	EnglishOld word 'shy' is shorter than its prefix length, 4
2026-06-06 02:33:49.906	[RPC0]	WARNING	default	src/mnemonics/language_base.h:148	Duplicate prefix in EnglishOld word list: weak
2026-06-06 02:33:49.906	[RPC0]	WARNING	default	src/mnemonics/language_base.h:148	Duplicate prefix in EnglishOld word list: wors
2026-06-06 02:33:49.906	[RPC0]	WARNING	default	src/mnemonics/language_base.h:148	Duplicate prefix in EnglishOld word list: wort
2026-06-06 02:33:49.906	[RPC0]	WARNING	default	src/mnemonics/language_base.h:148	Duplicate prefix in EnglishOld word list: afte
2026-06-06 02:33:49.906	[RPC0]	WARNING	default	src/mnemonics/language_base.h:148	Duplicate prefix in EnglishOld word list: conc
2026-06-06 02:33:49.906	[RPC0]	WARNING	default	src/mnemonics/language_base.h:148	Duplicate prefix in EnglishOld word list: draw
2026-06-06 02:33:49.906	[RPC0]	INFO	default	src/mnemonics/language_base.h:132	EnglishOld word 'due' is shorter than its prefix length, 4
2026-06-06 02:33:49.906	[RPC0]	WARNING	default	src/mnemonics/language_base.h:148	Duplicate prefix in EnglishOld word list: free
2026-06-06 02:33:49.906	[RPC0]	WARNING	default	src/mnemonics/language_base.h:148	Duplicate prefix in EnglishOld word list: harm
2026-06-06 02:33:49.906	[RPC0]	WARNING	default	src/mnemonics/language_base.h:148	Duplicate prefix in EnglishOld word list: hope
2026-06-06 02:33:49.906	[RPC0]	WARNING	default	src/mnemonics/language_base.h:148	Duplicate prefix in EnglishOld word list: quit
2026-06-06 02:33:49.906	[RPC0]	WARNING	default	src/mnemonics/language_base.h:148	Duplicate prefix in EnglishOld word list: resp
2026-06-06 02:33:49.906	[RPC0]	WARNING	default	src/mnemonics/language_base.h:148	Duplicate prefix in EnglishOld word list: salt
2026-06-06 02:33:49.906	[RPC0]	WARNING	default	src/mnemonics/language_base.h:148	Duplicate prefix in EnglishOld word list: shee
2026-06-06 02:33:49.906	[RPC0]	WARNING	default	src/mnemonics/language_base.h:148	Duplicate prefix in EnglishOld word list: soci
2026-06-06 02:33:49.906	[RPC0]	INFO	default	src/mnemonics/language_base.h:132	EnglishOld word 'aim' is shorter than its prefix length, 4
2026-06-06 02:33:49.906	[RPC0]	WARNING	default	src/mnemonics/language_base.h:148	Duplicate prefix in EnglishOld word list: awak
2026-06-06 02:33:49.906	[RPC0]	WARNING	default	src/mnemonics/language_base.h:148	Duplicate prefix in EnglishOld word list: beli
2026-06-06 02:33:49.906	[RPC0]	WARNING	default	src/mnemonics/language_base.h:148	Duplicate prefix in EnglishOld word list: bran
2026-06-06 02:33:49.906	[RPC0]	WARNING	default	src/mnemonics/language_base.h:148	Duplicate prefix in EnglishOld word list: chee
2026-06-06 02:33:49.906	[RPC0]	WARNING	default	src/mnemonics/language_base.h:148	Duplicate prefix in EnglishOld word list: conf
2026-06-06 02:33:49.906	[RPC0]	WARNING	default	src/mnemonics/language_base.h:148	Duplicate prefix in EnglishOld word list: conn
2026-06-06 02:33:49.906	[RPC0]	WARNING	default	src/mnemonics/language_base.h:148	Duplicate prefix in EnglishOld word list: ever
2026-06-06 02:33:49.906	[RPC0]	WARNING	default	src/mnemonics/language_base.h:148	Duplicate prefix in EnglishOld word list: expr
2026-06-06 02:33:49.906	[RPC0]	INFO	default	src/mnemonics/language_base.h:132	EnglishOld word 'fan' is shorter than its prefix length, 4
2026-06-06 02:33:49.907	[RPC0]	INFO	default	src/mnemonics/language_base.h:132	EnglishOld word 'fur' is shorter than its prefix length, 4
2026-06-06 02:33:49.907	[RPC0]	WARNING	default	src/mnemonics/language_base.h:148	Duplicate prefix in EnglishOld word list: glor
2026-06-06 02:33:49.907	[RPC0]	WARNING	default	src/mnemonics/language_base.h:148	Duplicate prefix in EnglishOld word list: igno
2026-06-06 02:33:49.907	[RPC0]	INFO	default	src/mnemonics/language_base.h:132	EnglishOld word 'law' is shorter than its prefix length, 4
2026-06-06 02:33:49.907	[RPC0]	WARNING	default	src/mnemonics/language_base.h:148	Duplicate prefix in EnglishOld word list: migh
2026-06-06 02:33:49.907	[RPC0]	WARNING	default	src/mnemonics/language_base.h:148	Duplicate prefix in EnglishOld word list: pati
2026-06-06 02:33:49.907	[RPC0]	WARNING	default	src/mnemonics/language_base.h:148	Duplicate prefix in EnglishOld word list: poss
2026-06-06 02:33:49.907	[RPC0]	WARNING	default	src/mnemonics/language_base.h:148	Duplicate prefix in EnglishOld word list: stri
2026-06-06 02:33:49.907	[RPC0]	WARNING	default	src/mnemonics/language_base.h:148	Duplicate prefix in EnglishOld word list: stri
2026-06-06 02:33:49.907	[RPC0]	WARNING	default	src/mnemonics/language_base.h:148	Duplicate prefix in EnglishOld word list: suff
2026-06-06 02:33:49.907	[RPC0]	INFO	default	src/mnemonics/language_base.h:132	EnglishOld word 'cap' is shorter than its prefix length, 4
2026-06-06 02:33:49.907	[RPC0]	WARNING	default	src/mnemonics/language_base.h:148	Duplicate prefix in EnglishOld word list: cert
2026-06-06 02:33:49.907	[RPC0]	WARNING	default	src/mnemonics/language_base.h:148	Duplicate prefix in EnglishOld word list: comp
2026-06-06 02:33:49.907	[RPC0]	WARNING	default	src/mnemonics/language_base.h:148	Duplicate prefix in EnglishOld word list: crea
2026-06-06 02:33:49.907	[RPC0]	WARNING	default	src/mnemonics/language_base.h:148	Duplicate prefix in EnglishOld word list: deli
2026-06-06 02:33:49.907	[RPC0]	WARNING	default	src/mnemonics/language_base.h:148	Duplicate prefix in EnglishOld word list: drag
2026-06-06 02:33:49.907	[RPC0]	WARNING	default	src/mnemonics/language_base.h:148	Duplicate prefix in EnglishOld word list: ever
2026-06-06 02:33:49.907	[RPC0]	WARNING	default	src/mnemonics/language_base.h:148	Duplicate prefix in EnglishOld word list: fore
2026-06-06 02:33:49.907	[RPC0]	WARNING	default	src/mnemonics/language_base.h:148	Duplicate prefix in EnglishOld word list: form
2026-06-06 02:33:49.907	[RPC0]	WARNING	default	src/mnemonics/language_base.h:148	Duplicate prefix in EnglishOld word list: frig
2026-06-06 02:33:49.907	[RPC0]	INFO	default	src/mnemonics/language_base.h:132	EnglishOld word 'gas' is shorter than its prefix length, 4
2026-06-06 02:33:49.907	[RPC0]	WARNING	default	src/mnemonics/language_base.h:148	Duplicate prefix in EnglishOld word list: invi
2026-06-06 02:33:49.907	[RPC0]	WARNING	default	src/mnemonics/language_base.h:148	Duplicate prefix in EnglishOld word list: poss
2026-06-06 02:33:49.907	[RPC0]	INFO	default	src/mnemonics/language_base.h:132	EnglishOld word 'raw' is shorter than its prefix length, 4
2026-06-06 02:33:49.907	[RPC0]	WARNING	default	src/mnemonics/language_base.h:148	Duplicate prefix in EnglishOld word list: scar
2026-06-06 02:33:49.907	[RPC0]	WARNING	default	src/mnemonics/language_base.h:148	Duplicate prefix in EnglishOld word list: seve
2026-06-06 02:33:49.907	[RPC0]	WARNING	default	src/mnemonics/language_base.h:148	Duplicate prefix in EnglishOld word list: slig
2026-06-06 02:33:49.908	[RPC0]	INFO	default	src/mnemonics/language_base.h:132	EnglishOld word 'tea' is shorter than its prefix length, 4
2026-06-06 02:33:49.908	[RPC0]	WARNING	default	src/mnemonics/language_base.h:148	Duplicate prefix in EnglishOld word list: terr
2026-06-06 02:33:49.908	[RPC0]	WARNING	default	src/mnemonics/language_base.h:148	Duplicate prefix in EnglishOld word list: thre
2026-06-06 02:33:49.908	[RPC0]	WARNING	default	src/mnemonics/language_base.h:148	Duplicate prefix in EnglishOld word list: tric
2026-06-06 02:33:49.908	[RPC0]	INFO	default	src/mnemonics/language_base.h:132	EnglishOld word 'awe' is shorter than its prefix length, 4
2026-06-06 02:33:49.908	[RPC0]	WARNING	default	src/mnemonics/language_base.h:148	Duplicate prefix in EnglishOld word list: char
2026-06-06 02:33:49.908	[RPC0]	WARNING	default	src/mnemonics/language_base.h:148	Duplicate prefix in EnglishOld word list: chea
2026-06-06 02:33:49.908	[RPC0]	WARNING	default	src/mnemonics/language_base.h:148	Duplicate prefix in EnglishOld word list: comm
2026-06-06 02:33:49.908	[RPC0]	WARNING	default	src/mnemonics/language_base.h:148	Duplicate prefix in EnglishOld word list: comp
2026-06-06 02:33:49.908	[RPC0]	WARNING	default	src/mnemonics/language_base.h:148	Duplicate prefix in EnglishOld word list: crea
2026-06-06 02:33:49.909	[RPC0]	WARNING	default	src/mnemonics/language_base.h:148	Duplicate prefix in EnglishOld word list: defe
2026-06-06 02:33:49.909	[RPC0]	WARNING	default	src/mnemonics/language_base.h:148	Duplicate prefix in EnglishOld word list: desp
2026-06-06 02:33:49.909	[RPC0]	WARNING	default	src/mnemonics/language_base.h:148	Duplicate prefix in EnglishOld word list: dest
2026-06-06 02:33:49.909	[RPC0]	INFO	default	src/mnemonics/language_base.h:132	EnglishOld word 'dew' is shorter than its prefix length, 4
2026-06-06 02:33:49.909	[RPC0]	WARNING	default	src/mnemonics/language_base.h:148	Duplicate prefix in EnglishOld word list: dust
2026-06-06 02:33:49.909	[RPC0]	WARNING	default	src/mnemonics/language_base.h:148	Duplicate prefix in EnglishOld word list: expl
2026-06-06 02:33:49.909	[RPC0]	INFO	default	src/mnemonics/language_base.h:132	EnglishOld word 'foe' is shorter than its prefix length, 4
2026-06-06 02:33:49.909	[RPC0]	WARNING	default	src/mnemonics/language_base.h:148	Duplicate prefix in EnglishOld word list: free
2026-06-06 02:33:49.909	[RPC0]	WARNING	default	src/mnemonics/language_base.h:148	Duplicate prefix in EnglishOld word list: guil
2026-06-06 02:33:49.909	[RPC0]	WARNING	default	src/mnemonics/language_base.h:148	Duplicate prefix in EnglishOld word list: heal
2026-06-06 02:33:49.910	[RPC0]	WARNING	default	src/mnemonics/language_base.h:148	Duplicate prefix in EnglishOld word list: impo
2026-06-06 02:33:49.910	[RPC0]	INFO	default	src/mnemonics/language_base.h:132	EnglishOld word 'jaw' is shorter than its prefix length, 4
2026-06-06 02:33:49.910	[RPC0]	WARNING	default	src/mnemonics/language_base.h:148	Duplicate prefix in EnglishOld word list: king
2026-06-06 02:33:49.910	[RPC0]	WARNING	default	src/mnemonics/language_base.h:148	Duplicate prefix in EnglishOld word list: mist
2026-06-06 02:33:49.910	[RPC0]	INFO	default	src/mnemonics/language_base.h:132	EnglishOld word 'ode' is shorter than its prefix length, 4
2026-06-06 02:33:49.910	[RPC0]	WARNING	default	src/mnemonics/language_base.h:148	Duplicate prefix in EnglishOld word list: path
2026-06-06 02:33:49.910	[RPC0]	INFO	default	src/mnemonics/language_base.h:132	EnglishOld word 'pie' is shorter than its prefix length, 4
2026-06-06 02:33:49.910	[RPC0]	WARNING	default	src/mnemonics/language_base.h:148	Duplicate prefix in EnglishOld word list: reve
2026-06-06 02:33:49.911	[RPC0]	WARNING	default	src/mnemonics/language_base.h:148	Duplicate prefix in EnglishOld word list: scra
2026-06-06 02:33:49.911	[RPC0]	WARNING	default	src/mnemonics/language_base.h:148	Duplicate prefix in EnglishOld word list: spir
2026-06-06 02:33:49.911	[RPC0]	WARNING	default	src/mnemonics/language_base.h:148	Duplicate prefix in EnglishOld word list: stra
2026-06-06 02:33:49.911	[RPC0]	WARNING	default	src/mnemonics/language_base.h:148	Duplicate prefix in EnglishOld word list: thro
2026-06-06 02:33:49.911	[RPC0]	INFO	mnemonic	src/mnemonics/electrum-words.cpp:236	Checksum is valid
2026-06-06 02:33:49.911	[RPC0]	INFO	mnemonic	src/mnemonics/electrum-words.cpp:163	Full match for language English
2026-06-06 02:33:49.912	[RPC0]	INFO	mnemonic	src/mnemonics/electrum-words.cpp:236	Checksum is valid
2026-06-06 02:33:49.913	[RPC0]	INFO	net	contrib/epee/src/net_parse_helpers.cpp:144	[PARSE URI] regex not matched for uri: ^(([^:]*?)://)?(\[(.*)\](:(\d+))?)(.*)?
2026-06-06 02:33:49.913	[RPC0]	INFO	wallet.wallet2	src/wallet/wallet2.cpp:458	Daemon is local, assuming trusted
2026-06-06 02:33:49.915	[RPC0]	INFO	wallet.wallet2	src/wallet/wallet2.cpp:1428	setting daemon to 127.0.0.1:22641
2026-06-06 02:33:49.915	[RPC0]	INFO	net	contrib/epee/src/net_parse_helpers.cpp:144	[PARSE URI] regex not matched for uri: ^(([^:]*?)://)?(\[(.*)\](:(\d+))?)(.*)?
2026-06-06 02:33:49.979	[RPC0]	INFO	net.ssl	contrib/epee/src/net_ssl.cpp:145	Generating SSL certificate
2026-06-06 02:33:54.307	[RPC0]	INFO	wallet.wallet2	src/wallet/wallet2.cpp:8795	ringdb path set to /home/heff/.wow-shared-ringdb/testnet
2026-06-06 02:33:54.307	[RPC0]	INFO	randomx	contrib/epee/src/mlog.cpp:517	RandomX new secondary seed hash is 0000000000000000000000000000000000000000000000000000000000000000
2026-06-06 02:33:54.308	[RPC0]	INFO	stacktrace	src/common/stack_trace.cpp:134	Exception: std::bad_alloc
2026-06-06 02:33:54.308	[RPC0]	INFO	stacktrace	src/common/stack_trace.cpp:135	Unwound call stack:
2026-06-06 02:33:54.308	[RPC0]	INFO	stacktrace	src/common/stack_trace.cpp:173	    [1]  0xcc) [0x55562f60b294]:__cxa_throw+0xcc) [0x55562f60b294]
2026-06-06 02:33:54.308	[RPC0]	INFO	stacktrace	src/common/stack_trace.cpp:173	    [2] /home/heff/CryLo/electron/bin/linux/CryLo-wallet-rpc(+0x6bcd24) [0x55562fbbcd24] 
2026-06-06 02:33:54.308	[RPC0]	INFO	stacktrace	src/common/stack_trace.cpp:173	    [3] /home/heff/CryLo/electron/bin/linux/CryLo-wallet-rpc(+0x6b27f0) [0x55562fbb27f0] 
2026-06-06 02:33:54.308	[RPC0]	INFO	stacktrace	src/common/stack_trace.cpp:173	    [4] /home/heff/CryLo/electron/bin/linux/CryLo-wallet-rpc(+0x4d681c) [0x55562f9d681c] 
2026-06-06 02:33:54.308	[RPC0]	INFO	stacktrace	src/common/stack_trace.cpp:173	    [5] /home/heff/CryLo/electron/bin/linux/CryLo-wallet-rpc(+0x4d76d4) [0x55562f9d76d4] 
2026-06-06 02:33:54.308	[RPC0]	INFO	stacktrace	src/common/stack_trace.cpp:173	    [6] /home/heff/CryLo/electron/bin/linux/CryLo-wallet-rpc(+0x445918) [0x55562f945918] 
2026-06-06 02:33:54.308	[RPC0]	INFO	stacktrace	src/common/stack_trace.cpp:173	    [7] /home/heff/CryLo/electron/bin/linux/CryLo-wallet-rpc(+0x445aac) [0x55562f945aac] 
2026-06-06 02:33:54.308	[RPC0]	INFO	stacktrace	src/common/stack_trace.cpp:173	    [8] /home/heff/CryLo/electron/bin/linux/CryLo-wallet-rpc(+0x5bc9e8) [0x55562fabc9e8] 
2026-06-06 02:33:54.308	[RPC0]	INFO	stacktrace	src/common/stack_trace.cpp:173	    [9] /home/heff/CryLo/electron/bin/linux/CryLo-wallet-rpc(+0x44a038) [0x55562f94a038] 
2026-06-06 02:33:54.308	[RPC0]	INFO	stacktrace	src/common/stack_trace.cpp:173	    [10] /home/heff/CryLo/electron/bin/linux/CryLo-wallet-rpc(+0x2aa53c) [0x55562f7aa53c] 
2026-06-06 02:33:54.308	[RPC0]	INFO	stacktrace	src/common/stack_trace.cpp:173	    [11] /home/heff/CryLo/electron/bin/linux/CryLo-wallet-rpc(+0x2afc50) [0x55562f7afc50] 
2026-06-06 02:33:54.308	[RPC0]	INFO	stacktrace	src/common/stack_trace.cpp:173	    [12] /home/heff/CryLo/electron/bin/linux/CryLo-wallet-rpc(+0x2b193c) [0x55562f7b193c] 
2026-06-06 02:33:54.308	[RPC0]	INFO	stacktrace	src/common/stack_trace.cpp:173	    [13] /home/heff/CryLo/electron/bin/linux/CryLo-wallet-rpc(+0x156dc8) [0x55562f656dc8] 
2026-06-06 02:33:54.308	[RPC0]	INFO	stacktrace	src/common/stack_trace.cpp:173	    [14] /home/heff/CryLo/electron/bin/linux/CryLo-wallet-rpc(+0x239510) [0x55562f739510] 
2026-06-06 02:33:54.308	[RPC0]	INFO	stacktrace	src/common/stack_trace.cpp:173	    [15] /home/heff/CryLo/electron/bin/linux/CryLo-wallet-rpc(+0x24eab4) [0x55562f74eab4] 
2026-06-06 02:33:54.308	[RPC0]	INFO	stacktrace	src/common/stack_trace.cpp:173	    [16] /home/heff/CryLo/electron/bin/linux/CryLo-wallet-rpc(+0x19c26c) [0x55562f69c26c] 
2026-06-06 02:33:54.308	[RPC0]	INFO	stacktrace	src/common/stack_trace.cpp:173	    [17] /home/heff/CryLo/electron/bin/linux/CryLo-wallet-rpc(+0x2517c0) [0x55562f7517c0] 
2026-06-06 02:33:54.308	[RPC0]	INFO	stacktrace	src/common/stack_trace.cpp:173	    [18] /home/heff/CryLo/electron/bin/linux/CryLo-wallet-rpc(+0x252690) [0x55562f752690] 
2026-06-06 02:33:54.308	[RPC0]	INFO	stacktrace	src/common/stack_trace.cpp:173	    [19] /home/heff/CryLo/electron/bin/linux/CryLo-wallet-rpc(+0x253388) [0x55562f753388] 
2026-06-06 02:33:54.308	[RPC0]	INFO	stacktrace	src/common/stack_trace.cpp:173	    [20] /home/heff/CryLo/electron/bin/linux/CryLo-wallet-rpc(+0x253478) [0x55562f753478] 
2026-06-06 02:33:54.308	[RPC0]	INFO	stacktrace	src/common/stack_trace.cpp:173	    [21] /home/heff/CryLo/electron/bin/linux/CryLo-wallet-rpc(+0x1877b4) [0x55562f6877b4] 
2026-06-06 02:33:54.308	[RPC0]	INFO	stacktrace	src/common/stack_trace.cpp:173	    [22] /home/heff/CryLo/electron/bin/linux/CryLo-wallet-rpc(+0x18847c) [0x55562f68847c] 
2026-06-06 02:33:54.308	[RPC0]	INFO	stacktrace	src/common/stack_trace.cpp:173	    [23] /home/heff/CryLo/electron/bin/linux/CryLo-wallet-rpc(+0x135ab4) [0x55562f635ab4] 
2026-06-06 02:33:54.308	[RPC0]	INFO	stacktrace	src/common/stack_trace.cpp:173	    [24] /home/heff/CryLo/electron/bin/linux/CryLo-wallet-rpc(+0x1a4080) [0x55562f6a4080] 
2026-06-06 02:33:54.308	[RPC0]	INFO	stacktrace	src/common/stack_trace.cpp:173	    [25]  0xa6e8) [0x7fffb453a6e8]:_thread.so.1.74.0(+0xa6e8) [0x7fffb453a6e8]
2026-06-06 02:33:54.308	[RPC0]	INFO	stacktrace	src/common/stack_trace.cpp:173	    [26] /lib/aarch64-linux-gnu/libc.so.6(+0x82030) [0x7fffb3812030] 
2026-06-06 02:33:54.308	[RPC0]	INFO	stacktrace	src/common/stack_trace.cpp:173	    [27] /lib/aarch64-linux-gnu/libc.so.6(+0xebf1c) [0x7fffb387bf1c] 
2026-06-06 02:33:54.308	[RPC0]	INFO	stacktrace	src/common/stack_trace.cpp:173	
2026-06-06 02:33:55.213	[RPC0]	INFO	randomx	contrib/epee/src/mlog.cpp:517	RandomX secondary cache updated
2026-06-06 02:33:55.213	[RPC0]	INFO	stacktrace	src/common/stack_trace.cpp:134	Exception: std::bad_alloc
2026-06-06 02:33:55.213	[RPC0]	INFO	stacktrace	src/common/stack_trace.cpp:135	Unwound call stack:
2026-06-06 02:33:55.213	[RPC0]	INFO	stacktrace	src/common/stack_trace.cpp:173	    [1]  0xcc) [0x55562f60b294]:__cxa_throw+0xcc) [0x55562f60b294]
2026-06-06 02:33:55.214	[RPC0]	INFO	stacktrace	src/common/stack_trace.cpp:173	    [2] /home/heff/CryLo/electron/bin/linux/CryLo-wallet-rpc(+0x6bcd24) [0x55562fbbcd24] 
2026-06-06 02:33:55.214	[RPC0]	INFO	stacktrace	src/common/stack_trace.cpp:173	    [3] /home/heff/CryLo/electron/bin/linux/CryLo-wallet-rpc(+0x6b5bac) [0x55562fbb5bac] 
2026-06-06 02:33:55.214	[RPC0]	INFO	stacktrace	src/common/stack_trace.cpp:173	    [4] /home/heff/CryLo/electron/bin/linux/CryLo-wallet-rpc(+0x6b2b10) [0x55562fbb2b10] 
2026-06-06 02:33:55.214	[RPC0]	INFO	stacktrace	src/common/stack_trace.cpp:173	    [5] /home/heff/CryLo/electron/bin/linux/CryLo-wallet-rpc(+0x4d65c8) [0x55562f9d65c8] 
2026-06-06 02:33:55.214	[RPC0]	INFO	stacktrace	src/common/stack_trace.cpp:173	    [6] /home/heff/CryLo/electron/bin/linux/CryLo-wallet-rpc(+0x4d740c) [0x55562f9d740c] 
2026-06-06 02:33:55.214	[RPC0]	INFO	stacktrace	src/common/stack_trace.cpp:173	    [7] /home/heff/CryLo/electron/bin/linux/CryLo-wallet-rpc(+0x445918) [0x55562f945918] 
2026-06-06 02:33:55.214	[RPC0]	INFO	stacktrace	src/common/stack_trace.cpp:173	    [8] /home/heff/CryLo/electron/bin/linux/CryLo-wallet-rpc(+0x445aac) [0x55562f945aac] 
2026-06-06 02:33:55.214	[RPC0]	INFO	stacktrace	src/common/stack_trace.cpp:173	    [9] /home/heff/CryLo/electron/bin/linux/CryLo-wallet-rpc(+0x5bc9e8) [0x55562fabc9e8] 
2026-06-06 02:33:55.214	[RPC0]	INFO	stacktrace	src/common/stack_trace.cpp:173	    [10] /home/heff/CryLo/electron/bin/linux/CryLo-wallet-rpc(+0x44a038) [0x55562f94a038] 
2026-06-06 02:33:55.214	[RPC0]	INFO	stacktrace	src/common/stack_trace.cpp:173	    [11] /home/heff/CryLo/electron/bin/linux/CryLo-wallet-rpc(+0x2aa53c) [0x55562f7aa53c] 
2026-06-06 02:33:55.214	[RPC0]	INFO	stacktrace	src/common/stack_trace.cpp:173	    [12] /home/heff/CryLo/electron/bin/linux/CryLo-wallet-rpc(+0x2afc50) [0x55562f7afc50] 
2026-06-06 02:33:55.214	[RPC0]	INFO	stacktrace	src/common/stack_trace.cpp:173	    [13] /home/heff/CryLo/electron/bin/linux/CryLo-wallet-rpc(+0x2b193c) [0x55562f7b193c] 
2026-06-06 02:33:55.214	[RPC0]	INFO	stacktrace	src/common/stack_trace.cpp:173	    [14] /home/heff/CryLo/electron/bin/linux/CryLo-wallet-rpc(+0x156dc8) [0x55562f656dc8] 
2026-06-06 02:33:55.214	[RPC0]	INFO	stacktrace	src/common/stack_trace.cpp:173	    [15] /home/heff/CryLo/electron/bin/linux/CryLo-wallet-rpc(+0x239510) [0x55562f739510] 
2026-06-06 02:33:55.214	[RPC0]	INFO	stacktrace	src/common/stack_trace.cpp:173	    [16] /home/heff/CryLo/electron/bin/linux/CryLo-wallet-rpc(+0x24eab4) [0x55562f74eab4] 
2026-06-06 02:33:55.214	[RPC0]	INFO	stacktrace	src/common/stack_trace.cpp:173	    [17] /home/heff/CryLo/electron/bin/linux/CryLo-wallet-rpc(+0x19c26c) [0x55562f69c26c] 
2026-06-06 02:33:55.214	[RPC0]	INFO	stacktrace	src/common/stack_trace.cpp:173	    [18] /home/heff/CryLo/electron/bin/linux/CryLo-wallet-rpc(+0x2517c0) [0x55562f7517c0] 
2026-06-06 02:33:55.214	[RPC0]	INFO	stacktrace	src/common/stack_trace.cpp:173	    [19] /home/heff/CryLo/electron/bin/linux/CryLo-wallet-rpc(+0x252690) [0x55562f752690] 
2026-06-06 02:33:55.214	[RPC0]	INFO	stacktrace	src/common/stack_trace.cpp:173	    [20] /home/heff/CryLo/electron/bin/linux/CryLo-wallet-rpc(+0x253388) [0x55562f753388] 
2026-06-06 02:33:55.214	[RPC0]	INFO	stacktrace	src/common/stack_trace.cpp:173	    [21] /home/heff/CryLo/electron/bin/linux/CryLo-wallet-rpc(+0x253478) [0x55562f753478] 
2026-06-06 02:33:55.214	[RPC0]	INFO	stacktrace	src/common/stack_trace.cpp:173	    [22] /home/heff/CryLo/electron/bin/linux/CryLo-wallet-rpc(+0x1877b4) [0x55562f6877b4] 
2026-06-06 02:33:55.214	[RPC0]	INFO	stacktrace	src/common/stack_trace.cpp:173	    [23] /home/heff/CryLo/electron/bin/linux/CryLo-wallet-rpc(+0x18847c) [0x55562f68847c] 
2026-06-06 02:33:55.214	[RPC0]	INFO	stacktrace	src/common/stack_trace.cpp:173	    [24] /home/heff/CryLo/electron/bin/linux/CryLo-wallet-rpc(+0x135ab4) [0x55562f635ab4] 
2026-06-06 02:33:55.214	[RPC0]	INFO	stacktrace	src/common/stack_trace.cpp:173	    [25] /home/heff/CryLo/electron/bin/linux/CryLo-wallet-rpc(+0x1a4080) [0x55562f6a4080] 
2026-06-06 02:33:55.214	[RPC0]	INFO	stacktrace	src/common/stack_trace.cpp:173	    [26]  0xa6e8) [0x7fffb453a6e8]:_thread.so.1.74.0(+0xa6e8) [0x7fffb453a6e8]
2026-06-06 02:33:55.214	[RPC0]	INFO	stacktrace	src/common/stack_trace.cpp:173	    [27] /lib/aarch64-linux-gnu/libc.so.6(+0x82030) [0x7fffb3812030] 
2026-06-06 02:33:55.214	[RPC0]	INFO	stacktrace	src/common/stack_trace.cpp:173	    [28] /lib/aarch64-linux-gnu/libc.so.6(+0xebf1c) [0x7fffb387bf1c] 
2026-06-06 02:33:55.214	[RPC0]	INFO	stacktrace	src/common/stack_trace.cpp:173	
2026-06-06 02:33:55.246	[RPC0]	INFO	net	contrib/epee/src/net_parse_helpers.cpp:144	[PARSE URI] regex not matched for uri: ^(([^:]*?)://)?(\[(.*)\](:(\d+))?)(.*)?
2026-06-06 02:33:55.289	[RPC0]	INFO	net.ssl	contrib/epee/src/net_ssl.cpp:145	Generating SSL certificate
2026-06-06 02:33:58.325	[RPC0]	INFO	wallet.wallet2	src/wallet/wallet2.cpp:8819	caching ringdb key
2026-06-06 02:33:58.855	[RPC0]	INFO	wallet.rpc	src/wallet/wallet_rpc_server.cpp:4224	Wallet has been restored.
2026-06-06 02:33:58.918	[RPC0]	INFO	wallet.rpc	src/wallet/wallet_rpc_server.h:68	HTTP [127.0.0.1] POST /json_rpc
2026-06-06 02:33:58.918	[RPC0]	INFO	wallet.rpc	src/wallet/wallet_rpc_server.h:72	[127.0.0.1:52228 INC] Calling RPC method get_balance
2026-06-06 02:33:58.921	[RPC0]	INFO	wallet.rpc	src/wallet/wallet_rpc_server.h:68	HTTP [127.0.0.1] POST /json_rpc
2026-06-06 02:33:58.921	[RPC0]	INFO	wallet.rpc	src/wallet/wallet_rpc_server.h:123	[127.0.0.1:52232 INC] Calling RPC method get_transfers
2026-06-06 02:33:59.044	[RPC0]	WARNING	net.ssl	contrib/epee/src/net_ssl.cpp:547	SSL peer has not been verified
2026-06-06 02:33:59.044	[RPC0]	WARNING	net.ssl	contrib/epee/src/net_ssl.cpp:547	SSL peer has not been verified
2026-06-06 02:33:59.937	[RPC0]	INFO	wallet.wallet2	src/wallet/wallet2.cpp:4316	Refresh done, blocks received: 0, balance (all accounts): 0.00000000000, unlocked: 0.00000000000
2026-06-06 02:34:01.139	[RPC0]	INFO	wallet.rpc	src/wallet/wallet_rpc_server.h:68	HTTP [127.0.0.1] POST /json_rpc
2026-06-06 02:34:01.139	[RPC0]	INFO	wallet.rpc	src/wallet/wallet_rpc_server.h:72	[127.0.0.1:52232 INC] Calling RPC method get_balance
2026-06-06 02:34:01.140	[RPC0]	INFO	wallet.rpc	src/wallet/wallet_rpc_server.h:68	HTTP [127.0.0.1] POST /json_rpc
2026-06-06 02:34:01.140	[RPC0]	INFO	wallet.rpc	src/wallet/wallet_rpc_server.h:123	[127.0.0.1:52228 INC] Calling RPC method get_transfers
2026-06-06 02:34:03.144	[RPC0]	INFO	wallet.rpc	src/wallet/wallet_rpc_server.h:68	HTTP [127.0.0.1] POST /json_rpc
2026-06-06 02:34:03.144	[RPC0]	INFO	wallet.rpc	src/wallet/wallet_rpc_server.h:72	[127.0.0.1:52228 INC] Calling RPC method get_balance
2026-06-06 02:34:03.144	[RPC0]	INFO	wallet.rpc	src/wallet/wallet_rpc_server.h:68	HTTP [127.0.0.1] POST /json_rpc
2026-06-06 02:34:03.144	[RPC0]	INFO	wallet.rpc	src/wallet/wallet_rpc_server.h:123	[127.0.0.1:52232 INC] Calling RPC method get_transfers
2026-06-06 02:34:05.149	[RPC0]	INFO	wallet.rpc	src/wallet/wallet_rpc_server.h:68	HTTP [127.0.0.1] POST /json_rpc
2026-06-06 02:34:05.149	[RPC0]	INFO	wallet.rpc	src/wallet/wallet_rpc_server.h:72	[127.0.0.1:52232 INC] Calling RPC method get_balance
2026-06-06 02:34:05.149	[RPC0]	INFO	wallet.rpc	src/wallet/wallet_rpc_server.h:68	HTTP [127.0.0.1] POST /json_rpc
2026-06-06 02:34:05.150	[RPC0]	INFO	wallet.rpc	src/wallet/wallet_rpc_server.h:123	[127.0.0.1:52228 INC] Calling RPC method get_transfers
2026-06-06 02:34:07.153	[RPC0]	INFO	wallet.rpc	src/wallet/wallet_rpc_server.h:68	HTTP [127.0.0.1] POST /json_rpc
2026-06-06 02:34:07.154	[RPC0]	INFO	wallet.rpc	src/wallet/wallet_rpc_server.h:72	[127.0.0.1:52228 INC] Calling RPC method get_balance
2026-06-06 02:34:07.154	[RPC0]	INFO	wallet.rpc	src/wallet/wallet_rpc_server.h:68	HTTP [127.0.0.1] POST /json_rpc
2026-06-06 02:34:07.154	[RPC0]	INFO	wallet.rpc	src/wallet/wallet_rpc_server.h:123	[127.0.0.1:52232 INC] Calling RPC method get_transfers
2026-06-06 02:34:19.945	[RPC0]	INFO	wallet.wallet2	src/wallet/wallet2.cpp:4316	Refresh done, blocks received: 0, balance (all accounts): 0.00000000000, unlocked: 0.00000000000
2026-06-06 02:34:29.217	[RPC0]	INFO	wallet.rpc	src/wallet/wallet_rpc_server.h:68	HTTP [127.0.0.1] POST /json_rpc
2026-06-06 02:34:29.217	[RPC0]	INFO	wallet.rpc	src/wallet/wallet_rpc_server.h:72	[127.0.0.1:40784 INC] Calling RPC method get_balance
2026-06-06 02:34:29.217	[RPC0]	INFO	wallet.rpc	src/wallet/wallet_rpc_server.h:68	HTTP [127.0.0.1] POST /json_rpc
2026-06-06 02:34:29.217	[RPC0]	INFO	wallet.rpc	src/wallet/wallet_rpc_server.h:123	[127.0.0.1:40798 INC] Calling RPC method get_transfers
2026-06-06 02:34:39.955	[RPC0]	INFO	wallet.wallet2	src/wallet/wallet2.cpp:4316	Refresh done, blocks received: 0, balance (all accounts): 0.00000000000, unlocked: 0.00000000000
2026-06-06 02:34:59.217	[RPC0]	INFO	wallet.rpc	src/wallet/wallet_rpc_server.h:68	HTTP [127.0.0.1] POST /json_rpc
2026-06-06 02:34:59.217	[RPC0]	INFO	wallet.rpc	src/wallet/wallet_rpc_server.h:72	[127.0.0.1:48150 INC] Calling RPC method get_balance
2026-06-06 02:34:59.217	[RPC0]	INFO	wallet.rpc	src/wallet/wallet_rpc_server.h:68	HTTP [127.0.0.1] POST /json_rpc
2026-06-06 02:34:59.217	[RPC0]	INFO	wallet.rpc	src/wallet/wallet_rpc_server.h:123	[127.0.0.1:48160 INC] Calling RPC method get_transfers
2026-06-06 02:34:59.967	[RPC0]	INFO	wallet.wallet2	src/wallet/wallet2.cpp:4316	Refresh done, blocks received: 0, balance (all accounts): 0.00000000000, unlocked: 0.00000000000
2026-06-06 02:35:19.971	[RPC0]	INFO	wallet.wallet2	src/wallet/wallet2.cpp:4316	Refresh done, blocks received: 0, balance (all accounts): 0.00000000000, unlocked: 0.00000000000
2026-06-06 02:35:29.219	[RPC0]	INFO	wallet.rpc	src/wallet/wallet_rpc_server.h:68	HTTP [127.0.0.1] POST /json_rpc
2026-06-06 02:35:29.219	[RPC0]	INFO	wallet.rpc	src/wallet/wallet_rpc_server.h:72	[127.0.0.1:57564 INC] Calling RPC method get_balance
2026-06-06 02:35:29.220	[RPC0]	INFO	wallet.rpc	src/wallet/wallet_rpc_server.h:68	HTTP [127.0.0.1] POST /json_rpc
2026-06-06 02:35:29.220	[RPC0]	INFO	wallet.rpc	src/wallet/wallet_rpc_server.h:123	[127.0.0.1:57566 INC] Calling RPC method get_transfers
2026-06-06 02:35:39.982	[RPC0]	INFO	wallet.wallet2	src/wallet/wallet2.cpp:4316	Refresh done, blocks received: 0, balance (all accounts): 0.00000000000, unlocked: 0.00000000000
2026-06-06 02:35:59.216	[RPC0]	INFO	wallet.rpc	src/wallet/wallet_rpc_server.h:68	HTTP [127.0.0.1] POST /json_rpc
2026-06-06 02:35:59.217	[RPC0]	INFO	wallet.rpc	src/wallet/wallet_rpc_server.h:72	[127.0.0.1:54202 INC] Calling RPC method get_balance
2026-06-06 02:35:59.217	[RPC0]	INFO	wallet.rpc	src/wallet/wallet_rpc_server.h:68	HTTP [127.0.0.1] POST /json_rpc
2026-06-06 02:35:59.217	[RPC0]	INFO	wallet.rpc	src/wallet/wallet_rpc_server.h:123	[127.0.0.1:54212 INC] Calling RPC method get_transfers
2026-06-06 02:35:59.990	[RPC0]	INFO	wallet.wallet2	src/wallet/wallet2.cpp:4316	Refresh done, blocks received: 0, balance (all accounts): 0.00000000000, unlocked: 0.00000000000
2026-06-06 02:36:20.007	[RPC0]	INFO	wallet.wallet2	src/wallet/wallet2.cpp:4316	Refresh done, blocks received: 0, balance (all accounts): 0.00000000000, unlocked: 0.00000000000
2026-06-06 02:36:38.218	[RPC0]	INFO	wallet.rpc	src/wallet/wallet_rpc_server.h:68	HTTP [127.0.0.1] POST /json_rpc
2026-06-06 02:36:38.218	[RPC0]	INFO	wallet.rpc	src/wallet/wallet_rpc_server.h:72	[127.0.0.1:54846 INC] Calling RPC method get_balance
2026-06-06 02:36:38.218	[RPC0]	INFO	wallet.rpc	src/wallet/wallet_rpc_server.h:68	HTTP [127.0.0.1] POST /json_rpc
2026-06-06 02:36:38.218	[RPC0]	INFO	wallet.rpc	src/wallet/wallet_rpc_server.h:123	[127.0.0.1:54852 INC] Calling RPC method get_transfers
2026-06-06 02:36:40.017	[RPC0]	INFO	wallet.wallet2	src/wallet/wallet2.cpp:4316	Refresh done, blocks received: 0, balance (all accounts): 0.00000000000, unlocked: 0.00000000000
2026-06-06 02:37:00.024	[RPC0]	INFO	wallet.wallet2	src/wallet/wallet2.cpp:4316	Refresh done, blocks received: 0, balance (all accounts): 0.00000000000, unlocked: 0.00000000000
2026-06-06 02:37:20.031	[RPC0]	INFO	wallet.wallet2	src/wallet/wallet2.cpp:4316	Refresh done, blocks received: 0, balance (all accounts): 0.00000000000, unlocked: 0.00000000000
2026-06-06 02:37:38.220	[RPC0]	INFO	wallet.rpc	src/wallet/wallet_rpc_server.h:68	HTTP [127.0.0.1] POST /json_rpc
2026-06-06 02:37:38.220	[RPC0]	INFO	wallet.rpc	src/wallet/wallet_rpc_server.h:72	[127.0.0.1:58262 INC] Calling RPC method get_balance
2026-06-06 02:37:38.220	[RPC0]	INFO	wallet.rpc	src/wallet/wallet_rpc_server.h:68	HTTP [127.0.0.1] POST /json_rpc
2026-06-06 02:37:38.220	[RPC0]	INFO	wallet.rpc	src/wallet/wallet_rpc_server.h:123	[127.0.0.1:58272 INC] Calling RPC method get_transfers
2026-06-06 02:37:40.036	[RPC0]	INFO	wallet.wallet2	src/wallet/wallet2.cpp:4316	Refresh done, blocks received: 0, balance (all accounts): 0.00000000000, unlocked: 0.00000000000
2026-06-06 02:38:00.043	[RPC0]	INFO	wallet.wallet2	src/wallet/wallet2.cpp:4316	Refresh done, blocks received: 0, balance (all accounts): 0.00000000000, unlocked: 0.00000000000
2026-06-06 02:38:20.048	[RPC0]	INFO	wallet.wallet2	src/wallet/wallet2.cpp:4316	Refresh done, blocks received: 0, balance (all accounts): 0.00000000000, unlocked: 0.00000000000
2026-06-06 02:38:38.222	[RPC0]	INFO	wallet.rpc	src/wallet/wallet_rpc_server.h:68	HTTP [127.0.0.1] POST /json_rpc
2026-06-06 02:38:38.222	[RPC0]	INFO	wallet.rpc	src/wallet/wallet_rpc_server.h:72	[127.0.0.1:48880 INC] Calling RPC method get_balance
2026-06-06 02:38:38.223	[RPC0]	INFO	wallet.rpc	src/wallet/wallet_rpc_server.h:68	HTTP [127.0.0.1] POST /json_rpc
2026-06-06 02:38:38.223	[RPC0]	INFO	wallet.rpc	src/wallet/wallet_rpc_server.h:123	[127.0.0.1:48896 INC] Calling RPC method get_transfers
2026-06-06 02:38:40.060	[RPC0]	INFO	wallet.wallet2	src/wallet/wallet2.cpp:4316	Refresh done, blocks received: 0, balance (all accounts): 0.00000000000, unlocked: 0.00000000000
2026-06-06 02:39:00.067	[RPC0]	INFO	wallet.wallet2	src/wallet/wallet2.cpp:4316	Refresh done, blocks received: 0, balance (all accounts): 0.00000000000, unlocked: 0.00000000000
2026-06-06 02:39:20.071	[RPC0]	INFO	wallet.wallet2	src/wallet/wallet2.cpp:4316	Refresh done, blocks received: 0, balance (all accounts): 0.00000000000, unlocked: 0.00000000000
2026-06-06 02:39:38.216	[RPC0]	INFO	wallet.rpc	src/wallet/wallet_rpc_server.h:68	HTTP [127.0.0.1] POST /json_rpc
2026-06-06 02:39:38.216	[RPC0]	INFO	wallet.rpc	src/wallet/wallet_rpc_server.h:72	[127.0.0.1:58132 INC] Calling RPC method get_balance
2026-06-06 02:39:38.217	[RPC0]	INFO	wallet.rpc	src/wallet/wallet_rpc_server.h:68	HTTP [127.0.0.1] POST /json_rpc
2026-06-06 02:39:38.217	[RPC0]	INFO	wallet.rpc	src/wallet/wallet_rpc_server.h:123	[127.0.0.1:58136 INC] Calling RPC method get_transfers
2026-06-06 02:39:40.083	[RPC0]	INFO	wallet.wallet2	src/wallet/wallet2.cpp:4316	Refresh done, blocks received: 0, balance (all accounts): 0.00000000000, unlocked: 0.00000000000
2026-06-06 02:40:00.093	[RPC0]	INFO	wallet.wallet2	src/wallet/wallet2.cpp:4316	Refresh done, blocks received: 0, balance (all accounts): 0.00000000000, unlocked: 0.00000000000
2026-06-06 02:40:20.107	[RPC0]	INFO	wallet.wallet2	src/wallet/wallet2.cpp:4316	Refresh done, blocks received: 0, balance (all accounts): 0.00000000000, unlocked: 0.00000000000
2026-06-06 02:40:38.220	[RPC0]	INFO	wallet.rpc	src/wallet/wallet_rpc_server.h:68	HTTP [127.0.0.1] POST /json_rpc
2026-06-06 02:40:38.220	[RPC0]	INFO	wallet.rpc	src/wallet/wallet_rpc_server.h:72	[127.0.0.1:59118 INC] Calling RPC method get_balance
2026-06-06 02:40:38.220	[RPC0]	INFO	wallet.rpc	src/wallet/wallet_rpc_server.h:68	HTTP [127.0.0.1] POST /json_rpc
2026-06-06 02:40:38.220	[RPC0]	INFO	wallet.rpc	src/wallet/wallet_rpc_server.h:123	[127.0.0.1:59122 INC] Calling RPC method get_transfers
2026-06-06 02:40:40.113	[RPC0]	INFO	wallet.wallet2	src/wallet/wallet2.cpp:4316	Refresh done, blocks received: 0, balance (all accounts): 0.00000000000, unlocked: 0.00000000000
2026-06-06 02:41:00.119	[RPC0]	INFO	wallet.wallet2	src/wallet/wallet2.cpp:4316	Refresh done, blocks received: 0, balance (all accounts): 0.00000000000, unlocked: 0.00000000000
2026-06-06 02:41:20.124	[RPC0]	INFO	wallet.wallet2	src/wallet/wallet2.cpp:4316	Refresh done, blocks received: 0, balance (all accounts): 0.00000000000, unlocked: 0.00000000000
2026-06-06 02:41:38.216	[RPC0]	INFO	wallet.rpc	src/wallet/wallet_rpc_server.h:68	HTTP [127.0.0.1] POST /json_rpc
2026-06-06 02:41:38.216	[RPC0]	INFO	wallet.rpc	src/wallet/wallet_rpc_server.h:72	[127.0.0.1:54480 INC] Calling RPC method get_balance
2026-06-06 02:41:38.217	[RPC0]	INFO	wallet.rpc	src/wallet/wallet_rpc_server.h:68	HTTP [127.0.0.1] POST /json_rpc
2026-06-06 02:41:38.217	[RPC0]	INFO	wallet.rpc	src/wallet/wallet_rpc_server.h:123	[127.0.0.1:54482 INC] Calling RPC method get_transfers
2026-06-06 02:41:40.128	[RPC0]	INFO	wallet.wallet2	src/wallet/wallet2.cpp:4316	Refresh done, blocks received: 0, balance (all accounts): 0.00000000000, unlocked: 0.00000000000
2026-06-06 02:41:48.764	[RPC0]	INFO	wallet.rpc	src/wallet/wallet_rpc_server.h:68	HTTP [127.0.0.1] POST /json_rpc
2026-06-06 02:41:48.764	[RPC0]	INFO	wallet.rpc	src/wallet/wallet_rpc_server.h:73	[127.0.0.1:45974 INC] Calling RPC method get_address
2026-06-06 02:41:59.221	[RPC0]	INFO	wallet.rpc	src/wallet/wallet_rpc_server.h:68	HTTP [127.0.0.1] POST /json_rpc
2026-06-06 02:41:59.221	[RPC0]	INFO	wallet.rpc	src/wallet/wallet_rpc_server.h:72	[127.0.0.1:51426 INC] Calling RPC method get_balance
2026-06-06 02:42:00.154	[RPC0]	INFO	wallet.wallet2	src/wallet/wallet2.cpp:4316	Refresh done, blocks received: 0, balance (all accounts): 0.00000000000, unlocked: 0.00000000000
2026-06-06 02:42:09.225	[RPC0]	INFO	wallet.rpc	src/wallet/wallet_rpc_server.h:68	HTTP [127.0.0.1] POST /json_rpc
2026-06-06 02:42:09.226	[RPC0]	INFO	wallet.rpc	src/wallet/wallet_rpc_server.h:72	[127.0.0.1:56028 INC] Calling RPC method get_balance
2026-06-06 02:42:20.175	[RPC0]	INFO	perf.wallet.wallet2	src/common/perf_timer.cpp:120	PERF             ----------
2026-06-06 02:42:20.178	[RPC0]	WARNING	wallet.wallet2	src/wallet/wallet2.cpp:2614	Received money: 2.46249938833, with tx: <abbc1e080aa601449beff9af821315a2dd871a07e7a16822a1e0153f94528b98>
2026-06-06 02:42:20.179	[RPC0]	INFO	perf.wallet.wallet2	src/common/perf_timer.cpp:156	PERF     4301    process_new_transaction
2026-06-06 02:42:20.179	[RPC0]	INFO	wallet.wallet2	src/wallet/wallet2.cpp:4316	Refresh done, blocks received: 1, balance (all accounts): 2.46249938833, unlocked: 0.00000000000
2026-06-06 02:42:29.225	[RPC0]	INFO	wallet.rpc	src/wallet/wallet_rpc_server.h:68	HTTP [127.0.0.1] POST /json_rpc
2026-06-06 02:42:29.225	[RPC0]	INFO	wallet.rpc	src/wallet/wallet_rpc_server.h:72	[127.0.0.1:38854 INC] Calling RPC method get_balance
2026-06-06 02:42:40.208	[RPC0]	INFO	wallet.wallet2	src/wallet/wallet2.cpp:4316	Refresh done, blocks received: 0, balance (all accounts): 2.46249938833, unlocked: 0.00000000000
2026-06-06 02:43:00.246	[RPC0]	INFO	wallet.wallet2	src/wallet/wallet2.cpp:4316	Refresh done, blocks received: 0, balance (all accounts): 2.46249938833, unlocked: 0.00000000000
2026-06-06 02:43:12.850	[RPC0]	INFO	wallet.rpc	src/wallet/wallet_rpc_server.h:68	HTTP [127.0.0.1] POST /json_rpc
2026-06-06 02:43:12.850	[RPC0]	INFO	wallet.rpc	src/wallet/wallet_rpc_server.h:72	[127.0.0.1:38188 INC] Calling RPC method get_balance
2026-06-06 02:43:20.277	[RPC0]	INFO	wallet.wallet2	src/wallet/wallet2.cpp:4316	Refresh done, blocks received: 0, balance (all accounts): 2.46249938833, unlocked: 0.00000000000
2026-06-06 02:43:29.215	[RPC0]	INFO	wallet.rpc	src/wallet/wallet_rpc_server.h:68	HTTP [127.0.0.1] POST /json_rpc
2026-06-06 02:43:29.215	[RPC0]	INFO	wallet.rpc	src/wallet/wallet_rpc_server.h:72	[127.0.0.1:48590 INC] Calling RPC method get_balance
2026-06-06 02:43:40.287	[RPC0]	INFO	wallet.wallet2	src/wallet/wallet2.cpp:4316	Refresh done, blocks received: 0, balance (all accounts): 2.46249938833, unlocked: 0.00000000000
2026-06-06 02:43:59.215	[RPC0]	INFO	wallet.rpc	src/wallet/wallet_rpc_server.h:68	HTTP [127.0.0.1] POST /json_rpc
2026-06-06 02:43:59.215	[RPC0]	INFO	wallet.rpc	src/wallet/wallet_rpc_server.h:72	[127.0.0.1:37174 INC] Calling RPC method get_balance
2026-06-06 02:44:00.291	[RPC0]	INFO	wallet.wallet2	src/wallet/wallet2.cpp:4316	Refresh done, blocks received: 0, balance (all accounts): 2.46249938833, unlocked: 0.00000000000
2026-06-06 02:44:20.294	[RPC0]	INFO	wallet.wallet2	src/wallet/wallet2.cpp:4316	Refresh done, blocks received: 0, balance (all accounts): 2.46249938833, unlocked: 0.00000000000
2026-06-06 02:44:38.216	[RPC0]	INFO	wallet.rpc	src/wallet/wallet_rpc_server.h:68	HTTP [127.0.0.1] POST /json_rpc
2026-06-06 02:44:38.216	[RPC0]	INFO	wallet.rpc	src/wallet/wallet_rpc_server.h:72	[127.0.0.1:59382 INC] Calling RPC method get_balance
2026-06-06 02:44:40.301	[RPC0]	INFO	wallet.wallet2	src/wallet/wallet2.cpp:4316	Refresh done, blocks received: 0, balance (all accounts): 2.46249938833, unlocked: 0.00000000000
2026-06-06 02:45:00.312	[RPC0]	INFO	wallet.wallet2	src/wallet/wallet2.cpp:4316	Refresh done, blocks received: 0, balance (all accounts): 2.46249938833, unlocked: 0.00000000000
2026-06-06 02:45:20.323	[RPC0]	INFO	wallet.wallet2	src/wallet/wallet2.cpp:4316	Refresh done, blocks received: 0, balance (all accounts): 2.46249938833, unlocked: 0.00000000000
2026-06-06 02:45:38.217	[RPC0]	INFO	wallet.rpc	src/wallet/wallet_rpc_server.h:68	HTTP [127.0.0.1] POST /json_rpc
2026-06-06 02:45:38.218	[RPC0]	INFO	wallet.rpc	src/wallet/wallet_rpc_server.h:72	[127.0.0.1:58650 INC] Calling RPC method get_balance
2026-06-06 02:45:40.328	[RPC0]	INFO	wallet.wallet2	src/wallet/wallet2.cpp:4316	Refresh done, blocks received: 0, balance (all accounts): 2.46249938833, unlocked: 0.00000000000
2026-06-06 02:46:00.332	[RPC0]	INFO	wallet.wallet2	src/wallet/wallet2.cpp:4316	Refresh done, blocks received: 0, balance (all accounts): 2.46249938833, unlocked: 0.00000000000
2026-06-06 02:46:20.340	[RPC0]	INFO	wallet.wallet2	src/wallet/wallet2.cpp:4316	Refresh done, blocks received: 0, balance (all accounts): 2.46249938833, unlocked: 0.00000000000
2026-06-06 02:46:38.216	[RPC0]	INFO	wallet.rpc	src/wallet/wallet_rpc_server.h:68	HTTP [127.0.0.1] POST /json_rpc
2026-06-06 02:46:38.216	[RPC0]	INFO	wallet.rpc	src/wallet/wallet_rpc_server.h:72	[127.0.0.1:38278 INC] Calling RPC method get_balance
2026-06-06 02:46:40.344	[RPC0]	INFO	wallet.wallet2	src/wallet/wallet2.cpp:4316	Refresh done, blocks received: 0, balance (all accounts): 2.46249938833, unlocked: 0.00000000000
2026-06-06 02:47:00.347	[RPC0]	INFO	wallet.wallet2	src/wallet/wallet2.cpp:4316	Refresh done, blocks received: 0, balance (all accounts): 2.46249938833, unlocked: 0.00000000000
2026-06-06 02:47:20.352	[RPC0]	INFO	wallet.wallet2	src/wallet/wallet2.cpp:4316	Refresh done, blocks received: 0, balance (all accounts): 2.46249938833, unlocked: 0.00000000000
2026-06-06 02:47:38.217	[RPC0]	INFO	wallet.rpc	src/wallet/wallet_rpc_server.h:68	HTTP [127.0.0.1] POST /json_rpc
2026-06-06 02:47:38.217	[RPC0]	INFO	wallet.rpc	src/wallet/wallet_rpc_server.h:72	[127.0.0.1:60310 INC] Calling RPC method get_balance
2026-06-06 02:47:40.356	[RPC0]	INFO	wallet.wallet2	src/wallet/wallet2.cpp:4316	Refresh done, blocks received: 0, balance (all accounts): 2.46249938833, unlocked: 0.00000000000
2026-06-06 02:48:00.361	[RPC0]	INFO	wallet.wallet2	src/wallet/wallet2.cpp:4316	Refresh done, blocks received: 0, balance (all accounts): 2.46249938833, unlocked: 0.00000000000
2026-06-06 02:48:20.365	[RPC0]	INFO	wallet.wallet2	src/wallet/wallet2.cpp:4316	Refresh done, blocks received: 0, balance (all accounts): 2.46249938833, unlocked: 0.00000000000
2026-06-06 02:48:38.216	[RPC0]	INFO	wallet.rpc	src/wallet/wallet_rpc_server.h:68	HTTP [127.0.0.1] POST /json_rpc
2026-06-06 02:48:38.216	[RPC0]	INFO	wallet.rpc	src/wallet/wallet_rpc_server.h:72	[127.0.0.1:43036 INC] Calling RPC method get_balance
2026-06-06 02:48:40.369	[RPC0]	INFO	wallet.wallet2	src/wallet/wallet2.cpp:4316	Refresh done, blocks received: 0, balance (all accounts): 2.46249938833, unlocked: 0.00000000000
2026-06-06 02:49:00.372	[RPC0]	INFO	wallet.wallet2	src/wallet/wallet2.cpp:4316	Refresh done, blocks received: 0, balance (all accounts): 2.46249938833, unlocked: 0.00000000000
2026-06-06 02:49:20.377	[RPC0]	INFO	wallet.wallet2	src/wallet/wallet2.cpp:4316	Refresh done, blocks received: 0, balance (all accounts): 2.46249938833, unlocked: 0.00000000000
2026-06-06 02:49:38.217	[RPC0]	INFO	wallet.rpc	src/wallet/wallet_rpc_server.h:68	HTTP [127.0.0.1] POST /json_rpc
2026-06-06 02:49:38.217	[RPC0]	INFO	wallet.rpc	src/wallet/wallet_rpc_server.h:72	[127.0.0.1:43144 INC] Calling RPC method get_balance
2026-06-06 02:49:40.381	[RPC0]	INFO	wallet.wallet2	src/wallet/wallet2.cpp:4316	Refresh done, blocks received: 0, balance (all accounts): 2.46249938833, unlocked: 0.00000000000
2026-06-06 02:50:00.385	[RPC0]	INFO	wallet.wallet2	src/wallet/wallet2.cpp:4316	Refresh done, blocks received: 0, balance (all accounts): 2.46249938833, unlocked: 0.00000000000
2026-06-06 02:50:20.389	[RPC0]	INFO	wallet.wallet2	src/wallet/wallet2.cpp:4316	Refresh done, blocks received: 0, balance (all accounts): 2.46249938833, unlocked: 0.00000000000
2026-06-06 02:50:38.217	[RPC0]	INFO	wallet.rpc	src/wallet/wallet_rpc_server.h:68	HTTP [127.0.0.1] POST /json_rpc
2026-06-06 02:50:38.217	[RPC0]	INFO	wallet.rpc	src/wallet/wallet_rpc_server.h:72	[127.0.0.1:49258 INC] Calling RPC method get_balance
2026-06-06 02:50:40.393	[RPC0]	INFO	wallet.wallet2	src/wallet/wallet2.cpp:4316	Refresh done, blocks received: 0, balance (all accounts): 2.46249938833, unlocked: 0.00000000000
2026-06-06 02:51:00.397	[RPC0]	INFO	wallet.wallet2	src/wallet/wallet2.cpp:4316	Refresh done, blocks received: 0, balance (all accounts): 2.46249938833, unlocked: 0.00000000000
2026-06-06 02:51:20.401	[RPC0]	INFO	wallet.wallet2	src/wallet/wallet2.cpp:4316	Refresh done, blocks received: 0, balance (all accounts): 2.46249938833, unlocked: 0.00000000000
2026-06-06 02:51:38.216	[RPC0]	INFO	wallet.rpc	src/wallet/wallet_rpc_server.h:68	HTTP [127.0.0.1] POST /json_rpc
2026-06-06 02:51:38.216	[RPC0]	INFO	wallet.rpc	src/wallet/wallet_rpc_server.h:72	[127.0.0.1:56858 INC] Calling RPC method get_balance
2026-06-06 02:51:40.406	[RPC0]	INFO	wallet.wallet2	src/wallet/wallet2.cpp:4316	Refresh done, blocks received: 0, balance (all accounts): 2.46249938833, unlocked: 0.00000000000
2026-06-06 02:52:00.410	[RPC0]	INFO	wallet.wallet2	src/wallet/wallet2.cpp:4316	Refresh done, blocks received: 0, balance (all accounts): 2.46249938833, unlocked: 0.00000000000
2026-06-06 02:52:20.415	[RPC0]	INFO	wallet.wallet2	src/wallet/wallet2.cpp:4316	Refresh done, blocks received: 0, balance (all accounts): 2.46249938833, unlocked: 0.00000000000
2026-06-06 02:52:38.216	[RPC0]	INFO	wallet.rpc	src/wallet/wallet_rpc_server.h:68	HTTP [127.0.0.1] POST /json_rpc
2026-06-06 02:52:38.216	[RPC0]	INFO	wallet.rpc	src/wallet/wallet_rpc_server.h:72	[127.0.0.1:42314 INC] Calling RPC method get_balance
2026-06-06 02:52:40.420	[RPC0]	INFO	wallet.wallet2	src/wallet/wallet2.cpp:4316	Refresh done, blocks received: 0, balance (all accounts): 2.46249938833, unlocked: 0.00000000000
2026-06-06 02:53:00.424	[RPC0]	INFO	wallet.wallet2	src/wallet/wallet2.cpp:4316	Refresh done, blocks received: 0, balance (all accounts): 2.46249938833, unlocked: 0.00000000000
2026-06-06 02:53:20.429	[RPC0]	INFO	wallet.wallet2	src/wallet/wallet2.cpp:4316	Refresh done, blocks received: 0, balance (all accounts): 2.46249938833, unlocked: 0.00000000000
2026-06-06 02:53:38.216	[RPC0]	INFO	wallet.rpc	src/wallet/wallet_rpc_server.h:68	HTTP [127.0.0.1] POST /json_rpc
2026-06-06 02:53:38.216	[RPC0]	INFO	wallet.rpc	src/wallet/wallet_rpc_server.h:72	[127.0.0.1:34872 INC] Calling RPC method get_balance
2026-06-06 02:53:40.436	[RPC0]	INFO	wallet.wallet2	src/wallet/wallet2.cpp:4316	Refresh done, blocks received: 0, balance (all accounts): 2.46249938833, unlocked: 0.00000000000
2026-06-06 02:54:00.440	[RPC0]	INFO	wallet.wallet2	src/wallet/wallet2.cpp:4316	Refresh done, blocks received: 0, balance (all accounts): 2.46249938833, unlocked: 0.00000000000
2026-06-06 02:54:20.447	[RPC0]	INFO	wallet.wallet2	src/wallet/wallet2.cpp:4316	Refresh done, blocks received: 0, balance (all accounts): 2.46249938833, unlocked: 0.00000000000
2026-06-06 02:54:38.217	[RPC0]	INFO	wallet.rpc	src/wallet/wallet_rpc_server.h:68	HTTP [127.0.0.1] POST /json_rpc
2026-06-06 02:54:38.217	[RPC0]	INFO	wallet.rpc	src/wallet/wallet_rpc_server.h:72	[127.0.0.1:58268 INC] Calling RPC method get_balance
2026-06-06 02:54:40.451	[RPC0]	INFO	wallet.wallet2	src/wallet/wallet2.cpp:4316	Refresh done, blocks received: 0, balance (all accounts): 2.46249938833, unlocked: 0.00000000000
2026-06-06 02:55:00.455	[RPC0]	INFO	wallet.wallet2	src/wallet/wallet2.cpp:4316	Refresh done, blocks received: 0, balance (all accounts): 2.46249938833, unlocked: 0.00000000000
2026-06-06 02:55:20.463	[RPC0]	INFO	wallet.wallet2	src/wallet/wallet2.cpp:4316	Refresh done, blocks received: 0, balance (all accounts): 2.46249938833, unlocked: 0.00000000000
2026-06-06 02:55:38.216	[RPC0]	INFO	wallet.rpc	src/wallet/wallet_rpc_server.h:68	HTTP [127.0.0.1] POST /json_rpc
2026-06-06 02:55:38.216	[RPC0]	INFO	wallet.rpc	src/wallet/wallet_rpc_server.h:72	[127.0.0.1:40830 INC] Calling RPC method get_balance
2026-06-06 02:55:40.472	[RPC0]	INFO	wallet.wallet2	src/wallet/wallet2.cpp:4316	Refresh done, blocks received: 0, balance (all accounts): 2.46249938833, unlocked: 0.00000000000
2026-06-06 02:56:00.478	[RPC0]	INFO	wallet.wallet2	src/wallet/wallet2.cpp:4316	Refresh done, blocks received: 0, balance (all accounts): 2.46249938833, unlocked: 0.00000000000
2026-06-06 02:56:20.498	[RPC0]	INFO	wallet.wallet2	src/wallet/wallet2.cpp:4316	Refresh done, blocks received: 0, balance (all accounts): 2.46249938833, unlocked: 0.00000000000
2026-06-06 02:56:38.215	[RPC0]	INFO	wallet.rpc	src/wallet/wallet_rpc_server.h:68	HTTP [127.0.0.1] POST /json_rpc
2026-06-06 02:56:38.215	[RPC0]	INFO	wallet.rpc	src/wallet/wallet_rpc_server.h:72	[127.0.0.1:39258 INC] Calling RPC method get_balance
2026-06-06 02:56:40.506	[RPC0]	INFO	wallet.wallet2	src/wallet/wallet2.cpp:4316	Refresh done, blocks received: 0, balance (all accounts): 2.46249938833, unlocked: 0.00000000000
2026-06-06 02:57:00.516	[RPC0]	INFO	wallet.wallet2	src/wallet/wallet2.cpp:4316	Refresh done, blocks received: 0, balance (all accounts): 2.46249938833, unlocked: 0.00000000000
2026-06-06 02:57:20.524	[RPC0]	INFO	wallet.wallet2	src/wallet/wallet2.cpp:4316	Refresh done, blocks received: 0, balance (all accounts): 2.46249938833, unlocked: 0.00000000000
2026-06-06 02:57:38.217	[RPC0]	INFO	wallet.rpc	src/wallet/wallet_rpc_server.h:68	HTTP [127.0.0.1] POST /json_rpc
2026-06-06 02:57:38.217	[RPC0]	INFO	wallet.rpc	src/wallet/wallet_rpc_server.h:72	[127.0.0.1:35908 INC] Calling RPC method get_balance
2026-06-06 02:57:40.529	[RPC0]	INFO	wallet.wallet2	src/wallet/wallet2.cpp:4316	Refresh done, blocks received: 0, balance (all accounts): 2.46249938833, unlocked: 0.00000000000
2026-06-06 02:58:00.534	[RPC0]	INFO	wallet.wallet2	src/wallet/wallet2.cpp:4316	Refresh done, blocks received: 0, balance (all accounts): 2.46249938833, unlocked: 0.00000000000
2026-06-06 02:58:20.539	[RPC0]	INFO	wallet.wallet2	src/wallet/wallet2.cpp:4316	Refresh done, blocks received: 0, balance (all accounts): 2.46249938833, unlocked: 0.00000000000
2026-06-06 02:58:38.215	[RPC0]	INFO	wallet.rpc	src/wallet/wallet_rpc_server.h:68	HTTP [127.0.0.1] POST /json_rpc
2026-06-06 02:58:38.215	[RPC0]	INFO	wallet.rpc	src/wallet/wallet_rpc_server.h:72	[127.0.0.1:43046 INC] Calling RPC method get_balance
2026-06-06 02:58:40.544	[RPC0]	INFO	wallet.wallet2	src/wallet/wallet2.cpp:4316	Refresh done, blocks received: 0, balance (all accounts): 2.46249938833, unlocked: 0.00000000000
2026-06-06 02:59:00.551	[RPC0]	INFO	wallet.wallet2	src/wallet/wallet2.cpp:4316	Refresh done, blocks received: 0, balance (all accounts): 2.46249938833, unlocked: 0.00000000000
2026-06-06 02:59:20.560	[RPC0]	INFO	wallet.wallet2	src/wallet/wallet2.cpp:4316	Refresh done, blocks received: 0, balance (all accounts): 2.46249938833, unlocked: 0.00000000000
2026-06-06 02:59:38.216	[RPC0]	INFO	wallet.rpc	src/wallet/wallet_rpc_server.h:68	HTTP [127.0.0.1] POST /json_rpc
2026-06-06 02:59:38.216	[RPC0]	INFO	wallet.rpc	src/wallet/wallet_rpc_server.h:72	[127.0.0.1:35020 INC] Calling RPC method get_balance
2026-06-06 02:59:40.571	[RPC0]	INFO	wallet.wallet2	src/wallet/wallet2.cpp:4316	Refresh done, blocks received: 0, balance (all accounts): 2.46249938833, unlocked: 0.00000000000
2026-06-06 03:00:00.578	[RPC0]	INFO	wallet.wallet2	src/wallet/wallet2.cpp:4316	Refresh done, blocks received: 0, balance (all accounts): 2.46249938833, unlocked: 0.00000000000
2026-06-06 03:00:20.585	[RPC0]	INFO	wallet.wallet2	src/wallet/wallet2.cpp:4316	Refresh done, blocks received: 0, balance (all accounts): 2.46249938833, unlocked: 0.00000000000
2026-06-06 03:00:38.218	[RPC0]	INFO	wallet.rpc	src/wallet/wallet_rpc_server.h:68	HTTP [127.0.0.1] POST /json_rpc
2026-06-06 03:00:38.218	[RPC0]	INFO	wallet.rpc	src/wallet/wallet_rpc_server.h:72	[127.0.0.1:42984 INC] Calling RPC method get_balance
2026-06-06 03:00:40.590	[RPC0]	INFO	wallet.wallet2	src/wallet/wallet2.cpp:4316	Refresh done, blocks received: 0, balance (all accounts): 2.46249938833, unlocked: 0.00000000000
2026-06-06 03:01:00.594	[RPC0]	INFO	wallet.wallet2	src/wallet/wallet2.cpp:4316	Refresh done, blocks received: 0, balance (all accounts): 2.46249938833, unlocked: 0.00000000000
2026-06-06 03:01:20.599	[RPC0]	INFO	wallet.wallet2	src/wallet/wallet2.cpp:4316	Refresh done, blocks received: 0, balance (all accounts): 2.46249938833, unlocked: 0.00000000000
2026-06-06 03:01:38.216	[RPC0]	INFO	wallet.rpc	src/wallet/wallet_rpc_server.h:68	HTTP [127.0.0.1] POST /json_rpc
2026-06-06 03:01:38.216	[RPC0]	INFO	wallet.rpc	src/wallet/wallet_rpc_server.h:72	[127.0.0.1:40790 INC] Calling RPC method get_balance
2026-06-06 03:01:40.603	[RPC0]	INFO	wallet.wallet2	src/wallet/wallet2.cpp:4316	Refresh done, blocks received: 0, balance (all accounts): 2.46249938833, unlocked: 0.00000000000
2026-06-06 03:02:00.610	[RPC0]	INFO	wallet.wallet2	src/wallet/wallet2.cpp:4316	Refresh done, blocks received: 0, balance (all accounts): 2.46249938833, unlocked: 0.00000000000
2026-06-06 03:02:20.626	[RPC0]	INFO	wallet.wallet2	src/wallet/wallet2.cpp:4316	Refresh done, blocks received: 0, balance (all accounts): 2.46249938833, unlocked: 0.00000000000
2026-06-06 03:02:38.216	[RPC0]	INFO	wallet.rpc	src/wallet/wallet_rpc_server.h:68	HTTP [127.0.0.1] POST /json_rpc
2026-06-06 03:02:38.216	[RPC0]	INFO	wallet.rpc	src/wallet/wallet_rpc_server.h:72	[127.0.0.1:42790 INC] Calling RPC method get_balance
2026-06-06 03:02:40.634	[RPC0]	INFO	wallet.wallet2	src/wallet/wallet2.cpp:4316	Refresh done, blocks received: 0, balance (all accounts): 2.46249938833, unlocked: 0.00000000000
2026-06-06 03:03:00.638	[RPC0]	INFO	wallet.wallet2	src/wallet/wallet2.cpp:4316	Refresh done, blocks received: 0, balance (all accounts): 2.46249938833, unlocked: 0.00000000000
2026-06-06 03:03:20.643	[RPC0]	INFO	wallet.wallet2	src/wallet/wallet2.cpp:4316	Refresh done, blocks received: 0, balance (all accounts): 2.46249938833, unlocked: 0.00000000000
2026-06-06 03:03:38.216	[RPC0]	INFO	wallet.rpc	src/wallet/wallet_rpc_server.h:68	HTTP [127.0.0.1] POST /json_rpc
2026-06-06 03:03:38.216	[RPC0]	INFO	wallet.rpc	src/wallet/wallet_rpc_server.h:72	[127.0.0.1:51554 INC] Calling RPC method get_balance
2026-06-06 03:03:40.651	[RPC0]	INFO	wallet.wallet2	src/wallet/wallet2.cpp:4316	Refresh done, blocks received: 0, balance (all accounts): 2.46249938833, unlocked: 0.00000000000
2026-06-06 03:04:00.660	[RPC0]	INFO	wallet.wallet2	src/wallet/wallet2.cpp:4316	Refresh done, blocks received: 0, balance (all accounts): 2.46249938833, unlocked: 0.00000000000
2026-06-06 03:04:20.666	[RPC0]	INFO	wallet.wallet2	src/wallet/wallet2.cpp:4316	Refresh done, blocks received: 0, balance (all accounts): 2.46249938833, unlocked: 0.00000000000
2026-06-06 03:04:38.217	[RPC0]	INFO	wallet.rpc	src/wallet/wallet_rpc_server.h:68	HTTP [127.0.0.1] POST /json_rpc
2026-06-06 03:04:38.217	[RPC0]	INFO	wallet.rpc	src/wallet/wallet_rpc_server.h:72	[127.0.0.1:49858 INC] Calling RPC method get_balance
2026-06-06 03:04:40.679	[RPC0]	INFO	wallet.wallet2	src/wallet/wallet2.cpp:4316	Refresh done, blocks received: 0, balance (all accounts): 2.46249938833, unlocked: 0.00000000000
2026-06-06 03:05:00.690	[RPC0]	INFO	wallet.wallet2	src/wallet/wallet2.cpp:4316	Refresh done, blocks received: 0, balance (all accounts): 2.46249938833, unlocked: 0.00000000000
2026-06-06 03:05:20.695	[RPC0]	INFO	wallet.wallet2	src/wallet/wallet2.cpp:4316	Refresh done, blocks received: 0, balance (all accounts): 2.46249938833, unlocked: 0.00000000000
2026-06-06 03:05:38.217	[RPC0]	INFO	wallet.rpc	src/wallet/wallet_rpc_server.h:68	HTTP [127.0.0.1] POST /json_rpc
2026-06-06 03:05:38.217	[RPC0]	INFO	wallet.rpc	src/wallet/wallet_rpc_server.h:72	[127.0.0.1:49102 INC] Calling RPC method get_balance
2026-06-06 03:05:40.701	[RPC0]	INFO	wallet.wallet2	src/wallet/wallet2.cpp:4316	Refresh done, blocks received: 0, balance (all accounts): 2.46249938833, unlocked: 0.00000000000
2026-06-06 03:06:00.708	[RPC0]	INFO	wallet.wallet2	src/wallet/wallet2.cpp:4316	Refresh done, blocks received: 0, balance (all accounts): 2.46249938833, unlocked: 0.00000000000
2026-06-06 03:06:20.713	[RPC0]	INFO	wallet.wallet2	src/wallet/wallet2.cpp:4316	Refresh done, blocks received: 0, balance (all accounts): 2.46249938833, unlocked: 0.00000000000
2026-06-06 03:06:38.215	[RPC0]	INFO	wallet.rpc	src/wallet/wallet_rpc_server.h:68	HTTP [127.0.0.1] POST /json_rpc
2026-06-06 03:06:38.220	[RPC0]	INFO	wallet.rpc	src/wallet/wallet_rpc_server.h:72	[127.0.0.1:36018 INC] Calling RPC method get_balance
2026-06-06 03:06:40.721	[RPC0]	INFO	wallet.wallet2	src/wallet/wallet2.cpp:4316	Refresh done, blocks received: 0, balance (all accounts): 2.46249938833, unlocked: 0.00000000000
2026-06-06 03:07:00.729	[RPC0]	INFO	wallet.wallet2	src/wallet/wallet2.cpp:4316	Refresh done, blocks received: 0, balance (all accounts): 2.46249938833, unlocked: 0.00000000000
2026-06-06 03:07:20.734	[RPC0]	INFO	wallet.wallet2	src/wallet/wallet2.cpp:4316	Refresh done, blocks received: 0, balance (all accounts): 2.46249938833, unlocked: 0.00000000000
2026-06-06 03:07:38.220	[RPC0]	INFO	wallet.rpc	src/wallet/wallet_rpc_server.h:68	HTTP [127.0.0.1] POST /json_rpc
2026-06-06 03:07:38.220	[RPC0]	INFO	wallet.rpc	src/wallet/wallet_rpc_server.h:72	[127.0.0.1:37408 INC] Calling RPC method get_balance
2026-06-06 03:07:40.742	[RPC0]	INFO	wallet.wallet2	src/wallet/wallet2.cpp:4316	Refresh done, blocks received: 0, balance (all accounts): 2.46249938833, unlocked: 0.00000000000
2026-06-06 03:08:00.749	[RPC0]	INFO	wallet.wallet2	src/wallet/wallet2.cpp:4316	Refresh done, blocks received: 0, balance (all accounts): 2.46249938833, unlocked: 0.00000000000
2026-06-06 03:08:20.755	[RPC0]	INFO	wallet.wallet2	src/wallet/wallet2.cpp:4316	Refresh done, blocks received: 0, balance (all accounts): 2.46249938833, unlocked: 0.00000000000
2026-06-06 03:08:38.216	[RPC0]	INFO	wallet.rpc	src/wallet/wallet_rpc_server.h:68	HTTP [127.0.0.1] POST /json_rpc
2026-06-06 03:08:38.216	[RPC0]	INFO	wallet.rpc	src/wallet/wallet_rpc_server.h:72	[127.0.0.1:58064 INC] Calling RPC method get_balance
2026-06-06 03:08:40.768	[RPC0]	INFO	wallet.wallet2	src/wallet/wallet2.cpp:4316	Refresh done, blocks received: 0, balance (all accounts): 2.46249938833, unlocked: 0.00000000000
2026-06-06 03:09:00.778	[RPC0]	INFO	wallet.wallet2	src/wallet/wallet2.cpp:4316	Refresh done, blocks received: 0, balance (all accounts): 2.46249938833, unlocked: 0.00000000000
2026-06-06 03:09:20.784	[RPC0]	INFO	wallet.wallet2	src/wallet/wallet2.cpp:4316	Refresh done, blocks received: 0, balance (all accounts): 2.46249938833, unlocked: 0.00000000000
2026-06-06 03:09:38.216	[RPC0]	INFO	wallet.rpc	src/wallet/wallet_rpc_server.h:68	HTTP [127.0.0.1] POST /json_rpc
2026-06-06 03:09:38.216	[RPC0]	INFO	wallet.rpc	src/wallet/wallet_rpc_server.h:72	[127.0.0.1:34532 INC] Calling RPC method get_balance
2026-06-06 03:09:40.798	[RPC0]	INFO	wallet.wallet2	src/wallet/wallet2.cpp:4316	Refresh done, blocks received: 0, balance (all accounts): 2.46249938833, unlocked: 0.00000000000
2026-06-06 03:10:00.805	[RPC0]	INFO	wallet.wallet2	src/wallet/wallet2.cpp:4316	Refresh done, blocks received: 0, balance (all accounts): 2.46249938833, unlocked: 0.00000000000
2026-06-06 03:10:20.809	[RPC0]	INFO	wallet.wallet2	src/wallet/wallet2.cpp:4316	Refresh done, blocks received: 0, balance (all accounts): 2.46249938833, unlocked: 0.00000000000
2026-06-06 03:10:38.216	[RPC0]	INFO	wallet.rpc	src/wallet/wallet_rpc_server.h:68	HTTP [127.0.0.1] POST /json_rpc
2026-06-06 03:10:38.216	[RPC0]	INFO	wallet.rpc	src/wallet/wallet_rpc_server.h:72	[127.0.0.1:33718 INC] Calling RPC method get_balance
2026-06-06 03:10:40.814	[RPC0]	INFO	wallet.wallet2	src/wallet/wallet2.cpp:4316	Refresh done, blocks received: 0, balance (all accounts): 2.46249938833, unlocked: 0.00000000000
2026-06-06 03:11:00.818	[RPC0]	INFO	wallet.wallet2	src/wallet/wallet2.cpp:4316	Refresh done, blocks received: 0, balance (all accounts): 2.46249938833, unlocked: 0.00000000000
2026-06-06 03:11:20.824	[RPC0]	INFO	wallet.wallet2	src/wallet/wallet2.cpp:4316	Refresh done, blocks received: 0, balance (all accounts): 2.46249938833, unlocked: 0.00000000000
2026-06-06 03:11:38.216	[RPC0]	INFO	wallet.rpc	src/wallet/wallet_rpc_server.h:68	HTTP [127.0.0.1] POST /json_rpc
2026-06-06 03:11:38.216	[RPC0]	INFO	wallet.rpc	src/wallet/wallet_rpc_server.h:72	[127.0.0.1:55656 INC] Calling RPC method get_balance
2026-06-06 03:11:40.830	[RPC0]	INFO	wallet.wallet2	src/wallet/wallet2.cpp:4316	Refresh done, blocks received: 0, balance (all accounts): 2.46249938833, unlocked: 0.00000000000
2026-06-06 03:12:00.834	[RPC0]	INFO	wallet.wallet2	src/wallet/wallet2.cpp:4316	Refresh done, blocks received: 0, balance (all accounts): 2.46249938833, unlocked: 0.00000000000
2026-06-06 03:12:20.842	[RPC0]	INFO	wallet.wallet2	src/wallet/wallet2.cpp:4316	Refresh done, blocks received: 0, balance (all accounts): 2.46249938833, unlocked: 0.00000000000
2026-06-06 03:12:38.216	[RPC0]	INFO	wallet.rpc	src/wallet/wallet_rpc_server.h:68	HTTP [127.0.0.1] POST /json_rpc
2026-06-06 03:12:38.216	[RPC0]	INFO	wallet.rpc	src/wallet/wallet_rpc_server.h:72	[127.0.0.1:49342 INC] Calling RPC method get_balance
2026-06-06 03:12:40.848	[RPC0]	INFO	wallet.wallet2	src/wallet/wallet2.cpp:4316	Refresh done, blocks received: 0, balance (all accounts): 2.46249938833, unlocked: 0.00000000000
2026-06-06 03:13:00.858	[RPC0]	INFO	wallet.wallet2	src/wallet/wallet2.cpp:4316	Refresh done, blocks received: 0, balance (all accounts): 2.46249938833, unlocked: 0.00000000000
2026-06-06 03:13:20.873	[RPC0]	INFO	wallet.wallet2	src/wallet/wallet2.cpp:4316	Refresh done, blocks received: 0, balance (all accounts): 2.46249938833, unlocked: 0.00000000000
2026-06-06 03:13:38.216	[RPC0]	INFO	wallet.rpc	src/wallet/wallet_rpc_server.h:68	HTTP [127.0.0.1] POST /json_rpc
2026-06-06 03:13:38.216	[RPC0]	INFO	wallet.rpc	src/wallet/wallet_rpc_server.h:72	[127.0.0.1:35062 INC] Calling RPC method get_balance
2026-06-06 03:13:40.880	[RPC0]	INFO	wallet.wallet2	src/wallet/wallet2.cpp:4316	Refresh done, blocks received: 0, balance (all accounts): 2.46249938833, unlocked: 0.00000000000
2026-06-06 03:14:00.894	[RPC0]	INFO	wallet.wallet2	src/wallet/wallet2.cpp:4316	Refresh done, blocks received: 0, balance (all accounts): 2.46249938833, unlocked: 0.00000000000
2026-06-06 03:14:20.902	[RPC0]	INFO	wallet.wallet2	src/wallet/wallet2.cpp:4316	Refresh done, blocks received: 0, balance (all accounts): 2.46249938833, unlocked: 0.00000000000
2026-06-06 03:14:38.216	[RPC0]	INFO	wallet.rpc	src/wallet/wallet_rpc_server.h:68	HTTP [127.0.0.1] POST /json_rpc
2026-06-06 03:14:38.216	[RPC0]	INFO	wallet.rpc	src/wallet/wallet_rpc_server.h:72	[127.0.0.1:40282 INC] Calling RPC method get_balance
2026-06-06 03:14:40.911	[RPC0]	INFO	wallet.wallet2	src/wallet/wallet2.cpp:4316	Refresh done, blocks received: 0, balance (all accounts): 2.46249938833, unlocked: 0.00000000000
2026-06-06 03:15:00.920	[RPC0]	INFO	wallet.wallet2	src/wallet/wallet2.cpp:4316	Refresh done, blocks received: 0, balance (all accounts): 2.46249938833, unlocked: 0.00000000000
2026-06-06 03:15:20.928	[RPC0]	INFO	wallet.wallet2	src/wallet/wallet2.cpp:4316	Refresh done, blocks received: 0, balance (all accounts): 2.46249938833, unlocked: 0.00000000000
2026-06-06 03:15:38.217	[RPC0]	INFO	wallet.rpc	src/wallet/wallet_rpc_server.h:68	HTTP [127.0.0.1] POST /json_rpc
2026-06-06 03:15:38.217	[RPC0]	INFO	wallet.rpc	src/wallet/wallet_rpc_server.h:72	[127.0.0.1:49338 INC] Calling RPC method get_balance
2026-06-06 03:15:40.931	[RPC0]	INFO	wallet.wallet2	src/wallet/wallet2.cpp:4316	Refresh done, blocks received: 0, balance (all accounts): 2.46249938833, unlocked: 0.00000000000
2026-06-06 03:16:00.936	[RPC0]	INFO	wallet.wallet2	src/wallet/wallet2.cpp:4316	Refresh done, blocks received: 0, balance (all accounts): 2.46249938833, unlocked: 0.00000000000
2026-06-06 03:16:20.946	[RPC0]	INFO	wallet.wallet2	src/wallet/wallet2.cpp:4316	Refresh done, blocks received: 0, balance (all accounts): 2.46249938833, unlocked: 0.00000000000
2026-06-06 03:16:38.217	[RPC0]	INFO	wallet.rpc	src/wallet/wallet_rpc_server.h:68	HTTP [127.0.0.1] POST /json_rpc
2026-06-06 03:16:38.217	[RPC0]	INFO	wallet.rpc	src/wallet/wallet_rpc_server.h:72	[127.0.0.1:52680 INC] Calling RPC method get_balance
2026-06-06 03:16:40.958	[RPC0]	INFO	wallet.wallet2	src/wallet/wallet2.cpp:4316	Refresh done, blocks received: 0, balance (all accounts): 2.46249938833, unlocked: 0.00000000000
2026-06-06 03:17:00.965	[RPC0]	INFO	wallet.wallet2	src/wallet/wallet2.cpp:4316	Refresh done, blocks received: 0, balance (all accounts): 2.46249938833, unlocked: 0.00000000000
2026-06-06 03:17:20.970	[RPC0]	INFO	wallet.wallet2	src/wallet/wallet2.cpp:4316	Refresh done, blocks received: 0, balance (all accounts): 2.46249938833, unlocked: 0.00000000000
2026-06-06 03:17:38.227	[RPC0]	INFO	wallet.rpc	src/wallet/wallet_rpc_server.h:68	HTTP [127.0.0.1] POST /json_rpc
2026-06-06 03:17:38.227	[RPC0]	INFO	wallet.rpc	src/wallet/wallet_rpc_server.h:72	[127.0.0.1:53906 INC] Calling RPC method get_balance
2026-06-06 03:17:40.974	[RPC0]	INFO	wallet.wallet2	src/wallet/wallet2.cpp:4316	Refresh done, blocks received: 0, balance (all accounts): 2.46249938833, unlocked: 0.00000000000
2026-06-06 03:18:00.983	[RPC0]	INFO	wallet.wallet2	src/wallet/wallet2.cpp:4316	Refresh done, blocks received: 0, balance (all accounts): 2.46249938833, unlocked: 0.00000000000
2026-06-06 03:18:20.987	[RPC0]	INFO	wallet.wallet2	src/wallet/wallet2.cpp:4316	Refresh done, blocks received: 0, balance (all accounts): 2.46249938833, unlocked: 0.00000000000
2026-06-06 03:18:38.217	[RPC0]	INFO	wallet.rpc	src/wallet/wallet_rpc_server.h:68	HTTP [127.0.0.1] POST /json_rpc
2026-06-06 03:18:38.217	[RPC0]	INFO	wallet.rpc	src/wallet/wallet_rpc_server.h:72	[127.0.0.1:52538 INC] Calling RPC method get_balance
2026-06-06 03:18:40.993	[RPC0]	INFO	wallet.wallet2	src/wallet/wallet2.cpp:4316	Refresh done, blocks received: 0, balance (all accounts): 2.46249938833, unlocked: 0.00000000000
2026-06-06 03:19:00.998	[RPC0]	INFO	wallet.wallet2	src/wallet/wallet2.cpp:4316	Refresh done, blocks received: 0, balance (all accounts): 2.46249938833, unlocked: 0.00000000000
2026-06-06 03:19:21.004	[RPC0]	INFO	wallet.wallet2	src/wallet/wallet2.cpp:4316	Refresh done, blocks received: 0, balance (all accounts): 2.46249938833, unlocked: 0.00000000000
2026-06-06 03:19:38.216	[RPC0]	INFO	wallet.rpc	src/wallet/wallet_rpc_server.h:68	HTTP [127.0.0.1] POST /json_rpc
2026-06-06 03:19:38.216	[RPC0]	INFO	wallet.rpc	src/wallet/wallet_rpc_server.h:72	[127.0.0.1:51292 INC] Calling RPC method get_balance
2026-06-06 03:19:41.010	[RPC0]	INFO	wallet.wallet2	src/wallet/wallet2.cpp:4316	Refresh done, blocks received: 0, balance (all accounts): 2.46249938833, unlocked: 0.00000000000
2026-06-06 03:20:01.022	[RPC0]	INFO	wallet.wallet2	src/wallet/wallet2.cpp:4316	Refresh done, blocks received: 0, balance (all accounts): 2.46249938833, unlocked: 0.00000000000
2026-06-06 03:20:21.033	[RPC0]	INFO	wallet.wallet2	src/wallet/wallet2.cpp:4316	Refresh done, blocks received: 0, balance (all accounts): 2.46249938833, unlocked: 0.00000000000
2026-06-06 03:20:38.216	[RPC0]	INFO	wallet.rpc	src/wallet/wallet_rpc_server.h:68	HTTP [127.0.0.1] POST /json_rpc
2026-06-06 03:20:38.216	[RPC0]	INFO	wallet.rpc	src/wallet/wallet_rpc_server.h:72	[127.0.0.1:58256 INC] Calling RPC method get_balance
2026-06-06 03:20:41.043	[RPC0]	INFO	wallet.wallet2	src/wallet/wallet2.cpp:4316	Refresh done, blocks received: 0, balance (all accounts): 2.46249938833, unlocked: 0.00000000000
2026-06-06 03:21:01.047	[RPC0]	INFO	wallet.wallet2	src/wallet/wallet2.cpp:4316	Refresh done, blocks received: 0, balance (all accounts): 2.46249938833, unlocked: 0.00000000000
2026-06-06 03:21:21.056	[RPC0]	INFO	wallet.wallet2	src/wallet/wallet2.cpp:4316	Refresh done, blocks received: 0, balance (all accounts): 2.46249938833, unlocked: 0.00000000000
2026-06-06 03:21:38.230	[RPC0]	INFO	wallet.rpc	src/wallet/wallet_rpc_server.h:68	HTTP [127.0.0.1] POST /json_rpc
2026-06-06 03:21:38.230	[RPC0]	INFO	wallet.rpc	src/wallet/wallet_rpc_server.h:72	[127.0.0.1:55300 INC] Calling RPC method get_balance
2026-06-06 03:21:41.066	[RPC0]	INFO	wallet.wallet2	src/wallet/wallet2.cpp:4316	Refresh done, blocks received: 0, balance (all accounts): 2.46249938833, unlocked: 0.00000000000
2026-06-06 03:22:01.070	[RPC0]	INFO	wallet.wallet2	src/wallet/wallet2.cpp:4316	Refresh done, blocks received: 0, balance (all accounts): 2.46249938833, unlocked: 0.00000000000
2026-06-06 03:22:21.074	[RPC0]	INFO	wallet.wallet2	src/wallet/wallet2.cpp:4316	Refresh done, blocks received: 0, balance (all accounts): 2.46249938833, unlocked: 0.00000000000
2026-06-06 03:22:38.216	[RPC0]	INFO	wallet.rpc	src/wallet/wallet_rpc_server.h:68	HTTP [127.0.0.1] POST /json_rpc
2026-06-06 03:22:38.216	[RPC0]	INFO	wallet.rpc	src/wallet/wallet_rpc_server.h:72	[127.0.0.1:39526 INC] Calling RPC method get_balance
2026-06-06 03:22:41.084	[RPC0]	INFO	wallet.wallet2	src/wallet/wallet2.cpp:4316	Refresh done, blocks received: 0, balance (all accounts): 2.46249938833, unlocked: 0.00000000000
2026-06-06 03:23:01.095	[RPC0]	INFO	wallet.wallet2	src/wallet/wallet2.cpp:4316	Refresh done, blocks received: 0, balance (all accounts): 2.46249938833, unlocked: 0.00000000000
2026-06-06 03:23:21.100	[RPC0]	INFO	wallet.wallet2	src/wallet/wallet2.cpp:4316	Refresh done, blocks received: 0, balance (all accounts): 2.46249938833, unlocked: 0.00000000000
2026-06-06 03:23:38.215	[RPC0]	INFO	wallet.rpc	src/wallet/wallet_rpc_server.h:68	HTTP [127.0.0.1] POST /json_rpc
2026-06-06 03:23:38.216	[RPC0]	INFO	wallet.rpc	src/wallet/wallet_rpc_server.h:72	[127.0.0.1:55206 INC] Calling RPC method get_balance
2026-06-06 03:23:41.105	[RPC0]	INFO	wallet.wallet2	src/wallet/wallet2.cpp:4316	Refresh done, blocks received: 0, balance (all accounts): 2.46249938833, unlocked: 0.00000000000
2026-06-06 03:24:01.126	[RPC0]	INFO	wallet.wallet2	src/wallet/wallet2.cpp:4316	Refresh done, blocks received: 0, balance (all accounts): 2.46249938833, unlocked: 0.00000000000
2026-06-06 03:24:21.130	[RPC0]	INFO	wallet.wallet2	src/wallet/wallet2.cpp:4316	Refresh done, blocks received: 0, balance (all accounts): 2.46249938833, unlocked: 0.00000000000
2026-06-06 03:24:38.216	[RPC0]	INFO	wallet.rpc	src/wallet/wallet_rpc_server.h:68	HTTP [127.0.0.1] POST /json_rpc
2026-06-06 03:24:38.216	[RPC0]	INFO	wallet.rpc	src/wallet/wallet_rpc_server.h:72	[127.0.0.1:46078 INC] Calling RPC method get_balance
2026-06-06 03:24:41.140	[RPC0]	INFO	wallet.wallet2	src/wallet/wallet2.cpp:4316	Refresh done, blocks received: 0, balance (all accounts): 2.46249938833, unlocked: 0.00000000000
2026-06-06 03:25:01.146	[RPC0]	INFO	wallet.wallet2	src/wallet/wallet2.cpp:4316	Refresh done, blocks received: 0, balance (all accounts): 2.46249938833, unlocked: 0.00000000000
2026-06-06 03:25:21.162	[RPC0]	INFO	wallet.wallet2	src/wallet/wallet2.cpp:4316	Refresh done, blocks received: 0, balance (all accounts): 2.46249938833, unlocked: 0.00000000000
2026-06-06 03:25:38.215	[RPC0]	INFO	wallet.rpc	src/wallet/wallet_rpc_server.h:68	HTTP [127.0.0.1] POST /json_rpc
2026-06-06 03:25:38.215	[RPC0]	INFO	wallet.rpc	src/wallet/wallet_rpc_server.h:72	[127.0.0.1:36036 INC] Calling RPC method get_balance
2026-06-06 03:25:41.167	[RPC0]	INFO	wallet.wallet2	src/wallet/wallet2.cpp:4316	Refresh done, blocks received: 0, balance (all accounts): 2.46249938833, unlocked: 0.00000000000
2026-06-06 03:26:01.173	[RPC0]	INFO	wallet.wallet2	src/wallet/wallet2.cpp:4316	Refresh done, blocks received: 0, balance (all accounts): 2.46249938833, unlocked: 0.00000000000
2026-06-06 03:26:21.185	[RPC0]	INFO	wallet.wallet2	src/wallet/wallet2.cpp:4316	Refresh done, blocks received: 0, balance (all accounts): 2.46249938833, unlocked: 0.00000000000
2026-06-06 03:26:38.215	[RPC0]	INFO	wallet.rpc	src/wallet/wallet_rpc_server.h:68	HTTP [127.0.0.1] POST /json_rpc
2026-06-06 03:26:38.215	[RPC0]	INFO	wallet.rpc	src/wallet/wallet_rpc_server.h:72	[127.0.0.1:60640 INC] Calling RPC method get_balance
2026-06-06 03:26:41.192	[RPC0]	INFO	wallet.wallet2	src/wallet/wallet2.cpp:4316	Refresh done, blocks received: 0, balance (all accounts): 2.46249938833, unlocked: 0.00000000000
2026-06-06 03:27:01.199	[RPC0]	INFO	wallet.wallet2	src/wallet/wallet2.cpp:4316	Refresh done, blocks received: 0, balance (all accounts): 2.46249938833, unlocked: 0.00000000000
2026-06-06 03:27:21.204	[RPC0]	INFO	wallet.wallet2	src/wallet/wallet2.cpp:4316	Refresh done, blocks received: 0, balance (all accounts): 2.46249938833, unlocked: 0.00000000000
2026-06-06 03:27:38.217	[RPC0]	INFO	wallet.rpc	src/wallet/wallet_rpc_server.h:68	HTTP [127.0.0.1] POST /json_rpc
2026-06-06 03:27:38.217	[RPC0]	INFO	wallet.rpc	src/wallet/wallet_rpc_server.h:72	[127.0.0.1:54924 INC] Calling RPC method get_balance
2026-06-06 03:27:41.210	[RPC0]	INFO	wallet.wallet2	src/wallet/wallet2.cpp:4316	Refresh done, blocks received: 0, balance (all accounts): 2.46249938833, unlocked: 0.00000000000
2026-06-06 03:28:01.213	[RPC0]	INFO	wallet.wallet2	src/wallet/wallet2.cpp:4316	Refresh done, blocks received: 0, balance (all accounts): 2.46249938833, unlocked: 0.00000000000
2026-06-06 03:28:21.218	[RPC0]	INFO	wallet.wallet2	src/wallet/wallet2.cpp:4316	Refresh done, blocks received: 0, balance (all accounts): 2.46249938833, unlocked: 0.00000000000
2026-06-06 03:28:38.215	[RPC0]	INFO	wallet.rpc	src/wallet/wallet_rpc_server.h:68	HTTP [127.0.0.1] POST /json_rpc
2026-06-06 03:28:38.215	[RPC0]	INFO	wallet.rpc	src/wallet/wallet_rpc_server.h:72	[127.0.0.1:53078 INC] Calling RPC method get_balance
2026-06-06 03:28:41.224	[RPC0]	INFO	wallet.wallet2	src/wallet/wallet2.cpp:4316	Refresh done, blocks received: 0, balance (all accounts): 2.46249938833, unlocked: 0.00000000000
2026-06-06 03:29:01.244	[RPC0]	INFO	wallet.wallet2	src/wallet/wallet2.cpp:4316	Refresh done, blocks received: 0, balance (all accounts): 2.46249938833, unlocked: 0.00000000000
2026-06-06 03:29:21.256	[RPC0]	INFO	wallet.wallet2	src/wallet/wallet2.cpp:4316	Refresh done, blocks received: 0, balance (all accounts): 2.46249938833, unlocked: 0.00000000000
2026-06-06 03:29:38.216	[RPC0]	INFO	wallet.rpc	src/wallet/wallet_rpc_server.h:68	HTTP [127.0.0.1] POST /json_rpc
2026-06-06 03:29:38.216	[RPC0]	INFO	wallet.rpc	src/wallet/wallet_rpc_server.h:72	[127.0.0.1:36486 INC] Calling RPC method get_balance
2026-06-06 03:29:41.260	[RPC0]	INFO	wallet.wallet2	src/wallet/wallet2.cpp:4316	Refresh done, blocks received: 0, balance (all accounts): 2.46249938833, unlocked: 0.00000000000
2026-06-06 03:30:01.271	[RPC0]	INFO	wallet.wallet2	src/wallet/wallet2.cpp:4316	Refresh done, blocks received: 0, balance (all accounts): 2.46249938833, unlocked: 0.00000000000
2026-06-06 03:30:21.276	[RPC0]	INFO	wallet.wallet2	src/wallet/wallet2.cpp:4316	Refresh done, blocks received: 0, balance (all accounts): 2.46249938833, unlocked: 0.00000000000
2026-06-06 03:30:38.222	[RPC0]	INFO	wallet.rpc	src/wallet/wallet_rpc_server.h:68	HTTP [127.0.0.1] POST /json_rpc
2026-06-06 03:30:38.222	[RPC0]	INFO	wallet.rpc	src/wallet/wallet_rpc_server.h:72	[127.0.0.1:50016 INC] Calling RPC method get_balance
2026-06-06 03:30:41.286	[RPC0]	INFO	wallet.wallet2	src/wallet/wallet2.cpp:4316	Refresh done, blocks received: 0, balance (all accounts): 2.46249938833, unlocked: 0.00000000000
2026-06-06 03:31:01.295	[RPC0]	INFO	wallet.wallet2	src/wallet/wallet2.cpp:4316	Refresh done, blocks received: 0, balance (all accounts): 2.46249938833, unlocked: 0.00000000000
2026-06-06 03:31:21.301	[RPC0]	INFO	wallet.wallet2	src/wallet/wallet2.cpp:4316	Refresh done, blocks received: 0, balance (all accounts): 2.46249938833, unlocked: 0.00000000000
2026-06-06 03:31:38.220	[RPC0]	INFO	wallet.rpc	src/wallet/wallet_rpc_server.h:68	HTTP [127.0.0.1] POST /json_rpc
2026-06-06 03:31:38.220	[RPC0]	INFO	wallet.rpc	src/wallet/wallet_rpc_server.h:72	[127.0.0.1:48838 INC] Calling RPC method get_balance
2026-06-06 03:31:41.305	[RPC0]	INFO	wallet.wallet2	src/wallet/wallet2.cpp:4316	Refresh done, blocks received: 0, balance (all accounts): 2.46249938833, unlocked: 0.00000000000
2026-06-06 03:32:01.310	[RPC0]	INFO	wallet.wallet2	src/wallet/wallet2.cpp:4316	Refresh done, blocks received: 0, balance (all accounts): 2.46249938833, unlocked: 0.00000000000
2026-06-06 03:32:21.318	[RPC0]	INFO	wallet.wallet2	src/wallet/wallet2.cpp:4316	Refresh done, blocks received: 0, balance (all accounts): 2.46249938833, unlocked: 0.00000000000
2026-06-06 03:32:38.217	[RPC0]	INFO	wallet.rpc	src/wallet/wallet_rpc_server.h:68	HTTP [127.0.0.1] POST /json_rpc
2026-06-06 03:32:38.217	[RPC0]	INFO	wallet.rpc	src/wallet/wallet_rpc_server.h:72	[127.0.0.1:43680 INC] Calling RPC method get_balance
2026-06-06 03:32:41.324	[RPC0]	INFO	wallet.wallet2	src/wallet/wallet2.cpp:4316	Refresh done, blocks received: 0, balance (all accounts): 2.46249938833, unlocked: 0.00000000000
2026-06-06 03:33:01.330	[RPC0]	INFO	wallet.wallet2	src/wallet/wallet2.cpp:4316	Refresh done, blocks received: 0, balance (all accounts): 2.46249938833, unlocked: 0.00000000000
2026-06-06 03:33:21.334	[RPC0]	INFO	wallet.wallet2	src/wallet/wallet2.cpp:4316	Refresh done, blocks received: 0, balance (all accounts): 2.46249938833, unlocked: 0.00000000000
2026-06-06 03:33:38.217	[RPC0]	INFO	wallet.rpc	src/wallet/wallet_rpc_server.h:68	HTTP [127.0.0.1] POST /json_rpc
2026-06-06 03:33:38.217	[RPC0]	INFO	wallet.rpc	src/wallet/wallet_rpc_server.h:72	[127.0.0.1:46956 INC] Calling RPC method get_balance
2026-06-06 03:33:41.338	[RPC0]	INFO	wallet.wallet2	src/wallet/wallet2.cpp:4316	Refresh done, blocks received: 0, balance (all accounts): 2.46249938833, unlocked: 0.00000000000
2026-06-06 03:34:01.343	[RPC0]	INFO	wallet.wallet2	src/wallet/wallet2.cpp:4316	Refresh done, blocks received: 0, balance (all accounts): 2.46249938833, unlocked: 0.00000000000
2026-06-06 03:34:21.347	[RPC0]	INFO	wallet.wallet2	src/wallet/wallet2.cpp:4316	Refresh done, blocks received: 0, balance (all accounts): 2.46249938833, unlocked: 0.00000000000
2026-06-06 03:34:38.216	[RPC0]	INFO	wallet.rpc	src/wallet/wallet_rpc_server.h:68	HTTP [127.0.0.1] POST /json_rpc
2026-06-06 03:34:38.216	[RPC0]	INFO	wallet.rpc	src/wallet/wallet_rpc_server.h:72	[127.0.0.1:48796 INC] Calling RPC method get_balance
2026-06-06 03:34:41.352	[RPC0]	INFO	wallet.wallet2	src/wallet/wallet2.cpp:4316	Refresh done, blocks received: 0, balance (all accounts): 2.46249938833, unlocked: 0.00000000000
2026-06-06 03:35:01.358	[RPC0]	INFO	wallet.wallet2	src/wallet/wallet2.cpp:4316	Refresh done, blocks received: 0, balance (all accounts): 2.46249938833, unlocked: 0.00000000000
2026-06-06 03:35:21.362	[RPC0]	INFO	wallet.wallet2	src/wallet/wallet2.cpp:4316	Refresh done, blocks received: 0, balance (all accounts): 2.46249938833, unlocked: 0.00000000000
2026-06-06 03:35:38.217	[RPC0]	INFO	wallet.rpc	src/wallet/wallet_rpc_server.h:68	HTTP [127.0.0.1] POST /json_rpc
2026-06-06 03:35:38.217	[RPC0]	INFO	wallet.rpc	src/wallet/wallet_rpc_server.h:72	[127.0.0.1:57910 INC] Calling RPC method get_balance
2026-06-06 03:35:41.370	[RPC0]	INFO	wallet.wallet2	src/wallet/wallet2.cpp:4316	Refresh done, blocks received: 0, balance (all accounts): 2.46249938833, unlocked: 0.00000000000
2026-06-06 03:36:01.373	[RPC0]	INFO	wallet.wallet2	src/wallet/wallet2.cpp:4316	Refresh done, blocks received: 0, balance (all accounts): 2.46249938833, unlocked: 0.00000000000
2026-06-06 03:36:21.377	[RPC0]	INFO	wallet.wallet2	src/wallet/wallet2.cpp:4316	Refresh done, blocks received: 0, balance (all accounts): 2.46249938833, unlocked: 0.00000000000
2026-06-06 03:36:38.217	[RPC0]	INFO	wallet.rpc	src/wallet/wallet_rpc_server.h:68	HTTP [127.0.0.1] POST /json_rpc
2026-06-06 03:36:38.217	[RPC0]	INFO	wallet.rpc	src/wallet/wallet_rpc_server.h:72	[127.0.0.1:38012 INC] Calling RPC method get_balance
2026-06-06 03:36:41.385	[RPC0]	INFO	wallet.wallet2	src/wallet/wallet2.cpp:4316	Refresh done, blocks received: 0, balance (all accounts): 2.46249938833, unlocked: 0.00000000000
2026-06-06 03:37:01.391	[RPC0]	INFO	wallet.wallet2	src/wallet/wallet2.cpp:4316	Refresh done, blocks received: 0, balance (all accounts): 2.46249938833, unlocked: 0.00000000000
2026-06-06 03:37:21.395	[RPC0]	INFO	wallet.wallet2	src/wallet/wallet2.cpp:4316	Refresh done, blocks received: 0, balance (all accounts): 2.46249938833, unlocked: 0.00000000000
2026-06-06 03:37:38.216	[RPC0]	INFO	wallet.rpc	src/wallet/wallet_rpc_server.h:68	HTTP [127.0.0.1] POST /json_rpc
2026-06-06 03:37:38.216	[RPC0]	INFO	wallet.rpc	src/wallet/wallet_rpc_server.h:72	[127.0.0.1:41856 INC] Calling RPC method get_balance
2026-06-06 03:37:41.403	[RPC0]	INFO	wallet.wallet2	src/wallet/wallet2.cpp:4316	Refresh done, blocks received: 0, balance (all accounts): 2.46249938833, unlocked: 0.00000000000
2026-06-06 03:38:01.414	[RPC0]	INFO	wallet.wallet2	src/wallet/wallet2.cpp:4316	Refresh done, blocks received: 0, balance (all accounts): 2.46249938833, unlocked: 0.00000000000
2026-06-06 03:38:21.418	[RPC0]	INFO	wallet.wallet2	src/wallet/wallet2.cpp:4316	Refresh done, blocks received: 0, balance (all accounts): 2.46249938833, unlocked: 0.00000000000
2026-06-06 03:38:38.224	[RPC0]	INFO	wallet.rpc	src/wallet/wallet_rpc_server.h:68	HTTP [127.0.0.1] POST /json_rpc
2026-06-06 03:38:38.224	[RPC0]	INFO	wallet.rpc	src/wallet/wallet_rpc_server.h:72	[127.0.0.1:58568 INC] Calling RPC method get_balance
2026-06-06 03:38:41.427	[RPC0]	INFO	wallet.wallet2	src/wallet/wallet2.cpp:4316	Refresh done, blocks received: 0, balance (all accounts): 2.46249938833, unlocked: 0.00000000000
2026-06-06 03:39:01.437	[RPC0]	INFO	wallet.wallet2	src/wallet/wallet2.cpp:4316	Refresh done, blocks received: 0, balance (all accounts): 2.46249938833, unlocked: 0.00000000000
2026-06-06 03:39:21.447	[RPC0]	INFO	wallet.wallet2	src/wallet/wallet2.cpp:4316	Refresh done, blocks received: 0, balance (all accounts): 2.46249938833, unlocked: 0.00000000000
2026-06-06 03:39:38.217	[RPC0]	INFO	wallet.rpc	src/wallet/wallet_rpc_server.h:68	HTTP [127.0.0.1] POST /json_rpc
2026-06-06 03:39:38.218	[RPC0]	INFO	wallet.rpc	src/wallet/wallet_rpc_server.h:72	[127.0.0.1:48992 INC] Calling RPC method get_balance
2026-06-06 03:39:41.451	[RPC0]	INFO	wallet.wallet2	src/wallet/wallet2.cpp:4316	Refresh done, blocks received: 0, balance (all accounts): 2.46249938833, unlocked: 0.00000000000
2026-06-06 03:40:01.460	[RPC0]	INFO	wallet.wallet2	src/wallet/wallet2.cpp:4316	Refresh done, blocks received: 0, balance (all accounts): 2.46249938833, unlocked: 0.00000000000
2026-06-06 03:40:21.463	[RPC0]	INFO	wallet.wallet2	src/wallet/wallet2.cpp:4316	Refresh done, blocks received: 0, balance (all accounts): 2.46249938833, unlocked: 0.00000000000
2026-06-06 03:40:38.217	[RPC0]	INFO	wallet.rpc	src/wallet/wallet_rpc_server.h:68	HTTP [127.0.0.1] POST /json_rpc
2026-06-06 03:40:38.217	[RPC0]	INFO	wallet.rpc	src/wallet/wallet_rpc_server.h:72	[127.0.0.1:43768 INC] Calling RPC method get_balance
2026-06-06 03:40:41.479	[RPC0]	INFO	wallet.wallet2	src/wallet/wallet2.cpp:4316	Refresh done, blocks received: 0, balance (all accounts): 2.46249938833, unlocked: 0.00000000000
2026-06-06 03:41:01.487	[RPC0]	INFO	wallet.wallet2	src/wallet/wallet2.cpp:4316	Refresh done, blocks received: 0, balance (all accounts): 2.46249938833, unlocked: 0.00000000000
2026-06-06 03:41:21.497	[RPC0]	INFO	wallet.wallet2	src/wallet/wallet2.cpp:4316	Refresh done, blocks received: 0, balance (all accounts): 2.46249938833, unlocked: 0.00000000000
2026-06-06 03:41:38.216	[RPC0]	INFO	wallet.rpc	src/wallet/wallet_rpc_server.h:68	HTTP [127.0.0.1] POST /json_rpc
2026-06-06 03:41:38.216	[RPC0]	INFO	wallet.rpc	src/wallet/wallet_rpc_server.h:72	[127.0.0.1:34820 INC] Calling RPC method get_balance
2026-06-06 03:41:41.506	[RPC0]	INFO	wallet.wallet2	src/wallet/wallet2.cpp:4316	Refresh done, blocks received: 0, balance (all accounts): 2.46249938833, unlocked: 0.00000000000
2026-06-06 03:42:01.515	[RPC0]	INFO	wallet.wallet2	src/wallet/wallet2.cpp:4316	Refresh done, blocks received: 0, balance (all accounts): 2.46249938833, unlocked: 0.00000000000
2026-06-06 03:42:21.521	[RPC0]	INFO	wallet.wallet2	src/wallet/wallet2.cpp:4316	Refresh done, blocks received: 0, balance (all accounts): 2.46249938833, unlocked: 0.00000000000
2026-06-06 03:42:38.222	[RPC0]	INFO	wallet.rpc	src/wallet/wallet_rpc_server.h:68	HTTP [127.0.0.1] POST /json_rpc
2026-06-06 03:42:38.222	[RPC0]	INFO	wallet.rpc	src/wallet/wallet_rpc_server.h:72	[127.0.0.1:49446 INC] Calling RPC method get_balance
2026-06-06 03:42:41.529	[RPC0]	INFO	wallet.wallet2	src/wallet/wallet2.cpp:4316	Refresh done, blocks received: 0, balance (all accounts): 2.46249938833, unlocked: 0.00000000000
2026-06-06 03:43:01.536	[RPC0]	INFO	wallet.wallet2	src/wallet/wallet2.cpp:4316	Refresh done, blocks received: 0, balance (all accounts): 2.46249938833, unlocked: 0.00000000000
2026-06-06 03:43:21.545	[RPC0]	INFO	wallet.wallet2	src/wallet/wallet2.cpp:4316	Refresh done, blocks received: 0, balance (all accounts): 2.46249938833, unlocked: 0.00000000000
2026-06-06 03:43:38.217	[RPC0]	INFO	wallet.rpc	src/wallet/wallet_rpc_server.h:68	HTTP [127.0.0.1] POST /json_rpc
2026-06-06 03:43:38.217	[RPC0]	INFO	wallet.rpc	src/wallet/wallet_rpc_server.h:72	[127.0.0.1:47298 INC] Calling RPC method get_balance
2026-06-06 03:43:41.555	[RPC0]	INFO	wallet.wallet2	src/wallet/wallet2.cpp:4316	Refresh done, blocks received: 0, balance (all accounts): 2.46249938833, unlocked: 0.00000000000
2026-06-06 03:44:35.182	[RPC0]	INFO	wallet.wallet2	src/wallet/wallet2.cpp:4316	Refresh done, blocks received: 0, balance (all accounts): 2.46249938833, unlocked: 0.00000000000
2026-06-06 03:44:38.216	[RPC0]	INFO	wallet.rpc	src/wallet/wallet_rpc_server.h:68	HTTP [127.0.0.1] POST /json_rpc
2026-06-06 03:44:38.217	[RPC0]	INFO	wallet.rpc	src/wallet/wallet_rpc_server.h:72	[127.0.0.1:55860 INC] Calling RPC method get_balance
2026-06-06 03:44:55.186	[RPC0]	INFO	wallet.wallet2	src/wallet/wallet2.cpp:4316	Refresh done, blocks received: 0, balance (all accounts): 2.46249938833, unlocked: 0.00000000000
2026-06-06 03:45:15.191	[RPC0]	INFO	wallet.wallet2	src/wallet/wallet2.cpp:4316	Refresh done, blocks received: 0, balance (all accounts): 2.46249938833, unlocked: 0.00000000000
2026-06-06 03:45:35.196	[RPC0]	INFO	wallet.wallet2	src/wallet/wallet2.cpp:4316	Refresh done, blocks received: 0, balance (all accounts): 2.46249938833, unlocked: 0.00000000000
2026-06-06 03:45:38.218	[RPC0]	INFO	wallet.rpc	src/wallet/wallet_rpc_server.h:68	HTTP [127.0.0.1] POST /json_rpc
2026-06-06 03:45:38.218	[RPC0]	INFO	wallet.rpc	src/wallet/wallet_rpc_server.h:72	[127.0.0.1:53008 INC] Calling RPC method get_balance
2026-06-06 03:45:55.202	[RPC0]	INFO	wallet.wallet2	src/wallet/wallet2.cpp:4316	Refresh done, blocks received: 0, balance (all accounts): 2.46249938833, unlocked: 0.00000000000
2026-06-06 03:46:15.206	[RPC0]	INFO	wallet.wallet2	src/wallet/wallet2.cpp:4316	Refresh done, blocks received: 0, balance (all accounts): 2.46249938833, unlocked: 0.00000000000
2026-06-06 03:46:35.211	[RPC0]	INFO	wallet.wallet2	src/wallet/wallet2.cpp:4316	Refresh done, blocks received: 0, balance (all accounts): 2.46249938833, unlocked: 0.00000000000
2026-06-06 03:46:38.216	[RPC0]	INFO	wallet.rpc	src/wallet/wallet_rpc_server.h:68	HTTP [127.0.0.1] POST /json_rpc
2026-06-06 03:46:38.218	[RPC0]	INFO	wallet.rpc	src/wallet/wallet_rpc_server.h:72	[127.0.0.1:36734 INC] Calling RPC method get_balance
2026-06-06 03:46:55.217	[RPC0]	INFO	wallet.wallet2	src/wallet/wallet2.cpp:4316	Refresh done, blocks received: 0, balance (all accounts): 2.46249938833, unlocked: 0.00000000000
2026-06-06 03:47:15.222	[RPC0]	INFO	wallet.wallet2	src/wallet/wallet2.cpp:4316	Refresh done, blocks received: 0, balance (all accounts): 2.46249938833, unlocked: 0.00000000000
2026-06-06 03:47:35.232	[RPC0]	INFO	wallet.wallet2	src/wallet/wallet2.cpp:4316	Refresh done, blocks received: 0, balance (all accounts): 2.46249938833, unlocked: 0.00000000000
2026-06-06 03:47:38.216	[RPC0]	INFO	wallet.rpc	src/wallet/wallet_rpc_server.h:68	HTTP [127.0.0.1] POST /json_rpc
2026-06-06 03:47:38.216	[RPC0]	INFO	wallet.rpc	src/wallet/wallet_rpc_server.h:72	[127.0.0.1:50544 INC] Calling RPC method get_balance
2026-06-06 03:47:55.237	[RPC0]	INFO	wallet.wallet2	src/wallet/wallet2.cpp:4316	Refresh done, blocks received: 0, balance (all accounts): 2.46249938833, unlocked: 0.00000000000
2026-06-06 03:48:15.260	[RPC0]	INFO	wallet.wallet2	src/wallet/wallet2.cpp:4316	Refresh done, blocks received: 0, balance (all accounts): 2.46249938833, unlocked: 0.00000000000
2026-06-06 03:48:35.266	[RPC0]	INFO	wallet.wallet2	src/wallet/wallet2.cpp:4316	Refresh done, blocks received: 0, balance (all accounts): 2.46249938833, unlocked: 0.00000000000
2026-06-06 03:48:38.217	[RPC0]	INFO	wallet.rpc	src/wallet/wallet_rpc_server.h:68	HTTP [127.0.0.1] POST /json_rpc
2026-06-06 03:48:38.217	[RPC0]	INFO	wallet.rpc	src/wallet/wallet_rpc_server.h:72	[127.0.0.1:53930 INC] Calling RPC method get_balance
2026-06-06 03:48:55.271	[RPC0]	INFO	wallet.wallet2	src/wallet/wallet2.cpp:4316	Refresh done, blocks received: 0, balance (all accounts): 2.46249938833, unlocked: 0.00000000000
2026-06-06 03:49:15.283	[RPC0]	INFO	wallet.wallet2	src/wallet/wallet2.cpp:4316	Refresh done, blocks received: 0, balance (all accounts): 2.46249938833, unlocked: 0.00000000000
2026-06-06 03:49:35.291	[RPC0]	INFO	wallet.wallet2	src/wallet/wallet2.cpp:4316	Refresh done, blocks received: 0, balance (all accounts): 2.46249938833, unlocked: 0.00000000000
2026-06-06 03:49:38.221	[RPC0]	INFO	wallet.rpc	src/wallet/wallet_rpc_server.h:68	HTTP [127.0.0.1] POST /json_rpc
2026-06-06 03:49:38.221	[RPC0]	INFO	wallet.rpc	src/wallet/wallet_rpc_server.h:72	[127.0.0.1:42074 INC] Calling RPC method get_balance
2026-06-06 03:49:55.300	[RPC0]	INFO	wallet.wallet2	src/wallet/wallet2.cpp:4316	Refresh done, blocks received: 0, balance (all accounts): 2.46249938833, unlocked: 0.00000000000
2026-06-06 03:50:15.307	[RPC0]	INFO	wallet.wallet2	src/wallet/wallet2.cpp:4316	Refresh done, blocks received: 0, balance (all accounts): 2.46249938833, unlocked: 0.00000000000
2026-06-06 03:50:35.313	[RPC0]	INFO	wallet.wallet2	src/wallet/wallet2.cpp:4316	Refresh done, blocks received: 0, balance (all accounts): 2.46249938833, unlocked: 0.00000000000
2026-06-06 03:50:38.219	[RPC0]	INFO	wallet.rpc	src/wallet/wallet_rpc_server.h:68	HTTP [127.0.0.1] POST /json_rpc
2026-06-06 03:50:38.219	[RPC0]	INFO	wallet.rpc	src/wallet/wallet_rpc_server.h:72	[127.0.0.1:46026 INC] Calling RPC method get_balance
2026-06-06 03:50:55.320	[RPC0]	INFO	wallet.wallet2	src/wallet/wallet2.cpp:4316	Refresh done, blocks received: 0, balance (all accounts): 2.46249938833, unlocked: 0.00000000000
2026-06-06 03:51:15.326	[RPC0]	INFO	wallet.wallet2	src/wallet/wallet2.cpp:4316	Refresh done, blocks received: 0, balance (all accounts): 2.46249938833, unlocked: 0.00000000000
2026-06-06 03:51:35.335	[RPC0]	INFO	wallet.wallet2	src/wallet/wallet2.cpp:4316	Refresh done, blocks received: 0, balance (all accounts): 2.46249938833, unlocked: 0.00000000000
2026-06-06 03:51:38.216	[RPC0]	INFO	wallet.rpc	src/wallet/wallet_rpc_server.h:68	HTTP [127.0.0.1] POST /json_rpc
2026-06-06 03:51:38.216	[RPC0]	INFO	wallet.rpc	src/wallet/wallet_rpc_server.h:72	[127.0.0.1:43134 INC] Calling RPC method get_balance
2026-06-06 03:51:55.339	[RPC0]	INFO	wallet.wallet2	src/wallet/wallet2.cpp:4316	Refresh done, blocks received: 0, balance (all accounts): 2.46249938833, unlocked: 0.00000000000
2026-06-06 03:52:15.344	[RPC0]	INFO	wallet.wallet2	src/wallet/wallet2.cpp:4316	Refresh done, blocks received: 0, balance (all accounts): 2.46249938833, unlocked: 0.00000000000
2026-06-06 03:52:35.349	[RPC0]	INFO	wallet.wallet2	src/wallet/wallet2.cpp:4316	Refresh done, blocks received: 0, balance (all accounts): 2.46249938833, unlocked: 0.00000000000
2026-06-06 03:52:38.216	[RPC0]	INFO	wallet.rpc	src/wallet/wallet_rpc_server.h:68	HTTP [127.0.0.1] POST /json_rpc
2026-06-06 03:52:38.217	[RPC0]	INFO	wallet.rpc	src/wallet/wallet_rpc_server.h:72	[127.0.0.1:56592 INC] Calling RPC method get_balance
2026-06-06 03:52:55.356	[RPC0]	INFO	wallet.wallet2	src/wallet/wallet2.cpp:4316	Refresh done, blocks received: 0, balance (all accounts): 2.46249938833, unlocked: 0.00000000000
2026-06-06 03:53:15.373	[RPC0]	INFO	wallet.wallet2	src/wallet/wallet2.cpp:4316	Refresh done, blocks received: 0, balance (all accounts): 2.46249938833, unlocked: 0.00000000000
2026-06-06 03:53:35.377	[RPC0]	INFO	wallet.wallet2	src/wallet/wallet2.cpp:4316	Refresh done, blocks received: 0, balance (all accounts): 2.46249938833, unlocked: 0.00000000000
2026-06-06 03:53:38.217	[RPC0]	INFO	wallet.rpc	src/wallet/wallet_rpc_server.h:68	HTTP [127.0.0.1] POST /json_rpc
2026-06-06 03:53:38.217	[RPC0]	INFO	wallet.rpc	src/wallet/wallet_rpc_server.h:72	[127.0.0.1:50458 INC] Calling RPC method get_balance
2026-06-06 03:53:55.382	[RPC0]	INFO	wallet.wallet2	src/wallet/wallet2.cpp:4316	Refresh done, blocks received: 0, balance (all accounts): 2.46249938833, unlocked: 0.00000000000
2026-06-06 03:54:15.387	[RPC0]	INFO	wallet.wallet2	src/wallet/wallet2.cpp:4316	Refresh done, blocks received: 0, balance (all accounts): 2.46249938833, unlocked: 0.00000000000
2026-06-06 03:54:35.393	[RPC0]	INFO	wallet.wallet2	src/wallet/wallet2.cpp:4316	Refresh done, blocks received: 0, balance (all accounts): 2.46249938833, unlocked: 0.00000000000
2026-06-06 03:54:38.216	[RPC0]	INFO	wallet.rpc	src/wallet/wallet_rpc_server.h:68	HTTP [127.0.0.1] POST /json_rpc
2026-06-06 03:54:38.217	[RPC0]	INFO	wallet.rpc	src/wallet/wallet_rpc_server.h:72	[127.0.0.1:58820 INC] Calling RPC method get_balance
2026-06-06 03:54:55.405	[RPC0]	INFO	wallet.wallet2	src/wallet/wallet2.cpp:4316	Refresh done, blocks received: 0, balance (all accounts): 2.46249938833, unlocked: 0.00000000000
2026-06-06 03:55:15.416	[RPC0]	INFO	wallet.wallet2	src/wallet/wallet2.cpp:4316	Refresh done, blocks received: 0, balance (all accounts): 2.46249938833, unlocked: 0.00000000000
2026-06-06 03:55:35.423	[RPC0]	INFO	wallet.wallet2	src/wallet/wallet2.cpp:4316	Refresh done, blocks received: 0, balance (all accounts): 2.46249938833, unlocked: 0.00000000000
2026-06-06 03:55:38.226	[RPC0]	INFO	wallet.rpc	src/wallet/wallet_rpc_server.h:68	HTTP [127.0.0.1] POST /json_rpc
2026-06-06 03:55:38.226	[RPC0]	INFO	wallet.rpc	src/wallet/wallet_rpc_server.h:72	[127.0.0.1:42524 INC] Calling RPC method get_balance
2026-06-06 03:55:55.432	[RPC0]	INFO	wallet.wallet2	src/wallet/wallet2.cpp:4316	Refresh done, blocks received: 0, balance (all accounts): 2.46249938833, unlocked: 0.00000000000
2026-06-06 03:56:15.442	[RPC0]	INFO	wallet.wallet2	src/wallet/wallet2.cpp:4316	Refresh done, blocks received: 0, balance (all accounts): 2.46249938833, unlocked: 0.00000000000
2026-06-06 03:56:35.448	[RPC0]	INFO	wallet.wallet2	src/wallet/wallet2.cpp:4316	Refresh done, blocks received: 0, balance (all accounts): 2.46249938833, unlocked: 0.00000000000
2026-06-06 03:56:38.218	[RPC0]	INFO	wallet.rpc	src/wallet/wallet_rpc_server.h:68	HTTP [127.0.0.1] POST /json_rpc
2026-06-06 03:56:38.218	[RPC0]	INFO	wallet.rpc	src/wallet/wallet_rpc_server.h:72	[127.0.0.1:55884 INC] Calling RPC method get_balance
2026-06-06 03:56:55.452	[RPC0]	INFO	wallet.wallet2	src/wallet/wallet2.cpp:4316	Refresh done, blocks received: 0, balance (all accounts): 2.46249938833, unlocked: 0.00000000000
2026-06-06 03:57:15.457	[RPC0]	INFO	wallet.wallet2	src/wallet/wallet2.cpp:4316	Refresh done, blocks received: 0, balance (all accounts): 2.46249938833, unlocked: 0.00000000000
2026-06-06 03:57:35.470	[RPC0]	INFO	wallet.wallet2	src/wallet/wallet2.cpp:4316	Refresh done, blocks received: 0, balance (all accounts): 2.46249938833, unlocked: 0.00000000000
2026-06-06 03:57:38.217	[RPC0]	INFO	wallet.rpc	src/wallet/wallet_rpc_server.h:68	HTTP [127.0.0.1] POST /json_rpc
2026-06-06 03:57:38.217	[RPC0]	INFO	wallet.rpc	src/wallet/wallet_rpc_server.h:72	[127.0.0.1:44014 INC] Calling RPC method get_balance
2026-06-06 03:57:55.475	[RPC0]	INFO	wallet.wallet2	src/wallet/wallet2.cpp:4316	Refresh done, blocks received: 0, balance (all accounts): 2.46249938833, unlocked: 0.00000000000
2026-06-06 03:58:15.483	[RPC0]	INFO	wallet.wallet2	src/wallet/wallet2.cpp:4316	Refresh done, blocks received: 0, balance (all accounts): 2.46249938833, unlocked: 0.00000000000
2026-06-06 03:58:35.493	[RPC0]	INFO	wallet.wallet2	src/wallet/wallet2.cpp:4316	Refresh done, blocks received: 0, balance (all accounts): 2.46249938833, unlocked: 0.00000000000
2026-06-06 03:58:38.217	[RPC0]	INFO	wallet.rpc	src/wallet/wallet_rpc_server.h:68	HTTP [127.0.0.1] POST /json_rpc
2026-06-06 03:58:38.217	[RPC0]	INFO	wallet.rpc	src/wallet/wallet_rpc_server.h:72	[127.0.0.1:35072 INC] Calling RPC method get_balance
2026-06-06 03:58:55.500	[RPC0]	INFO	wallet.wallet2	src/wallet/wallet2.cpp:4316	Refresh done, blocks received: 0, balance (all accounts): 2.46249938833, unlocked: 0.00000000000
2026-06-06 03:59:15.504	[RPC0]	INFO	wallet.wallet2	src/wallet/wallet2.cpp:4316	Refresh done, blocks received: 0, balance (all accounts): 2.46249938833, unlocked: 0.00000000000
2026-06-06 03:59:35.509	[RPC0]	INFO	wallet.wallet2	src/wallet/wallet2.cpp:4316	Refresh done, blocks received: 0, balance (all accounts): 2.46249938833, unlocked: 0.00000000000
2026-06-06 03:59:38.216	[RPC0]	INFO	wallet.rpc	src/wallet/wallet_rpc_server.h:68	HTTP [127.0.0.1] POST /json_rpc
2026-06-06 03:59:38.216	[RPC0]	INFO	wallet.rpc	src/wallet/wallet_rpc_server.h:72	[127.0.0.1:39126 INC] Calling RPC method get_balance
2026-06-06 03:59:55.514	[RPC0]	INFO	wallet.wallet2	src/wallet/wallet2.cpp:4316	Refresh done, blocks received: 0, balance (all accounts): 2.46249938833, unlocked: 0.00000000000
2026-06-06 04:00:15.518	[RPC0]	INFO	wallet.wallet2	src/wallet/wallet2.cpp:4316	Refresh done, blocks received: 0, balance (all accounts): 2.46249938833, unlocked: 0.00000000000
2026-06-06 04:00:35.523	[RPC0]	INFO	wallet.wallet2	src/wallet/wallet2.cpp:4316	Refresh done, blocks received: 0, balance (all accounts): 2.46249938833, unlocked: 0.00000000000
2026-06-06 04:00:38.222	[RPC0]	INFO	wallet.rpc	src/wallet/wallet_rpc_server.h:68	HTTP [127.0.0.1] POST /json_rpc
2026-06-06 04:00:38.222	[RPC0]	INFO	wallet.rpc	src/wallet/wallet_rpc_server.h:72	[127.0.0.1:57836 INC] Calling RPC method get_balance
2026-06-06 04:00:55.528	[RPC0]	INFO	wallet.wallet2	src/wallet/wallet2.cpp:4316	Refresh done, blocks received: 0, balance (all accounts): 2.46249938833, unlocked: 0.00000000000
2026-06-06 04:01:15.535	[RPC0]	INFO	wallet.wallet2	src/wallet/wallet2.cpp:4316	Refresh done, blocks received: 0, balance (all accounts): 2.46249938833, unlocked: 0.00000000000
2026-06-06 04:01:35.539	[RPC0]	INFO	wallet.wallet2	src/wallet/wallet2.cpp:4316	Refresh done, blocks received: 0, balance (all accounts): 2.46249938833, unlocked: 0.00000000000
2026-06-06 04:01:38.221	[RPC0]	INFO	wallet.rpc	src/wallet/wallet_rpc_server.h:68	HTTP [127.0.0.1] POST /json_rpc
2026-06-06 04:01:38.221	[RPC0]	INFO	wallet.rpc	src/wallet/wallet_rpc_server.h:72	[127.0.0.1:46930 INC] Calling RPC method get_balance
2026-06-06 04:01:55.550	[RPC0]	INFO	wallet.wallet2	src/wallet/wallet2.cpp:4316	Refresh done, blocks received: 0, balance (all accounts): 2.46249938833, unlocked: 0.00000000000
2026-06-06 04:02:15.560	[RPC0]	INFO	wallet.wallet2	src/wallet/wallet2.cpp:4316	Refresh done, blocks received: 0, balance (all accounts): 2.46249938833, unlocked: 0.00000000000
2026-06-06 04:02:35.573	[RPC0]	INFO	wallet.wallet2	src/wallet/wallet2.cpp:4316	Refresh done, blocks received: 0, balance (all accounts): 2.46249938833, unlocked: 0.00000000000
2026-06-06 04:02:38.220	[RPC0]	INFO	wallet.rpc	src/wallet/wallet_rpc_server.h:68	HTTP [127.0.0.1] POST /json_rpc
2026-06-06 04:02:38.220	[RPC0]	INFO	wallet.rpc	src/wallet/wallet_rpc_server.h:72	[127.0.0.1:37582 INC] Calling RPC method get_balance
2026-06-06 04:02:55.579	[RPC0]	INFO	wallet.wallet2	src/wallet/wallet2.cpp:4316	Refresh done, blocks received: 0, balance (all accounts): 2.46249938833, unlocked: 0.00000000000
2026-06-06 04:03:15.603	[RPC0]	INFO	wallet.wallet2	src/wallet/wallet2.cpp:4316	Refresh done, blocks received: 0, balance (all accounts): 2.46249938833, unlocked: 0.00000000000
2026-06-06 04:03:35.610	[RPC0]	INFO	wallet.wallet2	src/wallet/wallet2.cpp:4316	Refresh done, blocks received: 0, balance (all accounts): 2.46249938833, unlocked: 0.00000000000
2026-06-06 04:03:38.216	[RPC0]	INFO	wallet.rpc	src/wallet/wallet_rpc_server.h:68	HTTP [127.0.0.1] POST /json_rpc
2026-06-06 04:03:38.216	[RPC0]	INFO	wallet.rpc	src/wallet/wallet_rpc_server.h:72	[127.0.0.1:36684 INC] Calling RPC method get_balance
2026-06-06 04:03:55.615	[RPC0]	INFO	wallet.wallet2	src/wallet/wallet2.cpp:4316	Refresh done, blocks received: 0, balance (all accounts): 2.46249938833, unlocked: 0.00000000000
2026-06-06 04:04:15.622	[RPC0]	INFO	wallet.wallet2	src/wallet/wallet2.cpp:4316	Refresh done, blocks received: 0, balance (all accounts): 2.46249938833, unlocked: 0.00000000000
2026-06-06 04:04:35.629	[RPC0]	INFO	wallet.wallet2	src/wallet/wallet2.cpp:4316	Refresh done, blocks received: 0, balance (all accounts): 2.46249938833, unlocked: 0.00000000000
2026-06-06 04:04:38.216	[RPC0]	INFO	wallet.rpc	src/wallet/wallet_rpc_server.h:68	HTTP [127.0.0.1] POST /json_rpc
2026-06-06 04:04:38.216	[RPC0]	INFO	wallet.rpc	src/wallet/wallet_rpc_server.h:72	[127.0.0.1:40992 INC] Calling RPC method get_balance
2026-06-06 04:04:55.633	[RPC0]	INFO	wallet.wallet2	src/wallet/wallet2.cpp:4316	Refresh done, blocks received: 0, balance (all accounts): 2.46249938833, unlocked: 0.00000000000
2026-06-06 04:05:15.638	[RPC0]	INFO	wallet.wallet2	src/wallet/wallet2.cpp:4316	Refresh done, blocks received: 0, balance (all accounts): 2.46249938833, unlocked: 0.00000000000
2026-06-06 04:05:35.644	[RPC0]	INFO	wallet.wallet2	src/wallet/wallet2.cpp:4316	Refresh done, blocks received: 0, balance (all accounts): 2.46249938833, unlocked: 0.00000000000
2026-06-06 04:05:38.216	[RPC0]	INFO	wallet.rpc	src/wallet/wallet_rpc_server.h:68	HTTP [127.0.0.1] POST /json_rpc
2026-06-06 04:05:38.216	[RPC0]	INFO	wallet.rpc	src/wallet/wallet_rpc_server.h:72	[127.0.0.1:34760 INC] Calling RPC method get_balance
2026-06-06 04:05:55.648	[RPC0]	INFO	wallet.wallet2	src/wallet/wallet2.cpp:4316	Refresh done, blocks received: 0, balance (all accounts): 2.46249938833, unlocked: 0.00000000000
2026-06-06 04:06:15.651	[RPC0]	INFO	wallet.wallet2	src/wallet/wallet2.cpp:4316	Refresh done, blocks received: 0, balance (all accounts): 2.46249938833, unlocked: 0.00000000000
2026-06-06 04:06:35.655	[RPC0]	INFO	wallet.wallet2	src/wallet/wallet2.cpp:4316	Refresh done, blocks received: 0, balance (all accounts): 2.46249938833, unlocked: 0.00000000000
2026-06-06 04:06:38.216	[RPC0]	INFO	wallet.rpc	src/wallet/wallet_rpc_server.h:68	HTTP [127.0.0.1] POST /json_rpc
2026-06-06 04:06:38.216	[RPC0]	INFO	wallet.rpc	src/wallet/wallet_rpc_server.h:72	[127.0.0.1:35658 INC] Calling RPC method get_balance
2026-06-06 04:06:55.660	[RPC0]	INFO	wallet.wallet2	src/wallet/wallet2.cpp:4316	Refresh done, blocks received: 0, balance (all accounts): 2.46249938833, unlocked: 0.00000000000
2026-06-06 04:07:15.667	[RPC0]	INFO	wallet.wallet2	src/wallet/wallet2.cpp:4316	Refresh done, blocks received: 0, balance (all accounts): 2.46249938833, unlocked: 0.00000000000
2026-06-06 04:07:35.671	[RPC0]	INFO	wallet.wallet2	src/wallet/wallet2.cpp:4316	Refresh done, blocks received: 0, balance (all accounts): 2.46249938833, unlocked: 0.00000000000
2026-06-06 04:07:38.218	[RPC0]	INFO	wallet.rpc	src/wallet/wallet_rpc_server.h:68	HTTP [127.0.0.1] POST /json_rpc
2026-06-06 04:07:38.218	[RPC0]	INFO	wallet.rpc	src/wallet/wallet_rpc_server.h:72	[127.0.0.1:48728 INC] Calling RPC method get_balance
2026-06-06 04:07:55.675	[RPC0]	INFO	wallet.wallet2	src/wallet/wallet2.cpp:4316	Refresh done, blocks received: 0, balance (all accounts): 2.46249938833, unlocked: 0.00000000000
2026-06-06 04:08:15.679	[RPC0]	INFO	wallet.wallet2	src/wallet/wallet2.cpp:4316	Refresh done, blocks received: 0, balance (all accounts): 2.46249938833, unlocked: 0.00000000000
2026-06-06 04:08:35.683	[RPC0]	INFO	wallet.wallet2	src/wallet/wallet2.cpp:4316	Refresh done, blocks received: 0, balance (all accounts): 2.46249938833, unlocked: 0.00000000000
2026-06-06 04:08:38.216	[RPC0]	INFO	wallet.rpc	src/wallet/wallet_rpc_server.h:68	HTTP [127.0.0.1] POST /json_rpc
2026-06-06 04:08:38.216	[RPC0]	INFO	wallet.rpc	src/wallet/wallet_rpc_server.h:72	[127.0.0.1:35428 INC] Calling RPC method get_balance
2026-06-06 04:08:55.687	[RPC0]	INFO	wallet.wallet2	src/wallet/wallet2.cpp:4316	Refresh done, blocks received: 0, balance (all accounts): 2.46249938833, unlocked: 0.00000000000
2026-06-06 04:09:15.691	[RPC0]	INFO	wallet.wallet2	src/wallet/wallet2.cpp:4316	Refresh done, blocks received: 0, balance (all accounts): 2.46249938833, unlocked: 0.00000000000
2026-06-06 04:09:35.695	[RPC0]	INFO	wallet.wallet2	src/wallet/wallet2.cpp:4316	Refresh done, blocks received: 0, balance (all accounts): 2.46249938833, unlocked: 0.00000000000
2026-06-06 04:09:38.216	[RPC0]	INFO	wallet.rpc	src/wallet/wallet_rpc_server.h:68	HTTP [127.0.0.1] POST /json_rpc
2026-06-06 04:09:38.216	[RPC0]	INFO	wallet.rpc	src/wallet/wallet_rpc_server.h:72	[127.0.0.1:50624 INC] Calling RPC method get_balance
2026-06-06 04:09:55.703	[RPC0]	INFO	wallet.wallet2	src/wallet/wallet2.cpp:4316	Refresh done, blocks received: 0, balance (all accounts): 2.46249938833, unlocked: 0.00000000000
2026-06-06 04:10:15.707	[RPC0]	INFO	wallet.wallet2	src/wallet/wallet2.cpp:4316	Refresh done, blocks received: 0, balance (all accounts): 2.46249938833, unlocked: 0.00000000000
2026-06-06 04:10:35.712	[RPC0]	INFO	wallet.wallet2	src/wallet/wallet2.cpp:4316	Refresh done, blocks received: 0, balance (all accounts): 2.46249938833, unlocked: 0.00000000000
2026-06-06 04:10:38.216	[RPC0]	INFO	wallet.rpc	src/wallet/wallet_rpc_server.h:68	HTTP [127.0.0.1] POST /json_rpc
2026-06-06 04:10:38.216	[RPC0]	INFO	wallet.rpc	src/wallet/wallet_rpc_server.h:72	[127.0.0.1:39980 INC] Calling RPC method get_balance
2026-06-06 04:10:55.716	[RPC0]	INFO	wallet.wallet2	src/wallet/wallet2.cpp:4316	Refresh done, blocks received: 0, balance (all accounts): 2.46249938833, unlocked: 0.00000000000
2026-06-06 04:11:15.725	[RPC0]	INFO	wallet.wallet2	src/wallet/wallet2.cpp:4316	Refresh done, blocks received: 0, balance (all accounts): 2.46249938833, unlocked: 0.00000000000
2026-06-06 04:11:35.730	[RPC0]	INFO	wallet.wallet2	src/wallet/wallet2.cpp:4316	Refresh done, blocks received: 0, balance (all accounts): 2.46249938833, unlocked: 0.00000000000
2026-06-06 04:11:38.216	[RPC0]	INFO	wallet.rpc	src/wallet/wallet_rpc_server.h:68	HTTP [127.0.0.1] POST /json_rpc
2026-06-06 04:11:38.216	[RPC0]	INFO	wallet.rpc	src/wallet/wallet_rpc_server.h:72	[127.0.0.1:57626 INC] Calling RPC method get_balance
2026-06-06 04:11:55.736	[RPC0]	INFO	wallet.wallet2	src/wallet/wallet2.cpp:4316	Refresh done, blocks received: 0, balance (all accounts): 2.46249938833, unlocked: 0.00000000000
2026-06-06 04:12:15.749	[RPC0]	INFO	wallet.wallet2	src/wallet/wallet2.cpp:4316	Refresh done, blocks received: 0, balance (all accounts): 2.46249938833, unlocked: 0.00000000000
2026-06-06 04:12:35.763	[RPC0]	INFO	wallet.wallet2	src/wallet/wallet2.cpp:4316	Refresh done, blocks received: 0, balance (all accounts): 2.46249938833, unlocked: 0.00000000000
2026-06-06 04:12:38.217	[RPC0]	INFO	wallet.rpc	src/wallet/wallet_rpc_server.h:68	HTTP [127.0.0.1] POST /json_rpc
2026-06-06 04:12:38.217	[RPC0]	INFO	wallet.rpc	src/wallet/wallet_rpc_server.h:72	[127.0.0.1:39278 INC] Calling RPC method get_balance
2026-06-06 04:12:55.769	[RPC0]	INFO	wallet.wallet2	src/wallet/wallet2.cpp:4316	Refresh done, blocks received: 0, balance (all accounts): 2.46249938833, unlocked: 0.00000000000
2026-06-06 04:13:15.776	[RPC0]	INFO	wallet.wallet2	src/wallet/wallet2.cpp:4316	Refresh done, blocks received: 0, balance (all accounts): 2.46249938833, unlocked: 0.00000000000
2026-06-06 04:13:35.781	[RPC0]	INFO	wallet.wallet2	src/wallet/wallet2.cpp:4316	Refresh done, blocks received: 0, balance (all accounts): 2.46249938833, unlocked: 0.00000000000
2026-06-06 04:13:38.216	[RPC0]	INFO	wallet.rpc	src/wallet/wallet_rpc_server.h:68	HTTP [127.0.0.1] POST /json_rpc
2026-06-06 04:13:38.216	[RPC0]	INFO	wallet.rpc	src/wallet/wallet_rpc_server.h:72	[127.0.0.1:36284 INC] Calling RPC method get_balance
2026-06-06 04:13:55.787	[RPC0]	INFO	wallet.wallet2	src/wallet/wallet2.cpp:4316	Refresh done, blocks received: 0, balance (all accounts): 2.46249938833, unlocked: 0.00000000000
2026-06-06 04:14:15.791	[RPC0]	INFO	wallet.wallet2	src/wallet/wallet2.cpp:4316	Refresh done, blocks received: 0, balance (all accounts): 2.46249938833, unlocked: 0.00000000000
2026-06-06 04:14:35.794	[RPC0]	INFO	wallet.wallet2	src/wallet/wallet2.cpp:4316	Refresh done, blocks received: 0, balance (all accounts): 2.46249938833, unlocked: 0.00000000000
2026-06-06 04:14:38.216	[RPC0]	INFO	wallet.rpc	src/wallet/wallet_rpc_server.h:68	HTTP [127.0.0.1] POST /json_rpc
2026-06-06 04:14:38.216	[RPC0]	INFO	wallet.rpc	src/wallet/wallet_rpc_server.h:72	[127.0.0.1:47306 INC] Calling RPC method get_balance
2026-06-06 04:14:55.799	[RPC0]	INFO	wallet.wallet2	src/wallet/wallet2.cpp:4316	Refresh done, blocks received: 0, balance (all accounts): 2.46249938833, unlocked: 0.00000000000
2026-06-06 04:15:15.806	[RPC0]	INFO	wallet.wallet2	src/wallet/wallet2.cpp:4316	Refresh done, blocks received: 0, balance (all accounts): 2.46249938833, unlocked: 0.00000000000
2026-06-06 04:15:35.813	[RPC0]	INFO	wallet.wallet2	src/wallet/wallet2.cpp:4316	Refresh done, blocks received: 0, balance (all accounts): 2.46249938833, unlocked: 0.00000000000
2026-06-06 04:15:38.218	[RPC0]	INFO	wallet.rpc	src/wallet/wallet_rpc_server.h:68	HTTP [127.0.0.1] POST /json_rpc
2026-06-06 04:15:38.218	[RPC0]	INFO	wallet.rpc	src/wallet/wallet_rpc_server.h:72	[127.0.0.1:51332 INC] Calling RPC method get_balance
2026-06-06 04:15:55.829	[RPC0]	INFO	wallet.wallet2	src/wallet/wallet2.cpp:4316	Refresh done, blocks received: 0, balance (all accounts): 2.46249938833, unlocked: 0.00000000000
2026-06-06 04:16:15.840	[RPC0]	INFO	wallet.wallet2	src/wallet/wallet2.cpp:4316	Refresh done, blocks received: 0, balance (all accounts): 2.46249938833, unlocked: 0.00000000000
2026-06-06 04:16:35.844	[RPC0]	INFO	wallet.wallet2	src/wallet/wallet2.cpp:4316	Refresh done, blocks received: 0, balance (all accounts): 2.46249938833, unlocked: 0.00000000000
2026-06-06 04:16:38.222	[RPC0]	INFO	wallet.rpc	src/wallet/wallet_rpc_server.h:68	HTTP [127.0.0.1] POST /json_rpc
2026-06-06 04:16:38.222	[RPC0]	INFO	wallet.rpc	src/wallet/wallet_rpc_server.h:72	[127.0.0.1:56240 INC] Calling RPC method get_balance
2026-06-06 04:16:55.855	[RPC0]	INFO	wallet.wallet2	src/wallet/wallet2.cpp:4316	Refresh done, blocks received: 0, balance (all accounts): 2.46249938833, unlocked: 0.00000000000
2026-06-06 04:17:15.858	[RPC0]	INFO	wallet.wallet2	src/wallet/wallet2.cpp:4316	Refresh done, blocks received: 0, balance (all accounts): 2.46249938833, unlocked: 0.00000000000
2026-06-06 04:17:35.862	[RPC0]	INFO	wallet.wallet2	src/wallet/wallet2.cpp:4316	Refresh done, blocks received: 0, balance (all accounts): 2.46249938833, unlocked: 0.00000000000
2026-06-06 04:17:38.217	[RPC0]	INFO	wallet.rpc	src/wallet/wallet_rpc_server.h:68	HTTP [127.0.0.1] POST /json_rpc
2026-06-06 04:17:38.217	[RPC0]	INFO	wallet.rpc	src/wallet/wallet_rpc_server.h:72	[127.0.0.1:33882 INC] Calling RPC method get_balance
2026-06-06 04:17:55.866	[RPC0]	INFO	wallet.wallet2	src/wallet/wallet2.cpp:4316	Refresh done, blocks received: 0, balance (all accounts): 2.46249938833, unlocked: 0.00000000000
2026-06-06 04:18:15.870	[RPC0]	INFO	wallet.wallet2	src/wallet/wallet2.cpp:4316	Refresh done, blocks received: 0, balance (all accounts): 2.46249938833, unlocked: 0.00000000000
2026-06-06 04:18:35.875	[RPC0]	INFO	wallet.wallet2	src/wallet/wallet2.cpp:4316	Refresh done, blocks received: 0, balance (all accounts): 2.46249938833, unlocked: 0.00000000000
2026-06-06 04:18:38.217	[RPC0]	INFO	wallet.rpc	src/wallet/wallet_rpc_server.h:68	HTTP [127.0.0.1] POST /json_rpc
2026-06-06 04:18:38.217	[RPC0]	INFO	wallet.rpc	src/wallet/wallet_rpc_server.h:72	[127.0.0.1:45552 INC] Calling RPC method get_balance
2026-06-06 04:18:55.887	[RPC0]	INFO	wallet.wallet2	src/wallet/wallet2.cpp:4316	Refresh done, blocks received: 0, balance (all accounts): 2.46249938833, unlocked: 0.00000000000
2026-06-06 04:19:15.895	[RPC0]	INFO	wallet.wallet2	src/wallet/wallet2.cpp:4316	Refresh done, blocks received: 0, balance (all accounts): 2.46249938833, unlocked: 0.00000000000
2026-06-06 04:19:35.899	[RPC0]	INFO	wallet.wallet2	src/wallet/wallet2.cpp:4316	Refresh done, blocks received: 0, balance (all accounts): 2.46249938833, unlocked: 0.00000000000
2026-06-06 04:19:38.220	[RPC0]	INFO	wallet.rpc	src/wallet/wallet_rpc_server.h:68	HTTP [127.0.0.1] POST /json_rpc
2026-06-06 04:19:38.220	[RPC0]	INFO	wallet.rpc	src/wallet/wallet_rpc_server.h:72	[127.0.0.1:54038 INC] Calling RPC method get_balance
2026-06-06 04:19:55.904	[RPC0]	INFO	wallet.wallet2	src/wallet/wallet2.cpp:4316	Refresh done, blocks received: 0, balance (all accounts): 2.46249938833, unlocked: 0.00000000000
2026-06-06 04:20:15.907	[RPC0]	INFO	wallet.wallet2	src/wallet/wallet2.cpp:4316	Refresh done, blocks received: 0, balance (all accounts): 2.46249938833, unlocked: 0.00000000000
2026-06-06 04:20:35.915	[RPC0]	INFO	wallet.wallet2	src/wallet/wallet2.cpp:4316	Refresh done, blocks received: 0, balance (all accounts): 2.46249938833, unlocked: 0.00000000000
2026-06-06 04:20:38.218	[RPC0]	INFO	wallet.rpc	src/wallet/wallet_rpc_server.h:68	HTTP [127.0.0.1] POST /json_rpc
2026-06-06 04:20:38.218	[RPC0]	INFO	wallet.rpc	src/wallet/wallet_rpc_server.h:72	[127.0.0.1:33428 INC] Calling RPC method get_balance
2026-06-06 04:20:55.922	[RPC0]	INFO	wallet.wallet2	src/wallet/wallet2.cpp:4316	Refresh done, blocks received: 0, balance (all accounts): 2.46249938833, unlocked: 0.00000000000
2026-06-06 04:21:15.931	[RPC0]	INFO	wallet.wallet2	src/wallet/wallet2.cpp:4316	Refresh done, blocks received: 0, balance (all accounts): 2.46249938833, unlocked: 0.00000000000
2026-06-06 04:21:35.945	[RPC0]	INFO	wallet.wallet2	src/wallet/wallet2.cpp:4316	Refresh done, blocks received: 0, balance (all accounts): 2.46249938833, unlocked: 0.00000000000
2026-06-06 04:21:38.225	[RPC0]	INFO	wallet.rpc	src/wallet/wallet_rpc_server.h:68	HTTP [127.0.0.1] POST /json_rpc
2026-06-06 04:21:38.225	[RPC0]	INFO	wallet.rpc	src/wallet/wallet_rpc_server.h:72	[127.0.0.1:37440 INC] Calling RPC method get_balance
2026-06-06 04:21:55.961	[RPC0]	INFO	wallet.wallet2	src/wallet/wallet2.cpp:4316	Refresh done, blocks received: 0, balance (all accounts): 2.46249938833, unlocked: 0.00000000000
2026-06-06 04:22:15.974	[RPC0]	INFO	wallet.wallet2	src/wallet/wallet2.cpp:4316	Refresh done, blocks received: 0, balance (all accounts): 2.46249938833, unlocked: 0.00000000000
2026-06-06 04:22:35.991	[RPC0]	INFO	wallet.wallet2	src/wallet/wallet2.cpp:4316	Refresh done, blocks received: 0, balance (all accounts): 2.46249938833, unlocked: 0.00000000000
2026-06-06 04:22:38.216	[RPC0]	INFO	wallet.rpc	src/wallet/wallet_rpc_server.h:68	HTTP [127.0.0.1] POST /json_rpc
2026-06-06 04:22:38.216	[RPC0]	INFO	wallet.rpc	src/wallet/wallet_rpc_server.h:72	[127.0.0.1:55996 INC] Calling RPC method get_balance
2026-06-06 04:22:55.999	[RPC0]	INFO	wallet.wallet2	src/wallet/wallet2.cpp:4316	Refresh done, blocks received: 0, balance (all accounts): 2.46249938833, unlocked: 0.00000000000
2026-06-06 04:23:16.006	[RPC0]	INFO	wallet.wallet2	src/wallet/wallet2.cpp:4316	Refresh done, blocks received: 0, balance (all accounts): 2.46249938833, unlocked: 0.00000000000
2026-06-06 04:23:36.010	[RPC0]	INFO	wallet.wallet2	src/wallet/wallet2.cpp:4316	Refresh done, blocks received: 0, balance (all accounts): 2.46249938833, unlocked: 0.00000000000
2026-06-06 04:23:38.217	[RPC0]	INFO	wallet.rpc	src/wallet/wallet_rpc_server.h:68	HTTP [127.0.0.1] POST /json_rpc
2026-06-06 04:23:38.217	[RPC0]	INFO	wallet.rpc	src/wallet/wallet_rpc_server.h:72	[127.0.0.1:37498 INC] Calling RPC method get_balance
2026-06-06 04:23:56.017	[RPC0]	INFO	wallet.wallet2	src/wallet/wallet2.cpp:4316	Refresh done, blocks received: 0, balance (all accounts): 2.46249938833, unlocked: 0.00000000000
2026-06-06 04:24:16.031	[RPC0]	INFO	wallet.wallet2	src/wallet/wallet2.cpp:4316	Refresh done, blocks received: 0, balance (all accounts): 2.46249938833, unlocked: 0.00000000000
2026-06-06 04:24:36.040	[RPC0]	INFO	wallet.wallet2	src/wallet/wallet2.cpp:4316	Refresh done, blocks received: 0, balance (all accounts): 2.46249938833, unlocked: 0.00000000000
2026-06-06 04:24:38.217	[RPC0]	INFO	wallet.rpc	src/wallet/wallet_rpc_server.h:68	HTTP [127.0.0.1] POST /json_rpc
2026-06-06 04:24:38.217	[RPC0]	INFO	wallet.rpc	src/wallet/wallet_rpc_server.h:72	[127.0.0.1:39436 INC] Calling RPC method get_balance
2026-06-06 04:24:56.049	[RPC0]	INFO	wallet.wallet2	src/wallet/wallet2.cpp:4316	Refresh done, blocks received: 0, balance (all accounts): 2.46249938833, unlocked: 0.00000000000
2026-06-06 04:25:16.060	[RPC0]	INFO	wallet.wallet2	src/wallet/wallet2.cpp:4316	Refresh done, blocks received: 0, balance (all accounts): 2.46249938833, unlocked: 0.00000000000
2026-06-06 04:25:36.064	[RPC0]	INFO	wallet.wallet2	src/wallet/wallet2.cpp:4316	Refresh done, blocks received: 0, balance (all accounts): 2.46249938833, unlocked: 0.00000000000
2026-06-06 04:25:38.217	[RPC0]	INFO	wallet.rpc	src/wallet/wallet_rpc_server.h:68	HTTP [127.0.0.1] POST /json_rpc
2026-06-06 04:25:38.217	[RPC0]	INFO	wallet.rpc	src/wallet/wallet_rpc_server.h:72	[127.0.0.1:33778 INC] Calling RPC method get_balance
2026-06-06 04:25:56.075	[RPC0]	INFO	wallet.wallet2	src/wallet/wallet2.cpp:4316	Refresh done, blocks received: 0, balance (all accounts): 2.46249938833, unlocked: 0.00000000000
2026-06-06 04:26:16.080	[RPC0]	INFO	wallet.wallet2	src/wallet/wallet2.cpp:4316	Refresh done, blocks received: 0, balance (all accounts): 2.46249938833, unlocked: 0.00000000000
2026-06-06 04:26:36.087	[RPC0]	INFO	wallet.wallet2	src/wallet/wallet2.cpp:4316	Refresh done, blocks received: 0, balance (all accounts): 2.46249938833, unlocked: 0.00000000000
2026-06-06 04:26:38.217	[RPC0]	INFO	wallet.rpc	src/wallet/wallet_rpc_server.h:68	HTTP [127.0.0.1] POST /json_rpc
2026-06-06 04:26:38.217	[RPC0]	INFO	wallet.rpc	src/wallet/wallet_rpc_server.h:72	[127.0.0.1:49212 INC] Calling RPC method get_balance
2026-06-06 04:26:56.095	[RPC0]	INFO	wallet.wallet2	src/wallet/wallet2.cpp:4316	Refresh done, blocks received: 0, balance (all accounts): 2.46249938833, unlocked: 0.00000000000
2026-06-06 04:27:16.100	[RPC0]	INFO	wallet.wallet2	src/wallet/wallet2.cpp:4316	Refresh done, blocks received: 0, balance (all accounts): 2.46249938833, unlocked: 0.00000000000
2026-06-09 02:30:09.926	    7fff056cac40	INFO	logging	contrib/epee/src/mlog.cpp:274	New log categories: *:WARNING,net:FATAL,net.http:FATAL,net.ssl:FATAL,net.p2p:FATAL,net.cn:FATAL,daemon.rpc:FATAL,global:INFO,verify:FATAL,serialization:FATAL,daemon.rpc.payment:ERROR,stacktrace:INFO,logging:INFO,msgwriter:INFO
2026-06-09 02:30:09.926	    7fff056cac40	INFO	logging	contrib/epee/src/mlog.cpp:274	New log categories: *:INFO,global:INFO,stacktrace:INFO,logging:INFO,msgwriter:INFO,perf.*:DEBUG
2026-06-09 02:30:09.926	    7fff056cac40	INFO	msgwriter	src/common/scoped_message_writer.h:102	This is the RPC CryLo Chain wallet. It needs to connect to a CryLo Chain
2026-06-09 02:30:09.926	    7fff056cac40	INFO	msgwriter	src/common/scoped_message_writer.h:102	daemon to work correctly.
2026-06-09 02:30:09.926	    7fff056cac40	INFO	msgwriter	src/common/scoped_message_writer.h:102	CryLo Chain 'Testnet' (v1.0.0-0e4839628)
2026-06-09 02:30:09.926	    7fff056cac40	INFO	wallet.wallet2	src/wallet/wallet_args.cpp:215	Setting log level = 1
2026-06-09 02:30:09.926	    7fff056cac40	INFO	wallet.wallet2	src/wallet/wallet_args.cpp:221	Logging to: /home/heff/CryLo/electron/bin/linux/CryLo-wallet-rpc.log
2026-06-09 02:30:09.926	    7fff056cac40	INFO	msgwriter	src/common/scoped_message_writer.h:102	Logging to /home/heff/CryLo/electron/bin/linux/CryLo-wallet-rpc.log
2026-06-09 02:30:09.931	    7fff056cac40	INFO	net	contrib/epee/include/net/abstract_tcp_server2.inl:1390	Set server type to: 1 from name: RPC, prefix_name = RPC
2026-06-09 02:30:09.931	    7fff056cac40	INFO	global	contrib/epee/include/net/http_server_impl_base.h:94	Binding on 127.0.0.1 (IPv4):22643
2026-06-09 02:30:09.986	    7fff056cac40	INFO	net.ssl	contrib/epee/src/net_ssl.cpp:145	Generating SSL certificate
2026-06-09 02:30:16.689	    7fff056cac40	WARNING	wallet.rpc	src/wallet/wallet_rpc_server.cpp:4986	Starting wallet RPC server
2026-06-09 02:30:16.689	    7fff056cac40	INFO	net.http	contrib/epee/include/net/http_server_impl_base.h:111	Run net_service loop( 1 threads)...
2026-06-09 02:30:16.765	[RPC0]	INFO	wallet.rpc	src/wallet/wallet_rpc_server.h:68	HTTP [127.0.0.1] POST /json_rpc
2026-06-09 02:30:16.766	[RPC0]	INFO	wallet.rpc	src/wallet/wallet_rpc_server.h:143	[127.0.0.1:36952 INC] Calling RPC method get_languages
2026-06-09 02:30:16.781	[RPC0]	INFO	default	src/mnemonics/language_base.h:132	Español word 'asa' is shorter than its prefix length, 4
2026-06-09 02:30:16.782	[RPC0]	INFO	default	src/mnemonics/language_base.h:132	Español word 'ave' is shorter than its prefix length, 4
2026-06-09 02:30:16.782	[RPC0]	INFO	default	src/mnemonics/language_base.h:132	Español word 'boa' is shorter than its prefix length, 4
2026-06-09 02:30:16.782	[RPC0]	INFO	default	src/mnemonics/language_base.h:132	Español word 'cal' is shorter than its prefix length, 4
2026-06-09 02:30:16.783	[RPC0]	INFO	default	src/mnemonics/language_base.h:132	Español word 'dar' is shorter than its prefix length, 4
2026-06-09 02:30:16.783	[RPC0]	INFO	default	src/mnemonics/language_base.h:132	Español word 'don' is shorter than its prefix length, 4
2026-06-09 02:30:16.783	[RPC0]	INFO	default	src/mnemonics/language_base.h:132	Español word 'dos' is shorter than its prefix length, 4
2026-06-09 02:30:16.783	[RPC0]	INFO	default	src/mnemonics/language_base.h:132	Español word 'eco' is shorter than its prefix length, 4
2026-06-09 02:30:16.783	[RPC0]	INFO	default	src/mnemonics/language_base.h:132	Español word 'eje' is shorter than its prefix length, 4
2026-06-09 02:30:16.783	[RPC0]	INFO	default	src/mnemonics/language_base.h:132	Español word 'fax' is shorter than its prefix length, 4
2026-06-09 02:30:16.783	[RPC0]	INFO	default	src/mnemonics/language_base.h:132	Español word 'feo' is shorter than its prefix length, 4
2026-06-09 02:30:16.783	[RPC0]	INFO	default	src/mnemonics/language_base.h:132	Español word 'fin' is shorter than its prefix length, 4
2026-06-09 02:30:16.784	[RPC0]	INFO	default	src/mnemonics/language_base.h:132	Español word 'gen' is shorter than its prefix length, 4
2026-06-09 02:30:16.784	[RPC0]	INFO	default	src/mnemonics/language_base.h:132	Español word 'gol' is shorter than its prefix length, 4
2026-06-09 02:30:16.784	[RPC0]	INFO	default	src/mnemonics/language_base.h:132	Español word 'haz' is shorter than its prefix length, 4
2026-06-09 02:30:16.784	[RPC0]	INFO	default	src/mnemonics/language_base.h:132	Español word 'ira' is shorter than its prefix length, 4
2026-06-09 02:30:16.785	[RPC0]	INFO	default	src/mnemonics/language_base.h:132	Español word 'luz' is shorter than its prefix length, 4
2026-06-09 02:30:16.785	[RPC0]	INFO	default	src/mnemonics/language_base.h:132	Español word 'mar' is shorter than its prefix length, 4
2026-06-09 02:30:16.786	[RPC0]	INFO	default	src/mnemonics/language_base.h:132	Español word 'mes' is shorter than its prefix length, 4
2026-06-09 02:30:16.786	[RPC0]	INFO	default	src/mnemonics/language_base.h:132	Español word 'mil' is shorter than its prefix length, 4
2026-06-09 02:30:16.786	[RPC0]	INFO	default	src/mnemonics/language_base.h:132	Español word 'oca' is shorter than its prefix length, 4
2026-06-09 02:30:16.786	[RPC0]	INFO	default	src/mnemonics/language_base.h:132	Español word 'ojo' is shorter than its prefix length, 4
2026-06-09 02:30:16.786	[RPC0]	INFO	default	src/mnemonics/language_base.h:132	Español word 'ola' is shorter than its prefix length, 4
2026-06-09 02:30:16.786	[RPC0]	INFO	default	src/mnemonics/language_base.h:132	Español word 'oro' is shorter than its prefix length, 4
2026-06-09 02:30:16.786	[RPC0]	INFO	default	src/mnemonics/language_base.h:132	Español word 'oso' is shorter than its prefix length, 4
2026-06-09 02:30:16.786	[RPC0]	INFO	default	src/mnemonics/language_base.h:132	Español word 'pan' is shorter than its prefix length, 4
2026-06-09 02:30:16.787	[RPC0]	INFO	default	src/mnemonics/language_base.h:132	Español word 'pez' is shorter than its prefix length, 4
2026-06-09 02:30:16.787	[RPC0]	INFO	default	src/mnemonics/language_base.h:132	Español word 'pie' is shorter than its prefix length, 4
2026-06-09 02:30:16.787	[RPC0]	INFO	default	src/mnemonics/language_base.h:132	Español word 'red' is shorter than its prefix length, 4
2026-06-09 02:30:16.787	[RPC0]	INFO	default	src/mnemonics/language_base.h:132	Español word 'res' is shorter than its prefix length, 4
2026-06-09 02:30:16.787	[RPC0]	INFO	default	src/mnemonics/language_base.h:132	Español word 'rey' is shorter than its prefix length, 4
2026-06-09 02:30:23.598	[RPC0]	INFO	wallet.rpc	src/wallet/wallet_rpc_server.h:68	HTTP [127.0.0.1] POST /json_rpc
2026-06-09 02:30:23.598	[RPC0]	INFO	wallet.rpc	src/wallet/wallet_rpc_server.h:146	[127.0.0.1:36962 INC] Calling RPC method close_wallet
2026-06-09 02:30:23.601	[RPC0]	INFO	wallet.rpc	src/wallet/wallet_rpc_server.h:68	HTTP [127.0.0.1] POST /json_rpc
2026-06-09 02:30:23.602	[RPC0]	INFO	wallet.rpc	src/wallet/wallet_rpc_server.h:145	[127.0.0.1:36962 INC] Calling RPC method open_wallet
2026-06-09 02:30:23.602	[RPC0]	INFO	net	contrib/epee/src/net_parse_helpers.cpp:144	[PARSE URI] regex not matched for uri: ^(([^:]*?)://)?(\[(.*)\](:(\d+))?)(.*)?
2026-06-09 02:30:23.602	[RPC0]	INFO	wallet.wallet2	src/wallet/wallet2.cpp:458	Daemon is local, assuming trusted
2026-06-09 02:30:23.604	[RPC0]	INFO	wallet.wallet2	src/wallet/wallet2.cpp:1428	setting daemon to 127.0.0.1:22641
2026-06-09 02:30:23.604	[RPC0]	INFO	net	contrib/epee/src/net_parse_helpers.cpp:144	[PARSE URI] regex not matched for uri: ^(([^:]*?)://)?(\[(.*)\](:(\d+))?)(.*)?
2026-06-09 02:30:23.683	[RPC0]	INFO	net.ssl	contrib/epee/src/net_ssl.cpp:145	Generating SSL certificate
2026-06-09 02:30:29.573	[RPC0]	INFO	wallet.wallet2	src/wallet/wallet2.cpp:8795	ringdb path set to /home/heff/.wow-shared-ringdb/testnet
2026-06-09 02:30:29.574	[RPC0]	INFO	randomx	contrib/epee/src/mlog.cpp:517	RandomX new secondary seed hash is 0000000000000000000000000000000000000000000000000000000000000000
2026-06-09 02:30:29.575	[RPC0]	INFO	stacktrace	src/common/stack_trace.cpp:134	Exception: std::bad_alloc
2026-06-09 02:30:29.575	[RPC0]	INFO	stacktrace	src/common/stack_trace.cpp:135	Unwound call stack:
2026-06-09 02:30:29.575	[RPC0]	INFO	stacktrace	src/common/stack_trace.cpp:173	    [1]  0xcc) [0x5555ff2ab294]:__cxa_throw+0xcc) [0x5555ff2ab294]
2026-06-09 02:30:29.575	[RPC0]	INFO	stacktrace	src/common/stack_trace.cpp:173	    [2] /home/heff/CryLo/electron/bin/linux/CryLo-wallet-rpc(+0x6bcd24) [0x5555ff85cd24] 
2026-06-09 02:30:29.575	[RPC0]	INFO	stacktrace	src/common/stack_trace.cpp:173	    [3] /home/heff/CryLo/electron/bin/linux/CryLo-wallet-rpc(+0x6b27f0) [0x5555ff8527f0] 
2026-06-09 02:30:29.575	[RPC0]	INFO	stacktrace	src/common/stack_trace.cpp:173	    [4] /home/heff/CryLo/electron/bin/linux/CryLo-wallet-rpc(+0x4d681c) [0x5555ff67681c] 
2026-06-09 02:30:29.575	[RPC0]	INFO	stacktrace	src/common/stack_trace.cpp:173	    [5] /home/heff/CryLo/electron/bin/linux/CryLo-wallet-rpc(+0x4d76d4) [0x5555ff6776d4] 
2026-06-09 02:30:29.575	[RPC0]	INFO	stacktrace	src/common/stack_trace.cpp:173	    [6] /home/heff/CryLo/electron/bin/linux/CryLo-wallet-rpc(+0x445918) [0x5555ff5e5918] 
2026-06-09 02:30:29.575	[RPC0]	INFO	stacktrace	src/common/stack_trace.cpp:173	    [7] /home/heff/CryLo/electron/bin/linux/CryLo-wallet-rpc(+0x445aac) [0x5555ff5e5aac] 
2026-06-09 02:30:29.575	[RPC0]	INFO	stacktrace	src/common/stack_trace.cpp:173	    [8] /home/heff/CryLo/electron/bin/linux/CryLo-wallet-rpc(+0x5bc9e8) [0x5555ff75c9e8] 
2026-06-09 02:30:29.575	[RPC0]	INFO	stacktrace	src/common/stack_trace.cpp:173	    [9] /home/heff/CryLo/electron/bin/linux/CryLo-wallet-rpc(+0x44a038) [0x5555ff5ea038] 
2026-06-09 02:30:29.575	[RPC0]	INFO	stacktrace	src/common/stack_trace.cpp:173	    [10] /home/heff/CryLo/electron/bin/linux/CryLo-wallet-rpc(+0x2aa53c) [0x5555ff44a53c] 
2026-06-09 02:30:29.575	[RPC0]	INFO	stacktrace	src/common/stack_trace.cpp:173	    [11] /home/heff/CryLo/electron/bin/linux/CryLo-wallet-rpc(+0x2afc50) [0x5555ff44fc50] 
2026-06-09 02:30:29.575	[RPC0]	INFO	stacktrace	src/common/stack_trace.cpp:173	    [12] /home/heff/CryLo/electron/bin/linux/CryLo-wallet-rpc(+0x3028f0) [0x5555ff4a28f0] 
2026-06-09 02:30:29.575	[RPC0]	INFO	stacktrace	src/common/stack_trace.cpp:173	    [13] /home/heff/CryLo/electron/bin/linux/CryLo-wallet-rpc(+0x155ce4) [0x5555ff2f5ce4] 
2026-06-09 02:30:29.575	[RPC0]	INFO	stacktrace	src/common/stack_trace.cpp:173	    [14] /home/heff/CryLo/electron/bin/linux/CryLo-wallet-rpc(+0x2388a8) [0x5555ff3d88a8] 
2026-06-09 02:30:29.575	[RPC0]	INFO	stacktrace	src/common/stack_trace.cpp:173	    [15] /home/heff/CryLo/electron/bin/linux/CryLo-wallet-rpc(+0x24eab4) [0x5555ff3eeab4] 
2026-06-09 02:30:29.575	[RPC0]	INFO	stacktrace	src/common/stack_trace.cpp:173	    [16] /home/heff/CryLo/electron/bin/linux/CryLo-wallet-rpc(+0x19c26c) [0x5555ff33c26c] 
2026-06-09 02:30:29.575	[RPC0]	INFO	stacktrace	src/common/stack_trace.cpp:173	    [17] /home/heff/CryLo/electron/bin/linux/CryLo-wallet-rpc(+0x2517c0) [0x5555ff3f17c0] 
2026-06-09 02:30:29.575	[RPC0]	INFO	stacktrace	src/common/stack_trace.cpp:173	    [18] /home/heff/CryLo/electron/bin/linux/CryLo-wallet-rpc(+0x252690) [0x5555ff3f2690] 
2026-06-09 02:30:29.575	[RPC0]	INFO	stacktrace	src/common/stack_trace.cpp:173	    [19] /home/heff/CryLo/electron/bin/linux/CryLo-wallet-rpc(+0x253388) [0x5555ff3f3388] 
2026-06-09 02:30:29.575	[RPC0]	INFO	stacktrace	src/common/stack_trace.cpp:173	    [20] /home/heff/CryLo/electron/bin/linux/CryLo-wallet-rpc(+0x253478) [0x5555ff3f3478] 
2026-06-09 02:30:29.575	[RPC0]	INFO	stacktrace	src/common/stack_trace.cpp:173	    [21] /home/heff/CryLo/electron/bin/linux/CryLo-wallet-rpc(+0x1877b4) [0x5555ff3277b4] 
2026-06-09 02:30:29.575	[RPC0]	INFO	stacktrace	src/common/stack_trace.cpp:173	    [22] /home/heff/CryLo/electron/bin/linux/CryLo-wallet-rpc(+0x18847c) [0x5555ff32847c] 
2026-06-09 02:30:29.575	[RPC0]	INFO	stacktrace	src/common/stack_trace.cpp:173	    [23] /home/heff/CryLo/electron/bin/linux/CryLo-wallet-rpc(+0x135ab4) [0x5555ff2d5ab4] 
2026-06-09 02:30:29.575	[RPC0]	INFO	stacktrace	src/common/stack_trace.cpp:173	    [24] /home/heff/CryLo/electron/bin/linux/CryLo-wallet-rpc(+0x1a4080) [0x5555ff344080] 
2026-06-09 02:30:29.575	[RPC0]	INFO	stacktrace	src/common/stack_trace.cpp:173	    [25]  0xa6e8) [0x7fff055da6e8]:_thread.so.1.74.0(+0xa6e8) [0x7fff055da6e8]
2026-06-09 02:30:29.575	[RPC0]	INFO	stacktrace	src/common/stack_trace.cpp:173	    [26] /lib/aarch64-linux-gnu/libc.so.6(+0x82030) [0x7fff04892030] 
2026-06-09 02:30:29.575	[RPC0]	INFO	stacktrace	src/common/stack_trace.cpp:173	    [27] /lib/aarch64-linux-gnu/libc.so.6(+0xebf1c) [0x7fff048fbf1c] 
2026-06-09 02:30:29.575	[RPC0]	INFO	stacktrace	src/common/stack_trace.cpp:173	
2026-06-09 02:30:30.574	[RPC0]	INFO	randomx	contrib/epee/src/mlog.cpp:517	RandomX secondary cache updated
2026-06-09 02:30:30.574	[RPC0]	INFO	stacktrace	src/common/stack_trace.cpp:134	Exception: std::bad_alloc
2026-06-09 02:30:30.574	[RPC0]	INFO	stacktrace	src/common/stack_trace.cpp:135	Unwound call stack:
2026-06-09 02:30:30.574	[RPC0]	INFO	stacktrace	src/common/stack_trace.cpp:173	    [1]  0xcc) [0x5555ff2ab294]:__cxa_throw+0xcc) [0x5555ff2ab294]
2026-06-09 02:30:30.574	[RPC0]	INFO	stacktrace	src/common/stack_trace.cpp:173	    [2] /home/heff/CryLo/electron/bin/linux/CryLo-wallet-rpc(+0x6bcd24) [0x5555ff85cd24] 
2026-06-09 02:30:30.574	[RPC0]	INFO	stacktrace	src/common/stack_trace.cpp:173	    [3] /home/heff/CryLo/electron/bin/linux/CryLo-wallet-rpc(+0x6b5bac) [0x5555ff855bac] 
2026-06-09 02:30:30.574	[RPC0]	INFO	stacktrace	src/common/stack_trace.cpp:173	    [4] /home/heff/CryLo/electron/bin/linux/CryLo-wallet-rpc(+0x6b2b10) [0x5555ff852b10] 
2026-06-09 02:30:30.574	[RPC0]	INFO	stacktrace	src/common/stack_trace.cpp:173	    [5] /home/heff/CryLo/electron/bin/linux/CryLo-wallet-rpc(+0x4d65c8) [0x5555ff6765c8] 
2026-06-09 02:30:30.574	[RPC0]	INFO	stacktrace	src/common/stack_trace.cpp:173	    [6] /home/heff/CryLo/electron/bin/linux/CryLo-wallet-rpc(+0x4d740c) [0x5555ff67740c] 
2026-06-09 02:30:30.574	[RPC0]	INFO	stacktrace	src/common/stack_trace.cpp:173	    [7] /home/heff/CryLo/electron/bin/linux/CryLo-wallet-rpc(+0x445918) [0x5555ff5e5918] 
2026-06-09 02:30:30.575	[RPC0]	INFO	stacktrace	src/common/stack_trace.cpp:173	    [8] /home/heff/CryLo/electron/bin/linux/CryLo-wallet-rpc(+0x445aac) [0x5555ff5e5aac] 
2026-06-09 02:30:30.575	[RPC0]	INFO	stacktrace	src/common/stack_trace.cpp:173	    [9] /home/heff/CryLo/electron/bin/linux/CryLo-wallet-rpc(+0x5bc9e8) [0x5555ff75c9e8] 
2026-06-09 02:30:30.575	[RPC0]	INFO	stacktrace	src/common/stack_trace.cpp:173	    [10] /home/heff/CryLo/electron/bin/linux/CryLo-wallet-rpc(+0x44a038) [0x5555ff5ea038] 
2026-06-09 02:30:30.575	[RPC0]	INFO	stacktrace	src/common/stack_trace.cpp:173	    [11] /home/heff/CryLo/electron/bin/linux/CryLo-wallet-rpc(+0x2aa53c) [0x5555ff44a53c] 
2026-06-09 02:30:30.575	[RPC0]	INFO	stacktrace	src/common/stack_trace.cpp:173	    [12] /home/heff/CryLo/electron/bin/linux/CryLo-wallet-rpc(+0x2afc50) [0x5555ff44fc50] 
2026-06-09 02:30:30.575	[RPC0]	INFO	stacktrace	src/common/stack_trace.cpp:173	    [13] /home/heff/CryLo/electron/bin/linux/CryLo-wallet-rpc(+0x3028f0) [0x5555ff4a28f0] 
2026-06-09 02:30:30.575	[RPC0]	INFO	stacktrace	src/common/stack_trace.cpp:173	    [14] /home/heff/CryLo/electron/bin/linux/CryLo-wallet-rpc(+0x155ce4) [0x5555ff2f5ce4] 
2026-06-09 02:30:30.575	[RPC0]	INFO	stacktrace	src/common/stack_trace.cpp:173	    [15] /home/heff/CryLo/electron/bin/linux/CryLo-wallet-rpc(+0x2388a8) [0x5555ff3d88a8] 
2026-06-09 02:30:30.575	[RPC0]	INFO	stacktrace	src/common/stack_trace.cpp:173	    [16] /home/heff/CryLo/electron/bin/linux/CryLo-wallet-rpc(+0x24eab4) [0x5555ff3eeab4] 
2026-06-09 02:30:30.575	[RPC0]	INFO	stacktrace	src/common/stack_trace.cpp:173	    [17] /home/heff/CryLo/electron/bin/linux/CryLo-wallet-rpc(+0x19c26c) [0x5555ff33c26c] 
2026-06-09 02:30:30.575	[RPC0]	INFO	stacktrace	src/common/stack_trace.cpp:173	    [18] /home/heff/CryLo/electron/bin/linux/CryLo-wallet-rpc(+0x2517c0) [0x5555ff3f17c0] 
2026-06-09 02:30:30.575	[RPC0]	INFO	stacktrace	src/common/stack_trace.cpp:173	    [19] /home/heff/CryLo/electron/bin/linux/CryLo-wallet-rpc(+0x252690) [0x5555ff3f2690] 
2026-06-09 02:30:30.575	[RPC0]	INFO	stacktrace	src/common/stack_trace.cpp:173	    [20] /home/heff/CryLo/electron/bin/linux/CryLo-wallet-rpc(+0x253388) [0x5555ff3f3388] 
2026-06-09 02:30:30.575	[RPC0]	INFO	stacktrace	src/common/stack_trace.cpp:173	    [21] /home/heff/CryLo/electron/bin/linux/CryLo-wallet-rpc(+0x253478) [0x5555ff3f3478] 
2026-06-09 02:30:30.575	[RPC0]	INFO	stacktrace	src/common/stack_trace.cpp:173	    [22] /home/heff/CryLo/electron/bin/linux/CryLo-wallet-rpc(+0x1877b4) [0x5555ff3277b4] 
2026-06-09 02:30:30.575	[RPC0]	INFO	stacktrace	src/common/stack_trace.cpp:173	    [23] /home/heff/CryLo/electron/bin/linux/CryLo-wallet-rpc(+0x18847c) [0x5555ff32847c] 
2026-06-09 02:30:30.575	[RPC0]	INFO	stacktrace	src/common/stack_trace.cpp:173	    [24] /home/heff/CryLo/electron/bin/linux/CryLo-wallet-rpc(+0x135ab4) [0x5555ff2d5ab4] 
2026-06-09 02:30:30.575	[RPC0]	INFO	stacktrace	src/common/stack_trace.cpp:173	    [25] /home/heff/CryLo/electron/bin/linux/CryLo-wallet-rpc(+0x1a4080) [0x5555ff344080] 
2026-06-09 02:30:30.575	[RPC0]	INFO	stacktrace	src/common/stack_trace.cpp:173	    [26]  0xa6e8) [0x7fff055da6e8]:_thread.so.1.74.0(+0xa6e8) [0x7fff055da6e8]
2026-06-09 02:30:30.575	[RPC0]	INFO	stacktrace	src/common/stack_trace.cpp:173	    [27] /lib/aarch64-linux-gnu/libc.so.6(+0x82030) [0x7fff04892030] 
2026-06-09 02:30:30.575	[RPC0]	INFO	stacktrace	src/common/stack_trace.cpp:173	    [28] /lib/aarch64-linux-gnu/libc.so.6(+0xebf1c) [0x7fff048fbf1c] 
2026-06-09 02:30:30.575	[RPC0]	INFO	stacktrace	src/common/stack_trace.cpp:173	
2026-06-09 02:30:30.608	[RPC0]	INFO	net	contrib/epee/src/net_parse_helpers.cpp:144	[PARSE URI] regex not matched for uri: ^(([^:]*?)://)?(\[(.*)\](:(\d+))?)(.*)?
2026-06-09 02:30:30.654	[RPC0]	INFO	net.ssl	contrib/epee/src/net_ssl.cpp:145	Generating SSL certificate
2026-06-09 02:30:35.829	[RPC0]	INFO	wallet.wallet2	src/wallet/wallet2.cpp:8819	caching ringdb key
2026-06-09 02:30:35.858	[RPC0]	WARNING	wallet.wallet2	src/wallet/wallet2.cpp:6491	Loaded wallet keys file, with public address: 9wrJiteUtyZLMTNTfookN91WDYtRKidsaNUZLpc4HPvKH2brXSfdqaM5oKCxx5qRhEYTohrmhirWQ99djFC5UDVB8AEKQpu
2026-06-09 02:30:35.862	[RPC0]	INFO	wallet.wallet2	src/wallet/wallet2.cpp:6585	Trying to decrypt cache data
2026-06-09 02:30:35.897	[RPC0]	INFO	wallet.mms	src/wallet/message_store.cpp:778	No message store file found: /home/heff/.config/crylo-wallet/wallets/new.mms
2026-06-09 02:30:35.901	[RPC0]	INFO	wallet.rpc	src/wallet/wallet_rpc_server.h:68	HTTP [127.0.0.1] POST /json_rpc
2026-06-09 02:30:35.901	[RPC0]	INFO	wallet.rpc	src/wallet/wallet_rpc_server.h:72	[127.0.0.1:36962 INC] Calling RPC method get_balance
2026-06-09 02:30:35.935	[RPC0]	INFO	wallet.rpc	src/wallet/wallet_rpc_server.h:68	HTTP [127.0.0.1] POST /json_rpc
2026-06-09 02:30:35.935	[RPC0]	INFO	wallet.rpc	src/wallet/wallet_rpc_server.h:123	[127.0.0.1:36962 INC] Calling RPC method get_transfers
2026-06-09 02:30:36.061	[RPC0]	WARNING	net.ssl	contrib/epee/src/net_ssl.cpp:547	SSL peer has not been verified
2026-06-09 02:30:36.061	[RPC0]	WARNING	net.ssl	contrib/epee/src/net_ssl.cpp:547	SSL peer has not been verified
2026-06-09 02:30:36.959	[RPC0]	INFO	perf.wallet.wallet2	src/common/perf_timer.cpp:120	PERF             ----------
2026-06-09 02:30:36.959	[RPC0]	INFO	perf.wallet.wallet2	src/common/perf_timer.cpp:156	PERF      194    process_new_transaction
2026-06-09 02:30:36.959	[RPC0]	INFO	perf.wallet.wallet2	src/common/perf_timer.cpp:120	PERF             ----------
2026-06-09 02:30:36.959	[RPC0]	INFO	perf.wallet.wallet2	src/common/perf_timer.cpp:156	PERF       13    process_new_transaction
2026-06-09 02:30:36.959	[RPC0]	INFO	perf.wallet.wallet2	src/common/perf_timer.cpp:120	PERF             ----------
2026-06-09 02:30:36.959	[RPC0]	INFO	perf.wallet.wallet2	src/common/perf_timer.cpp:156	PERF       11    process_new_transaction
2026-06-09 02:30:36.959	[RPC0]	INFO	perf.wallet.wallet2	src/common/perf_timer.cpp:120	PERF             ----------
2026-06-09 02:30:36.959	[RPC0]	INFO	perf.wallet.wallet2	src/common/perf_timer.cpp:156	PERF       11    process_new_transaction
2026-06-09 02:30:36.959	[RPC0]	INFO	perf.wallet.wallet2	src/common/perf_timer.cpp:120	PERF             ----------
2026-06-09 02:30:36.959	[RPC0]	INFO	perf.wallet.wallet2	src/common/perf_timer.cpp:156	PERF       11    process_new_transaction
2026-06-09 02:30:36.959	[RPC0]	INFO	perf.wallet.wallet2	src/common/perf_timer.cpp:120	PERF             ----------
2026-06-09 02:30:36.959	[RPC0]	INFO	perf.wallet.wallet2	src/common/perf_timer.cpp:156	PERF       11    process_new_transaction
2026-06-09 02:30:36.959	[RPC0]	INFO	perf.wallet.wallet2	src/common/perf_timer.cpp:120	PERF             ----------
2026-06-09 02:30:36.959	[RPC0]	INFO	perf.wallet.wallet2	src/common/perf_timer.cpp:156	PERF       11    process_new_transaction
2026-06-09 02:30:36.959	[RPC0]	INFO	perf.wallet.wallet2	src/common/perf_timer.cpp:120	PERF             ----------
2026-06-09 02:30:36.959	[RPC0]	INFO	perf.wallet.wallet2	src/common/perf_timer.cpp:156	PERF       16    process_new_transaction
2026-06-09 02:30:36.959	[RPC0]	INFO	perf.wallet.wallet2	src/common/perf_timer.cpp:120	PERF             ----------
2026-06-09 02:30:36.959	[RPC0]	INFO	perf.wallet.wallet2	src/common/perf_timer.cpp:156	PERF       12    process_new_transaction
2026-06-09 02:30:36.959	[RPC0]	INFO	perf.wallet.wallet2	src/common/perf_timer.cpp:120	PERF             ----------
2026-06-09 02:30:36.959	[RPC0]	INFO	perf.wallet.wallet2	src/common/perf_timer.cpp:156	PERF       11    process_new_transaction
2026-06-09 02:30:36.959	[RPC0]	INFO	wallet.wallet2	src/wallet/wallet2.cpp:4316	Refresh done, blocks received: 10, balance (all accounts): 0.00000000000, unlocked: 0.00000000000
2026-06-09 02:30:38.159	[RPC0]	INFO	wallet.rpc	src/wallet/wallet_rpc_server.h:68	HTTP [127.0.0.1] POST /json_rpc
2026-06-09 02:30:38.159	[RPC0]	INFO	wallet.rpc	src/wallet/wallet_rpc_server.h:72	[127.0.0.1:36962 INC] Calling RPC method get_balance
2026-06-09 02:30:38.165	[RPC0]	INFO	wallet.rpc	src/wallet/wallet_rpc_server.h:68	HTTP [127.0.0.1] POST /json_rpc
2026-06-09 02:30:38.165	[RPC0]	INFO	wallet.rpc	src/wallet/wallet_rpc_server.h:123	[127.0.0.1:36962 INC] Calling RPC method get_transfers
2026-06-09 02:30:40.189	[RPC0]	INFO	wallet.rpc	src/wallet/wallet_rpc_server.h:68	HTTP [127.0.0.1] POST /json_rpc
2026-06-09 02:30:40.189	[RPC0]	INFO	wallet.rpc	src/wallet/wallet_rpc_server.h:72	[127.0.0.1:36962 INC] Calling RPC method get_balance
2026-06-09 02:30:40.199	[RPC0]	INFO	wallet.rpc	src/wallet/wallet_rpc_server.h:68	HTTP [127.0.0.1] POST /json_rpc
2026-06-09 02:30:40.199	[RPC0]	INFO	wallet.rpc	src/wallet/wallet_rpc_server.h:123	[127.0.0.1:35118 INC] Calling RPC method get_transfers
2026-06-09 02:30:42.220	[RPC0]	INFO	wallet.rpc	src/wallet/wallet_rpc_server.h:68	HTTP [127.0.0.1] POST /json_rpc
2026-06-09 02:30:42.221	[RPC0]	INFO	wallet.rpc	src/wallet/wallet_rpc_server.h:72	[127.0.0.1:35118 INC] Calling RPC method get_balance
2026-06-09 02:30:42.227	[RPC0]	INFO	wallet.rpc	src/wallet/wallet_rpc_server.h:68	HTTP [127.0.0.1] POST /json_rpc
2026-06-09 02:30:42.228	[RPC0]	INFO	wallet.rpc	src/wallet/wallet_rpc_server.h:123	[127.0.0.1:36962 INC] Calling RPC method get_transfers
2026-06-09 02:30:44.248	[RPC0]	INFO	wallet.rpc	src/wallet/wallet_rpc_server.h:68	HTTP [127.0.0.1] POST /json_rpc
2026-06-09 02:30:44.249	[RPC0]	INFO	wallet.rpc	src/wallet/wallet_rpc_server.h:72	[127.0.0.1:36962 INC] Calling RPC method get_balance
2026-06-09 02:30:56.964	[RPC0]	INFO	wallet.wallet2	src/wallet/wallet2.cpp:4316	Refresh done, blocks received: 0, balance (all accounts): 0.00000000000, unlocked: 0.00000000000
2026-06-09 02:31:05.910	[RPC0]	INFO	wallet.rpc	src/wallet/wallet_rpc_server.h:68	HTTP [127.0.0.1] POST /json_rpc
2026-06-09 02:31:05.910	[RPC0]	INFO	wallet.rpc	src/wallet/wallet_rpc_server.h:72	[127.0.0.1:39292 INC] Calling RPC method get_balance
2026-06-09 02:31:16.968	[RPC0]	INFO	wallet.wallet2	src/wallet/wallet2.cpp:4316	Refresh done, blocks received: 0, balance (all accounts): 0.00000000000, unlocked: 0.00000000000
2026-06-09 02:31:35.910	[RPC0]	INFO	wallet.rpc	src/wallet/wallet_rpc_server.h:68	HTTP [127.0.0.1] POST /json_rpc
2026-06-09 02:31:35.910	[RPC0]	INFO	wallet.rpc	src/wallet/wallet_rpc_server.h:72	[127.0.0.1:44994 INC] Calling RPC method get_balance
2026-06-09 02:31:36.974	[RPC0]	INFO	wallet.wallet2	src/wallet/wallet2.cpp:4316	Refresh done, blocks received: 0, balance (all accounts): 0.00000000000, unlocked: 0.00000000000
2026-06-09 02:31:56.986	[RPC0]	INFO	wallet.wallet2	src/wallet/wallet2.cpp:4316	Refresh done, blocks received: 0, balance (all accounts): 0.00000000000, unlocked: 0.00000000000
2026-06-09 02:32:05.910	[RPC0]	INFO	wallet.rpc	src/wallet/wallet_rpc_server.h:68	HTTP [127.0.0.1] POST /json_rpc
2026-06-09 02:32:05.910	[RPC0]	INFO	wallet.rpc	src/wallet/wallet_rpc_server.h:72	[127.0.0.1:54704 INC] Calling RPC method get_balance
2026-06-09 02:32:16.993	[RPC0]	INFO	wallet.wallet2	src/wallet/wallet2.cpp:4316	Refresh done, blocks received: 0, balance (all accounts): 0.00000000000, unlocked: 0.00000000000
2026-06-09 02:32:35.909	[RPC0]	INFO	wallet.rpc	src/wallet/wallet_rpc_server.h:68	HTTP [127.0.0.1] POST /json_rpc
2026-06-09 02:32:35.909	[RPC0]	INFO	wallet.rpc	src/wallet/wallet_rpc_server.h:72	[127.0.0.1:55548 INC] Calling RPC method get_balance
2026-06-09 02:32:36.997	[RPC0]	INFO	wallet.wallet2	src/wallet/wallet2.cpp:4316	Refresh done, blocks received: 0, balance (all accounts): 0.00000000000, unlocked: 0.00000000000
2026-06-09 02:32:57.003	[RPC0]	INFO	wallet.wallet2	src/wallet/wallet2.cpp:4316	Refresh done, blocks received: 0, balance (all accounts): 0.00000000000, unlocked: 0.00000000000
2026-06-09 02:33:05.909	[RPC0]	INFO	wallet.rpc	src/wallet/wallet_rpc_server.h:68	HTTP [127.0.0.1] POST /json_rpc
2026-06-09 02:33:05.909	[RPC0]	INFO	wallet.rpc	src/wallet/wallet_rpc_server.h:72	[127.0.0.1:58906 INC] Calling RPC method get_balance
2026-06-09 02:33:17.010	[RPC0]	INFO	wallet.wallet2	src/wallet/wallet2.cpp:4316	Refresh done, blocks received: 0, balance (all accounts): 0.00000000000, unlocked: 0.00000000000
2026-06-09 02:33:35.909	[RPC0]	INFO	wallet.rpc	src/wallet/wallet_rpc_server.h:68	HTTP [127.0.0.1] POST /json_rpc
2026-06-09 02:33:35.909	[RPC0]	INFO	wallet.rpc	src/wallet/wallet_rpc_server.h:72	[127.0.0.1:36550 INC] Calling RPC method get_balance
2026-06-09 02:33:37.014	[RPC0]	INFO	wallet.wallet2	src/wallet/wallet2.cpp:4316	Refresh done, blocks received: 0, balance (all accounts): 0.00000000000, unlocked: 0.00000000000
2026-06-09 02:33:57.019	[RPC0]	INFO	wallet.wallet2	src/wallet/wallet2.cpp:4316	Refresh done, blocks received: 0, balance (all accounts): 0.00000000000, unlocked: 0.00000000000
2026-06-09 02:34:05.908	[RPC0]	INFO	wallet.rpc	src/wallet/wallet_rpc_server.h:68	HTTP [127.0.0.1] POST /json_rpc
2026-06-09 02:34:05.908	[RPC0]	INFO	wallet.rpc	src/wallet/wallet_rpc_server.h:72	[127.0.0.1:40796 INC] Calling RPC method get_balance
2026-06-09 02:34:14.003	[SRV_MAIN]	INFO	net.http	contrib/epee/include/net/http_server_impl_base.h:118	net_service loop stopped.
2026-06-09 02:34:14.003	[SRV_MAIN]	WARNING	wallet.rpc	src/wallet/wallet_rpc_server.cpp:4996	Stopped wallet RPC server
2026-06-09 02:34:14.003	[SRV_MAIN]	WARNING	wallet.rpc	src/wallet/wallet_rpc_server.cpp:4999	Saving wallet...
2026-06-09 02:34:14.013	[SRV_MAIN]	WARNING	wallet.rpc	src/wallet/wallet_rpc_server.cpp:5001	Successfully saved
2026-06-09 02:35:04.234	    7fff57f6ac40	INFO	logging	contrib/epee/src/mlog.cpp:274	New log categories: *:WARNING,net:FATAL,net.http:FATAL,net.ssl:FATAL,net.p2p:FATAL,net.cn:FATAL,daemon.rpc:FATAL,global:INFO,verify:FATAL,serialization:FATAL,daemon.rpc.payment:ERROR,stacktrace:INFO,logging:INFO,msgwriter:INFO
2026-06-09 02:35:04.234	    7fff57f6ac40	INFO	logging	contrib/epee/src/mlog.cpp:274	New log categories: *:INFO,global:INFO,stacktrace:INFO,logging:INFO,msgwriter:INFO,perf.*:DEBUG
2026-06-09 02:35:04.234	    7fff57f6ac40	INFO	msgwriter	src/common/scoped_message_writer.h:102	This is the RPC CryLo Chain wallet. It needs to connect to a CryLo Chain
2026-06-09 02:35:04.234	    7fff57f6ac40	INFO	msgwriter	src/common/scoped_message_writer.h:102	daemon to work correctly.
2026-06-09 02:35:04.234	    7fff57f6ac40	INFO	msgwriter	src/common/scoped_message_writer.h:102	CryLo Chain 'Testnet' (v1.0.0-0e4839628)
2026-06-09 02:35:04.234	    7fff57f6ac40	INFO	wallet.wallet2	src/wallet/wallet_args.cpp:215	Setting log level = 1
2026-06-09 02:35:04.234	    7fff57f6ac40	INFO	wallet.wallet2	src/wallet/wallet_args.cpp:221	Logging to: /home/heff/CryLo/electron/bin/linux/CryLo-wallet-rpc.log
2026-06-09 02:35:04.234	    7fff57f6ac40	INFO	msgwriter	src/common/scoped_message_writer.h:102	Logging to /home/heff/CryLo/electron/bin/linux/CryLo-wallet-rpc.log
2026-06-09 02:35:04.241	    7fff57f6ac40	INFO	net	contrib/epee/include/net/abstract_tcp_server2.inl:1390	Set server type to: 1 from name: RPC, prefix_name = RPC
2026-06-09 02:35:04.242	    7fff57f6ac40	INFO	global	contrib/epee/include/net/http_server_impl_base.h:94	Binding on 127.0.0.1 (IPv4):22643
2026-06-09 02:35:04.336	    7fff57f6ac40	INFO	net.ssl	contrib/epee/src/net_ssl.cpp:145	Generating SSL certificate
2026-06-09 02:35:07.425	    7fff57f6ac40	WARNING	wallet.rpc	src/wallet/wallet_rpc_server.cpp:4986	Starting wallet RPC server
2026-06-09 02:35:07.426	    7fff57f6ac40	INFO	net.http	contrib/epee/include/net/http_server_impl_base.h:111	Run net_service loop( 1 threads)...
2026-06-09 02:35:08.223	[RPC0]	INFO	wallet.rpc	src/wallet/wallet_rpc_server.h:68	HTTP [127.0.0.1] POST /json_rpc
2026-06-09 02:35:08.223	[RPC0]	INFO	wallet.rpc	src/wallet/wallet_rpc_server.h:143	[127.0.0.1:50296 INC] Calling RPC method get_languages
2026-06-09 02:35:08.238	[RPC0]	INFO	default	src/mnemonics/language_base.h:132	Español word 'asa' is shorter than its prefix length, 4
2026-06-09 02:35:08.239	[RPC0]	INFO	default	src/mnemonics/language_base.h:132	Español word 'ave' is shorter than its prefix length, 4
2026-06-09 02:35:08.239	[RPC0]	INFO	default	src/mnemonics/language_base.h:132	Español word 'boa' is shorter than its prefix length, 4
2026-06-09 02:35:08.239	[RPC0]	INFO	default	src/mnemonics/language_base.h:132	Español word 'cal' is shorter than its prefix length, 4
2026-06-09 02:35:08.239	[RPC0]	INFO	default	src/mnemonics/language_base.h:132	Español word 'dar' is shorter than its prefix length, 4
2026-06-09 02:35:08.239	[RPC0]	INFO	default	src/mnemonics/language_base.h:132	Español word 'don' is shorter than its prefix length, 4
2026-06-09 02:35:08.239	[RPC0]	INFO	default	src/mnemonics/language_base.h:132	Español word 'dos' is shorter than its prefix length, 4
2026-06-09 02:35:08.240	[RPC0]	INFO	default	src/mnemonics/language_base.h:132	Español word 'eco' is shorter than its prefix length, 4
2026-06-09 02:35:08.240	[RPC0]	INFO	default	src/mnemonics/language_base.h:132	Español word 'eje' is shorter than its prefix length, 4
2026-06-09 02:35:08.240	[RPC0]	INFO	default	src/mnemonics/language_base.h:132	Español word 'fax' is shorter than its prefix length, 4
2026-06-09 02:35:08.240	[RPC0]	INFO	default	src/mnemonics/language_base.h:132	Español word 'feo' is shorter than its prefix length, 4
2026-06-09 02:35:08.240	[RPC0]	INFO	default	src/mnemonics/language_base.h:132	Español word 'fin' is shorter than its prefix length, 4
2026-06-09 02:35:08.240	[RPC0]	INFO	default	src/mnemonics/language_base.h:132	Español word 'gen' is shorter than its prefix length, 4
2026-06-09 02:35:08.240	[RPC0]	INFO	default	src/mnemonics/language_base.h:132	Español word 'gol' is shorter than its prefix length, 4
2026-06-09 02:35:08.241	[RPC0]	INFO	default	src/mnemonics/language_base.h:132	Español word 'haz' is shorter than its prefix length, 4
2026-06-09 02:35:08.241	[RPC0]	INFO	default	src/mnemonics/language_base.h:132	Español word 'ira' is shorter than its prefix length, 4
2026-06-09 02:35:08.241	[RPC0]	INFO	default	src/mnemonics/language_base.h:132	Español word 'luz' is shorter than its prefix length, 4
2026-06-09 02:35:08.241	[RPC0]	INFO	default	src/mnemonics/language_base.h:132	Español word 'mar' is shorter than its prefix length, 4
2026-06-09 02:35:08.242	[RPC0]	INFO	default	src/mnemonics/language_base.h:132	Español word 'mes' is shorter than its prefix length, 4
2026-06-09 02:35:08.242	[RPC0]	INFO	default	src/mnemonics/language_base.h:132	Español word 'mil' is shorter than its prefix length, 4
2026-06-09 02:35:08.242	[RPC0]	INFO	default	src/mnemonics/language_base.h:132	Español word 'oca' is shorter than its prefix length, 4
2026-06-09 02:35:08.242	[RPC0]	INFO	default	src/mnemonics/language_base.h:132	Español word 'ojo' is shorter than its prefix length, 4
2026-06-09 02:35:08.242	[RPC0]	INFO	default	src/mnemonics/language_base.h:132	Español word 'ola' is shorter than its prefix length, 4
2026-06-09 02:35:08.242	[RPC0]	INFO	default	src/mnemonics/language_base.h:132	Español word 'oro' is shorter than its prefix length, 4
2026-06-09 02:35:08.242	[RPC0]	INFO	default	src/mnemonics/language_base.h:132	Español word 'oso' is shorter than its prefix length, 4
2026-06-09 02:35:08.244	[RPC0]	INFO	default	src/mnemonics/language_base.h:132	Español word 'pan' is shorter than its prefix length, 4
2026-06-09 02:35:08.244	[RPC0]	INFO	default	src/mnemonics/language_base.h:132	Español word 'pez' is shorter than its prefix length, 4
2026-06-09 02:35:08.244	[RPC0]	INFO	default	src/mnemonics/language_base.h:132	Español word 'pie' is shorter than its prefix length, 4
2026-06-09 02:35:08.245	[RPC0]	INFO	default	src/mnemonics/language_base.h:132	Español word 'red' is shorter than its prefix length, 4
2026-06-09 02:35:08.245	[RPC0]	INFO	default	src/mnemonics/language_base.h:132	Español word 'res' is shorter than its prefix length, 4
2026-06-09 02:35:08.245	[RPC0]	INFO	default	src/mnemonics/language_base.h:132	Español word 'rey' is shorter than its prefix length, 4
2026-06-09 02:35:14.635	[RPC0]	INFO	wallet.rpc	src/wallet/wallet_rpc_server.h:68	HTTP [127.0.0.1] POST /json_rpc
2026-06-09 02:35:14.635	[RPC0]	INFO	wallet.rpc	src/wallet/wallet_rpc_server.h:146	[127.0.0.1:50300 INC] Calling RPC method close_wallet
2026-06-09 02:35:14.639	[RPC0]	INFO	wallet.rpc	src/wallet/wallet_rpc_server.h:68	HTTP [127.0.0.1] POST /json_rpc
2026-06-09 02:35:14.639	[RPC0]	INFO	wallet.rpc	src/wallet/wallet_rpc_server.h:145	[127.0.0.1:50300 INC] Calling RPC method open_wallet
2026-06-09 02:35:14.640	[RPC0]	INFO	net	contrib/epee/src/net_parse_helpers.cpp:144	[PARSE URI] regex not matched for uri: ^(([^:]*?)://)?(\[(.*)\](:(\d+))?)(.*)?
2026-06-09 02:35:14.640	[RPC0]	INFO	wallet.wallet2	src/wallet/wallet2.cpp:458	Daemon is local, assuming trusted
2026-06-09 02:35:14.642	[RPC0]	INFO	wallet.wallet2	src/wallet/wallet2.cpp:1428	setting daemon to 127.0.0.1:22641
2026-06-09 02:35:14.642	[RPC0]	INFO	net	contrib/epee/src/net_parse_helpers.cpp:144	[PARSE URI] regex not matched for uri: ^(([^:]*?)://)?(\[(.*)\](:(\d+))?)(.*)?
2026-06-09 02:35:14.692	[RPC0]	INFO	net.ssl	contrib/epee/src/net_ssl.cpp:145	Generating SSL certificate
2026-06-09 02:35:18.554	[RPC0]	INFO	wallet.wallet2	src/wallet/wallet2.cpp:8795	ringdb path set to /home/heff/.wow-shared-ringdb/testnet
2026-06-09 02:35:18.556	[RPC0]	INFO	randomx	contrib/epee/src/mlog.cpp:517	RandomX new secondary seed hash is 0000000000000000000000000000000000000000000000000000000000000000
2026-06-09 02:35:18.556	[RPC0]	INFO	stacktrace	src/common/stack_trace.cpp:134	Exception: std::bad_alloc
2026-06-09 02:35:18.556	[RPC0]	INFO	stacktrace	src/common/stack_trace.cpp:135	Unwound call stack:
2026-06-09 02:35:18.556	[RPC0]	INFO	stacktrace	src/common/stack_trace.cpp:173	    [1]  0xcc) [0x55557a49b294]:__cxa_throw+0xcc) [0x55557a49b294]
2026-06-09 02:35:18.556	[RPC0]	INFO	stacktrace	src/common/stack_trace.cpp:173	    [2] /home/heff/CryLo/electron/bin/linux/CryLo-wallet-rpc(+0x6bcd24) [0x55557aa4cd24] 
2026-06-09 02:35:18.556	[RPC0]	INFO	stacktrace	src/common/stack_trace.cpp:173	    [3] /home/heff/CryLo/electron/bin/linux/CryLo-wallet-rpc(+0x6b27f0) [0x55557aa427f0] 
2026-06-09 02:35:18.556	[RPC0]	INFO	stacktrace	src/common/stack_trace.cpp:173	    [4] /home/heff/CryLo/electron/bin/linux/CryLo-wallet-rpc(+0x4d681c) [0x55557a86681c] 
2026-06-09 02:35:18.556	[RPC0]	INFO	stacktrace	src/common/stack_trace.cpp:173	    [5] /home/heff/CryLo/electron/bin/linux/CryLo-wallet-rpc(+0x4d76d4) [0x55557a8676d4] 
2026-06-09 02:35:18.556	[RPC0]	INFO	stacktrace	src/common/stack_trace.cpp:173	    [6] /home/heff/CryLo/electron/bin/linux/CryLo-wallet-rpc(+0x445918) [0x55557a7d5918] 
2026-06-09 02:35:18.556	[RPC0]	INFO	stacktrace	src/common/stack_trace.cpp:173	    [7] /home/heff/CryLo/electron/bin/linux/CryLo-wallet-rpc(+0x445aac) [0x55557a7d5aac] 
2026-06-09 02:35:18.556	[RPC0]	INFO	stacktrace	src/common/stack_trace.cpp:173	    [8] /home/heff/CryLo/electron/bin/linux/CryLo-wallet-rpc(+0x5bc9e8) [0x55557a94c9e8] 
2026-06-09 02:35:18.556	[RPC0]	INFO	stacktrace	src/common/stack_trace.cpp:173	    [9] /home/heff/CryLo/electron/bin/linux/CryLo-wallet-rpc(+0x44a038) [0x55557a7da038] 
2026-06-09 02:35:18.556	[RPC0]	INFO	stacktrace	src/common/stack_trace.cpp:173	    [10] /home/heff/CryLo/electron/bin/linux/CryLo-wallet-rpc(+0x2aa53c) [0x55557a63a53c] 
2026-06-09 02:35:18.556	[RPC0]	INFO	stacktrace	src/common/stack_trace.cpp:173	    [11] /home/heff/CryLo/electron/bin/linux/CryLo-wallet-rpc(+0x2afc50) [0x55557a63fc50] 
2026-06-09 02:35:18.556	[RPC0]	INFO	stacktrace	src/common/stack_trace.cpp:173	    [12] /home/heff/CryLo/electron/bin/linux/CryLo-wallet-rpc(+0x3028f0) [0x55557a6928f0] 
2026-06-09 02:35:18.556	[RPC0]	INFO	stacktrace	src/common/stack_trace.cpp:173	    [13] /home/heff/CryLo/electron/bin/linux/CryLo-wallet-rpc(+0x155ce4) [0x55557a4e5ce4] 
2026-06-09 02:35:18.556	[RPC0]	INFO	stacktrace	src/common/stack_trace.cpp:173	    [14] /home/heff/CryLo/electron/bin/linux/CryLo-wallet-rpc(+0x2388a8) [0x55557a5c88a8] 
2026-06-09 02:35:18.556	[RPC0]	INFO	stacktrace	src/common/stack_trace.cpp:173	    [15] /home/heff/CryLo/electron/bin/linux/CryLo-wallet-rpc(+0x24eab4) [0x55557a5deab4] 
2026-06-09 02:35:18.556	[RPC0]	INFO	stacktrace	src/common/stack_trace.cpp:173	    [16] /home/heff/CryLo/electron/bin/linux/CryLo-wallet-rpc(+0x19c26c) [0x55557a52c26c] 
2026-06-09 02:35:18.556	[RPC0]	INFO	stacktrace	src/common/stack_trace.cpp:173	    [17] /home/heff/CryLo/electron/bin/linux/CryLo-wallet-rpc(+0x2517c0) [0x55557a5e17c0] 
2026-06-09 02:35:18.556	[RPC0]	INFO	stacktrace	src/common/stack_trace.cpp:173	    [18] /home/heff/CryLo/electron/bin/linux/CryLo-wallet-rpc(+0x252690) [0x55557a5e2690] 
2026-06-09 02:35:18.556	[RPC0]	INFO	stacktrace	src/common/stack_trace.cpp:173	    [19] /home/heff/CryLo/electron/bin/linux/CryLo-wallet-rpc(+0x253388) [0x55557a5e3388] 
2026-06-09 02:35:18.556	[RPC0]	INFO	stacktrace	src/common/stack_trace.cpp:173	    [20] /home/heff/CryLo/electron/bin/linux/CryLo-wallet-rpc(+0x253478) [0x55557a5e3478] 
2026-06-09 02:35:18.556	[RPC0]	INFO	stacktrace	src/common/stack_trace.cpp:173	    [21] /home/heff/CryLo/electron/bin/linux/CryLo-wallet-rpc(+0x1877b4) [0x55557a5177b4] 
2026-06-09 02:35:18.556	[RPC0]	INFO	stacktrace	src/common/stack_trace.cpp:173	    [22] /home/heff/CryLo/electron/bin/linux/CryLo-wallet-rpc(+0x18847c) [0x55557a51847c] 
2026-06-09 02:35:18.556	[RPC0]	INFO	stacktrace	src/common/stack_trace.cpp:173	    [23] /home/heff/CryLo/electron/bin/linux/CryLo-wallet-rpc(+0x135ab4) [0x55557a4c5ab4] 
2026-06-09 02:35:18.556	[RPC0]	INFO	stacktrace	src/common/stack_trace.cpp:173	    [24] /home/heff/CryLo/electron/bin/linux/CryLo-wallet-rpc(+0x1a4080) [0x55557a534080] 
2026-06-09 02:35:18.556	[RPC0]	INFO	stacktrace	src/common/stack_trace.cpp:173	    [25]  0xa6e8) [0x7fff57e4a6e8]:_thread.so.1.74.0(+0xa6e8) [0x7fff57e4a6e8]
2026-06-09 02:35:18.556	[RPC0]	INFO	stacktrace	src/common/stack_trace.cpp:173	    [26] /lib/aarch64-linux-gnu/libc.so.6(+0x82030) [0x7fff57102030] 
2026-06-09 02:35:18.556	[RPC0]	INFO	stacktrace	src/common/stack_trace.cpp:173	    [27] /lib/aarch64-linux-gnu/libc.so.6(+0xebf1c) [0x7fff5716bf1c] 
2026-06-09 02:35:18.556	[RPC0]	INFO	stacktrace	src/common/stack_trace.cpp:173	
2026-06-09 02:35:19.548	[RPC0]	INFO	randomx	contrib/epee/src/mlog.cpp:517	RandomX secondary cache updated
2026-06-09 02:35:19.548	[RPC0]	INFO	stacktrace	src/common/stack_trace.cpp:134	Exception: std::bad_alloc
2026-06-09 02:35:19.548	[RPC0]	INFO	stacktrace	src/common/stack_trace.cpp:135	Unwound call stack:
2026-06-09 02:35:19.548	[RPC0]	INFO	stacktrace	src/common/stack_trace.cpp:173	    [1]  0xcc) [0x55557a49b294]:__cxa_throw+0xcc) [0x55557a49b294]
2026-06-09 02:35:19.548	[RPC0]	INFO	stacktrace	src/common/stack_trace.cpp:173	    [2] /home/heff/CryLo/electron/bin/linux/CryLo-wallet-rpc(+0x6bcd24) [0x55557aa4cd24] 
2026-06-09 02:35:19.548	[RPC0]	INFO	stacktrace	src/common/stack_trace.cpp:173	    [3] /home/heff/CryLo/electron/bin/linux/CryLo-wallet-rpc(+0x6b5bac) [0x55557aa45bac] 
2026-06-09 02:35:19.548	[RPC0]	INFO	stacktrace	src/common/stack_trace.cpp:173	    [4] /home/heff/CryLo/electron/bin/linux/CryLo-wallet-rpc(+0x6b2b10) [0x55557aa42b10] 
2026-06-09 02:35:19.548	[RPC0]	INFO	stacktrace	src/common/stack_trace.cpp:173	    [5] /home/heff/CryLo/electron/bin/linux/CryLo-wallet-rpc(+0x4d65c8) [0x55557a8665c8] 
2026-06-09 02:35:19.548	[RPC0]	INFO	stacktrace	src/common/stack_trace.cpp:173	    [6] /home/heff/CryLo/electron/bin/linux/CryLo-wallet-rpc(+0x4d740c) [0x55557a86740c] 
2026-06-09 02:35:19.548	[RPC0]	INFO	stacktrace	src/common/stack_trace.cpp:173	    [7] /home/heff/CryLo/electron/bin/linux/CryLo-wallet-rpc(+0x445918) [0x55557a7d5918] 
2026-06-09 02:35:19.548	[RPC0]	INFO	stacktrace	src/common/stack_trace.cpp:173	    [8] /home/heff/CryLo/electron/bin/linux/CryLo-wallet-rpc(+0x445aac) [0x55557a7d5aac] 
2026-06-09 02:35:19.548	[RPC0]	INFO	stacktrace	src/common/stack_trace.cpp:173	    [9] /home/heff/CryLo/electron/bin/linux/CryLo-wallet-rpc(+0x5bc9e8) [0x55557a94c9e8] 
2026-06-09 02:35:19.548	[RPC0]	INFO	stacktrace	src/common/stack_trace.cpp:173	    [10] /home/heff/CryLo/electron/bin/linux/CryLo-wallet-rpc(+0x44a038) [0x55557a7da038] 
2026-06-09 02:35:19.548	[RPC0]	INFO	stacktrace	src/common/stack_trace.cpp:173	    [11] /home/heff/CryLo/electron/bin/linux/CryLo-wallet-rpc(+0x2aa53c) [0x55557a63a53c] 
2026-06-09 02:35:19.548	[RPC0]	INFO	stacktrace	src/common/stack_trace.cpp:173	    [12] /home/heff/CryLo/electron/bin/linux/CryLo-wallet-rpc(+0x2afc50) [0x55557a63fc50] 
2026-06-09 02:35:19.548	[RPC0]	INFO	stacktrace	src/common/stack_trace.cpp:173	    [13] /home/heff/CryLo/electron/bin/linux/CryLo-wallet-rpc(+0x3028f0) [0x55557a6928f0] 
2026-06-09 02:35:19.548	[RPC0]	INFO	stacktrace	src/common/stack_trace.cpp:173	    [14] /home/heff/CryLo/electron/bin/linux/CryLo-wallet-rpc(+0x155ce4) [0x55557a4e5ce4] 
2026-06-09 02:35:19.548	[RPC0]	INFO	stacktrace	src/common/stack_trace.cpp:173	    [15] /home/heff/CryLo/electron/bin/linux/CryLo-wallet-rpc(+0x2388a8) [0x55557a5c88a8] 
2026-06-09 02:35:19.549	[RPC0]	INFO	stacktrace	src/common/stack_trace.cpp:173	    [16] /home/heff/CryLo/electron/bin/linux/CryLo-wallet-rpc(+0x24eab4) [0x55557a5deab4] 
2026-06-09 02:35:19.549	[RPC0]	INFO	stacktrace	src/common/stack_trace.cpp:173	    [17] /home/heff/CryLo/electron/bin/linux/CryLo-wallet-rpc(+0x19c26c) [0x55557a52c26c] 
2026-06-09 02:35:19.549	[RPC0]	INFO	stacktrace	src/common/stack_trace.cpp:173	    [18] /home/heff/CryLo/electron/bin/linux/CryLo-wallet-rpc(+0x2517c0) [0x55557a5e17c0] 
2026-06-09 02:35:19.549	[RPC0]	INFO	stacktrace	src/common/stack_trace.cpp:173	    [19] /home/heff/CryLo/electron/bin/linux/CryLo-wallet-rpc(+0x252690) [0x55557a5e2690] 
2026-06-09 02:35:19.549	[RPC0]	INFO	stacktrace	src/common/stack_trace.cpp:173	    [20] /home/heff/CryLo/electron/bin/linux/CryLo-wallet-rpc(+0x253388) [0x55557a5e3388] 
2026-06-09 02:35:19.549	[RPC0]	INFO	stacktrace	src/common/stack_trace.cpp:173	    [21] /home/heff/CryLo/electron/bin/linux/CryLo-wallet-rpc(+0x253478) [0x55557a5e3478] 
2026-06-09 02:35:19.549	[RPC0]	INFO	stacktrace	src/common/stack_trace.cpp:173	    [22] /home/heff/CryLo/electron/bin/linux/CryLo-wallet-rpc(+0x1877b4) [0x55557a5177b4] 
2026-06-09 02:35:19.549	[RPC0]	INFO	stacktrace	src/common/stack_trace.cpp:173	    [23] /home/heff/CryLo/electron/bin/linux/CryLo-wallet-rpc(+0x18847c) [0x55557a51847c] 
2026-06-09 02:35:19.549	[RPC0]	INFO	stacktrace	src/common/stack_trace.cpp:173	    [24] /home/heff/CryLo/electron/bin/linux/CryLo-wallet-rpc(+0x135ab4) [0x55557a4c5ab4] 
2026-06-09 02:35:19.549	[RPC0]	INFO	stacktrace	src/common/stack_trace.cpp:173	    [25] /home/heff/CryLo/electron/bin/linux/CryLo-wallet-rpc(+0x1a4080) [0x55557a534080] 
2026-06-09 02:35:19.549	[RPC0]	INFO	stacktrace	src/common/stack_trace.cpp:173	    [26]  0xa6e8) [0x7fff57e4a6e8]:_thread.so.1.74.0(+0xa6e8) [0x7fff57e4a6e8]
2026-06-09 02:35:19.549	[RPC0]	INFO	stacktrace	src/common/stack_trace.cpp:173	    [27] /lib/aarch64-linux-gnu/libc.so.6(+0x82030) [0x7fff57102030] 
2026-06-09 02:35:19.549	[RPC0]	INFO	stacktrace	src/common/stack_trace.cpp:173	    [28] /lib/aarch64-linux-gnu/libc.so.6(+0xebf1c) [0x7fff5716bf1c] 
2026-06-09 02:35:19.549	[RPC0]	INFO	stacktrace	src/common/stack_trace.cpp:173	
2026-06-09 02:35:19.583	[RPC0]	INFO	net	contrib/epee/src/net_parse_helpers.cpp:144	[PARSE URI] regex not matched for uri: ^(([^:]*?)://)?(\[(.*)\](:(\d+))?)(.*)?
2026-06-09 02:35:19.628	[RPC0]	INFO	net.ssl	contrib/epee/src/net_ssl.cpp:145	Generating SSL certificate
2026-06-09 02:35:25.455	[RPC0]	INFO	wallet.wallet2	src/wallet/wallet2.cpp:8819	caching ringdb key
2026-06-09 02:35:25.494	[RPC0]	WARNING	wallet.wallet2	src/wallet/wallet2.cpp:6491	Loaded wallet keys file, with public address: 9wrJiteUtyZLMTNTfookN91WDYtRKidsaNUZLpc4HPvKH2brXSfdqaM5oKCxx5qRhEYTohrmhirWQ99djFC5UDVB8AEKQpu
2026-06-09 02:35:25.497	[RPC0]	INFO	wallet.wallet2	src/wallet/wallet2.cpp:6585	Trying to decrypt cache data
2026-06-09 02:35:25.534	[RPC0]	INFO	wallet.mms	src/wallet/message_store.cpp:778	No message store file found: /home/heff/.config/crylo-wallet/wallets/new.mms
2026-06-09 02:35:25.544	[RPC0]	INFO	wallet.rpc	src/wallet/wallet_rpc_server.h:68	HTTP [127.0.0.1] POST /json_rpc
2026-06-09 02:35:25.544	[RPC0]	INFO	wallet.rpc	src/wallet/wallet_rpc_server.h:72	[127.0.0.1:50300 INC] Calling RPC method get_balance
2026-06-09 02:35:25.575	[RPC0]	INFO	wallet.rpc	src/wallet/wallet_rpc_server.h:68	HTTP [127.0.0.1] POST /json_rpc
2026-06-09 02:35:25.575	[RPC0]	INFO	wallet.rpc	src/wallet/wallet_rpc_server.h:123	[127.0.0.1:50300 INC] Calling RPC method get_transfers
2026-06-09 02:35:25.729	[RPC0]	WARNING	net.ssl	contrib/epee/src/net_ssl.cpp:547	SSL peer has not been verified
2026-06-09 02:35:25.729	[RPC0]	WARNING	net.ssl	contrib/epee/src/net_ssl.cpp:547	SSL peer has not been verified
2026-06-09 02:35:27.823	[RPC0]	INFO	wallet.wallet2	src/wallet/wallet2.cpp:4316	Refresh done, blocks received: 0, balance (all accounts): 0.00000000000, unlocked: 0.00000000000
2026-06-09 02:35:27.826	[RPC0]	INFO	wallet.rpc	src/wallet/wallet_rpc_server.h:68	HTTP [127.0.0.1] POST /json_rpc
2026-06-09 02:35:27.826	[RPC0]	INFO	wallet.rpc	src/wallet/wallet_rpc_server.h:72	[127.0.0.1:50300 INC] Calling RPC method get_balance
2026-06-09 02:35:27.845	[RPC0]	INFO	wallet.rpc	src/wallet/wallet_rpc_server.h:68	HTTP [127.0.0.1] POST /json_rpc
2026-06-09 02:35:27.845	[RPC0]	INFO	wallet.rpc	src/wallet/wallet_rpc_server.h:123	[127.0.0.1:34536 INC] Calling RPC method get_transfers
2026-06-09 02:35:29.869	[RPC0]	INFO	wallet.rpc	src/wallet/wallet_rpc_server.h:68	HTTP [127.0.0.1] POST /json_rpc
2026-06-09 02:35:29.869	[RPC0]	INFO	wallet.rpc	src/wallet/wallet_rpc_server.h:72	[127.0.0.1:34536 INC] Calling RPC method get_balance
2026-06-09 02:35:29.876	[RPC0]	INFO	wallet.rpc	src/wallet/wallet_rpc_server.h:68	HTTP [127.0.0.1] POST /json_rpc
2026-06-09 02:35:29.876	[RPC0]	INFO	wallet.rpc	src/wallet/wallet_rpc_server.h:123	[127.0.0.1:50300 INC] Calling RPC method get_transfers
2026-06-09 02:35:31.904	[RPC0]	INFO	wallet.rpc	src/wallet/wallet_rpc_server.h:68	HTTP [127.0.0.1] POST /json_rpc
2026-06-09 02:35:31.904	[RPC0]	INFO	wallet.rpc	src/wallet/wallet_rpc_server.h:72	[127.0.0.1:50300 INC] Calling RPC method get_balance
2026-06-09 02:35:31.912	[RPC0]	INFO	wallet.rpc	src/wallet/wallet_rpc_server.h:68	HTTP [127.0.0.1] POST /json_rpc
2026-06-09 02:35:31.912	[RPC0]	INFO	wallet.rpc	src/wallet/wallet_rpc_server.h:123	[127.0.0.1:50300 INC] Calling RPC method get_transfers
2026-06-09 02:35:33.936	[RPC0]	INFO	wallet.rpc	src/wallet/wallet_rpc_server.h:68	HTTP [127.0.0.1] POST /json_rpc
2026-06-09 02:35:33.937	[RPC0]	INFO	wallet.rpc	src/wallet/wallet_rpc_server.h:72	[127.0.0.1:50300 INC] Calling RPC method get_balance
2026-06-09 02:35:33.942	[RPC0]	INFO	wallet.rpc	src/wallet/wallet_rpc_server.h:68	HTTP [127.0.0.1] POST /json_rpc
2026-06-09 02:35:33.943	[RPC0]	INFO	wallet.rpc	src/wallet/wallet_rpc_server.h:123	[127.0.0.1:34536 INC] Calling RPC method get_transfers
2026-06-09 02:35:47.829	[RPC0]	INFO	wallet.wallet2	src/wallet/wallet2.cpp:4316	Refresh done, blocks received: 0, balance (all accounts): 0.00000000000, unlocked: 0.00000000000
2026-06-09 02:35:55.555	[RPC0]	INFO	wallet.rpc	src/wallet/wallet_rpc_server.h:68	HTTP [127.0.0.1] POST /json_rpc
2026-06-09 02:35:55.555	[RPC0]	INFO	wallet.rpc	src/wallet/wallet_rpc_server.h:72	[127.0.0.1:60690 INC] Calling RPC method get_balance
2026-06-09 02:36:00.591	[RPC0]	INFO	wallet.rpc	src/wallet/wallet_rpc_server.h:68	HTTP [127.0.0.1] POST /json_rpc
2026-06-09 02:36:00.591	[RPC0]	INFO	wallet.rpc	src/wallet/wallet_rpc_server.h:72	[127.0.0.1:44984 INC] Calling RPC method get_balance
2026-06-09 02:36:07.835	[RPC0]	INFO	wallet.wallet2	src/wallet/wallet2.cpp:4316	Refresh done, blocks received: 0, balance (all accounts): 0.00000000000, unlocked: 0.00000000000
2026-06-09 02:36:25.556	[RPC0]	INFO	wallet.rpc	src/wallet/wallet_rpc_server.h:68	HTTP [127.0.0.1] POST /json_rpc
2026-06-09 02:36:25.556	[RPC0]	INFO	wallet.rpc	src/wallet/wallet_rpc_server.h:72	[127.0.0.1:53972 INC] Calling RPC method get_balance
2026-06-09 02:36:27.839	[RPC0]	INFO	wallet.wallet2	src/wallet/wallet2.cpp:4316	Refresh done, blocks received: 0, balance (all accounts): 0.00000000000, unlocked: 0.00000000000
2026-06-09 02:36:32.521	[RPC0]	INFO	wallet.rpc	src/wallet/wallet_rpc_server.h:68	HTTP [127.0.0.1] POST /json_rpc
2026-06-09 02:36:32.521	[RPC0]	INFO	wallet.rpc	src/wallet/wallet_rpc_server.h:123	[127.0.0.1:41350 INC] Calling RPC method get_transfers
2026-06-09 02:36:43.593	[RPC0]	INFO	wallet.rpc	src/wallet/wallet_rpc_server.h:68	HTTP [127.0.0.1] POST /json_rpc
2026-06-09 02:36:43.594	[RPC0]	INFO	wallet.rpc	src/wallet/wallet_rpc_server.h:73	[127.0.0.1:39384 INC] Calling RPC method get_address
2026-06-09 02:36:47.844	[RPC0]	INFO	wallet.wallet2	src/wallet/wallet2.cpp:4316	Refresh done, blocks received: 0, balance (all accounts): 0.00000000000, unlocked: 0.00000000000
2026-06-09 02:36:50.153	[RPC0]	INFO	wallet.rpc	src/wallet/wallet_rpc_server.h:68	HTTP [127.0.0.1] POST /json_rpc
2026-06-09 02:36:50.153	[RPC0]	INFO	wallet.rpc	src/wallet/wallet_rpc_server.h:123	[127.0.0.1:43044 INC] Calling RPC method get_transfers
2026-06-09 02:36:55.556	[RPC0]	INFO	wallet.rpc	src/wallet/wallet_rpc_server.h:68	HTTP [127.0.0.1] POST /json_rpc
2026-06-09 02:36:55.556	[RPC0]	INFO	wallet.rpc	src/wallet/wallet_rpc_server.h:72	[127.0.0.1:43048 INC] Calling RPC method get_balance
2026-06-09 02:37:00.771	[RPC0]	INFO	wallet.rpc	src/wallet/wallet_rpc_server.h:68	HTTP [127.0.0.1] POST /json_rpc
2026-06-09 02:37:00.771	[RPC0]	INFO	wallet.rpc	src/wallet/wallet_rpc_server.h:72	[127.0.0.1:47320 INC] Calling RPC method get_balance
2026-06-09 02:37:07.850	[RPC0]	INFO	wallet.wallet2	src/wallet/wallet2.cpp:4316	Refresh done, blocks received: 0, balance (all accounts): 0.00000000000, unlocked: 0.00000000000
2026-06-09 02:37:25.555	[RPC0]	INFO	wallet.rpc	src/wallet/wallet_rpc_server.h:68	HTTP [127.0.0.1] POST /json_rpc
2026-06-09 02:37:25.555	[RPC0]	INFO	wallet.rpc	src/wallet/wallet_rpc_server.h:72	[127.0.0.1:35126 INC] Calling RPC method get_balance
2026-06-09 02:37:27.854	[RPC0]	INFO	wallet.wallet2	src/wallet/wallet2.cpp:4316	Refresh done, blocks received: 0, balance (all accounts): 0.00000000000, unlocked: 0.00000000000
2026-06-09 02:37:47.864	[RPC0]	INFO	wallet.wallet2	src/wallet/wallet2.cpp:4316	Refresh done, blocks received: 0, balance (all accounts): 0.00000000000, unlocked: 0.00000000000
2026-06-09 02:37:52.436	[RPC0]	INFO	wallet.rpc	src/wallet/wallet_rpc_server.h:68	HTTP [127.0.0.1] POST /json_rpc
2026-06-09 02:37:52.436	[RPC0]	INFO	wallet.rpc	src/wallet/wallet_rpc_server.h:72	[127.0.0.1:57446 INC] Calling RPC method get_balance
2026-06-09 02:37:55.549	[RPC0]	INFO	wallet.rpc	src/wallet/wallet_rpc_server.h:68	HTTP [127.0.0.1] POST /json_rpc
2026-06-09 02:37:55.549	[RPC0]	INFO	wallet.rpc	src/wallet/wallet_rpc_server.h:72	[127.0.0.1:57446 INC] Calling RPC method get_balance
2026-06-09 02:38:07.869	[RPC0]	INFO	wallet.wallet2	src/wallet/wallet2.cpp:4316	Refresh done, blocks received: 0, balance (all accounts): 0.00000000000, unlocked: 0.00000000000
2026-06-09 02:38:25.554	[RPC0]	INFO	wallet.rpc	src/wallet/wallet_rpc_server.h:68	HTTP [127.0.0.1] POST /json_rpc
2026-06-09 02:38:25.554	[RPC0]	INFO	wallet.rpc	src/wallet/wallet_rpc_server.h:72	[127.0.0.1:45080 INC] Calling RPC method get_balance
2026-06-09 02:38:27.874	[RPC0]	INFO	wallet.wallet2	src/wallet/wallet2.cpp:4316	Refresh done, blocks received: 0, balance (all accounts): 0.00000000000, unlocked: 0.00000000000
2026-06-09 02:38:47.881	[RPC0]	INFO	wallet.wallet2	src/wallet/wallet2.cpp:4316	Refresh done, blocks received: 0, balance (all accounts): 0.00000000000, unlocked: 0.00000000000
2026-06-09 02:38:55.553	[RPC0]	INFO	wallet.rpc	src/wallet/wallet_rpc_server.h:68	HTTP [127.0.0.1] POST /json_rpc
2026-06-09 02:38:55.553	[RPC0]	INFO	wallet.rpc	src/wallet/wallet_rpc_server.h:72	[127.0.0.1:38330 INC] Calling RPC method get_balance
2026-06-09 02:39:07.888	[RPC0]	INFO	wallet.wallet2	src/wallet/wallet2.cpp:4316	Refresh done, blocks received: 0, balance (all accounts): 0.00000000000, unlocked: 0.00000000000
2026-06-09 02:39:25.555	[RPC0]	INFO	wallet.rpc	src/wallet/wallet_rpc_server.h:68	HTTP [127.0.0.1] POST /json_rpc
2026-06-09 02:39:25.555	[RPC0]	INFO	wallet.rpc	src/wallet/wallet_rpc_server.h:72	[127.0.0.1:33682 INC] Calling RPC method get_balance
2026-06-09 02:39:27.894	[RPC0]	INFO	wallet.wallet2	src/wallet/wallet2.cpp:4316	Refresh done, blocks received: 0, balance (all accounts): 0.00000000000, unlocked: 0.00000000000
2026-06-09 02:39:47.899	[RPC0]	INFO	wallet.wallet2	src/wallet/wallet2.cpp:4316	Refresh done, blocks received: 0, balance (all accounts): 0.00000000000, unlocked: 0.00000000000
2026-06-09 02:39:55.554	[RPC0]	INFO	wallet.rpc	src/wallet/wallet_rpc_server.h:68	HTTP [127.0.0.1] POST /json_rpc
2026-06-09 02:39:55.554	[RPC0]	INFO	wallet.rpc	src/wallet/wallet_rpc_server.h:72	[127.0.0.1:33166 INC] Calling RPC method get_balance
2026-06-09 02:40:07.903	[RPC0]	INFO	wallet.wallet2	src/wallet/wallet2.cpp:4316	Refresh done, blocks received: 0, balance (all accounts): 0.00000000000, unlocked: 0.00000000000
2026-06-09 02:40:25.551	[RPC0]	INFO	wallet.rpc	src/wallet/wallet_rpc_server.h:68	HTTP [127.0.0.1] POST /json_rpc
2026-06-09 02:40:25.551	[RPC0]	INFO	wallet.rpc	src/wallet/wallet_rpc_server.h:72	[127.0.0.1:38266 INC] Calling RPC method get_balance
2026-06-09 02:40:27.906	[RPC0]	INFO	wallet.wallet2	src/wallet/wallet2.cpp:4316	Refresh done, blocks received: 0, balance (all accounts): 0.00000000000, unlocked: 0.00000000000
2026-06-09 02:40:47.910	[RPC0]	INFO	wallet.wallet2	src/wallet/wallet2.cpp:4316	Refresh done, blocks received: 0, balance (all accounts): 0.00000000000, unlocked: 0.00000000000
2026-06-09 02:40:55.553	[RPC0]	INFO	wallet.rpc	src/wallet/wallet_rpc_server.h:68	HTTP [127.0.0.1] POST /json_rpc
2026-06-09 02:40:55.553	[RPC0]	INFO	wallet.rpc	src/wallet/wallet_rpc_server.h:72	[127.0.0.1:50440 INC] Calling RPC method get_balance
2026-06-09 02:41:07.915	[RPC0]	INFO	wallet.wallet2	src/wallet/wallet2.cpp:4316	Refresh done, blocks received: 0, balance (all accounts): 0.00000000000, unlocked: 0.00000000000
2026-06-09 02:41:25.554	[RPC0]	INFO	wallet.rpc	src/wallet/wallet_rpc_server.h:68	HTTP [127.0.0.1] POST /json_rpc
2026-06-09 02:41:25.554	[RPC0]	INFO	wallet.rpc	src/wallet/wallet_rpc_server.h:72	[127.0.0.1:48704 INC] Calling RPC method get_balance
2026-06-09 02:41:27.919	[RPC0]	INFO	wallet.wallet2	src/wallet/wallet2.cpp:4316	Refresh done, blocks received: 0, balance (all accounts): 0.00000000000, unlocked: 0.00000000000
2026-06-09 02:41:47.923	[RPC0]	INFO	wallet.wallet2	src/wallet/wallet2.cpp:4316	Refresh done, blocks received: 0, balance (all accounts): 0.00000000000, unlocked: 0.00000000000
2026-06-09 02:41:55.555	[RPC0]	INFO	wallet.rpc	src/wallet/wallet_rpc_server.h:68	HTTP [127.0.0.1] POST /json_rpc
2026-06-09 02:41:55.555	[RPC0]	INFO	wallet.rpc	src/wallet/wallet_rpc_server.h:72	[127.0.0.1:54828 INC] Calling RPC method get_balance
2026-06-09 02:42:07.927	[RPC0]	INFO	wallet.wallet2	src/wallet/wallet2.cpp:4316	Refresh done, blocks received: 0, balance (all accounts): 0.00000000000, unlocked: 0.00000000000
2026-06-09 02:42:25.553	[RPC0]	INFO	wallet.rpc	src/wallet/wallet_rpc_server.h:68	HTTP [127.0.0.1] POST /json_rpc
2026-06-09 02:42:25.553	[RPC0]	INFO	wallet.rpc	src/wallet/wallet_rpc_server.h:72	[127.0.0.1:37312 INC] Calling RPC method get_balance
2026-06-09 02:42:27.931	[RPC0]	INFO	wallet.wallet2	src/wallet/wallet2.cpp:4316	Refresh done, blocks received: 0, balance (all accounts): 0.00000000000, unlocked: 0.00000000000
2026-06-09 02:42:47.938	[RPC0]	INFO	wallet.wallet2	src/wallet/wallet2.cpp:4316	Refresh done, blocks received: 0, balance (all accounts): 0.00000000000, unlocked: 0.00000000000
2026-06-09 02:42:55.553	[RPC0]	INFO	wallet.rpc	src/wallet/wallet_rpc_server.h:68	HTTP [127.0.0.1] POST /json_rpc
2026-06-09 02:42:55.554	[RPC0]	INFO	wallet.rpc	src/wallet/wallet_rpc_server.h:72	[127.0.0.1:50876 INC] Calling RPC method get_balance
2026-06-09 02:43:07.943	[RPC0]	INFO	wallet.wallet2	src/wallet/wallet2.cpp:4316	Refresh done, blocks received: 0, balance (all accounts): 0.00000000000, unlocked: 0.00000000000
2026-06-09 02:43:25.553	[RPC0]	INFO	wallet.rpc	src/wallet/wallet_rpc_server.h:68	HTTP [127.0.0.1] POST /json_rpc
2026-06-09 02:43:25.554	[RPC0]	INFO	wallet.rpc	src/wallet/wallet_rpc_server.h:72	[127.0.0.1:39086 INC] Calling RPC method get_balance
2026-06-09 02:43:27.947	[RPC0]	INFO	wallet.wallet2	src/wallet/wallet2.cpp:4316	Refresh done, blocks received: 0, balance (all accounts): 0.00000000000, unlocked: 0.00000000000
2026-06-09 02:43:47.951	[RPC0]	INFO	wallet.wallet2	src/wallet/wallet2.cpp:4316	Refresh done, blocks received: 0, balance (all accounts): 0.00000000000, unlocked: 0.00000000000
2026-06-09 02:43:55.554	[RPC0]	INFO	wallet.rpc	src/wallet/wallet_rpc_server.h:68	HTTP [127.0.0.1] POST /json_rpc
2026-06-09 02:43:55.554	[RPC0]	INFO	wallet.rpc	src/wallet/wallet_rpc_server.h:72	[127.0.0.1:40666 INC] Calling RPC method get_balance
2026-06-09 02:44:07.955	[RPC0]	INFO	wallet.wallet2	src/wallet/wallet2.cpp:4316	Refresh done, blocks received: 0, balance (all accounts): 0.00000000000, unlocked: 0.00000000000
2026-06-09 02:44:25.554	[RPC0]	INFO	wallet.rpc	src/wallet/wallet_rpc_server.h:68	HTTP [127.0.0.1] POST /json_rpc
2026-06-09 02:44:25.554	[RPC0]	INFO	wallet.rpc	src/wallet/wallet_rpc_server.h:72	[127.0.0.1:56854 INC] Calling RPC method get_balance
2026-06-09 02:44:27.959	[RPC0]	INFO	wallet.wallet2	src/wallet/wallet2.cpp:4316	Refresh done, blocks received: 0, balance (all accounts): 0.00000000000, unlocked: 0.00000000000
2026-06-09 02:44:44.830	[RPC0]	INFO	wallet.rpc	src/wallet/wallet_rpc_server.h:68	HTTP [127.0.0.1] POST /json_rpc
2026-06-09 02:44:44.830	[RPC0]	INFO	wallet.rpc	src/wallet/wallet_rpc_server.h:72	[127.0.0.1:52780 INC] Calling RPC method get_balance
2026-06-09 02:44:47.963	[RPC0]	INFO	wallet.wallet2	src/wallet/wallet2.cpp:4316	Refresh done, blocks received: 0, balance (all accounts): 0.00000000000, unlocked: 0.00000000000
2026-06-09 02:44:55.554	[RPC0]	INFO	wallet.rpc	src/wallet/wallet_rpc_server.h:68	HTTP [127.0.0.1] POST /json_rpc
2026-06-09 02:44:55.554	[RPC0]	INFO	wallet.rpc	src/wallet/wallet_rpc_server.h:72	[127.0.0.1:52614 INC] Calling RPC method get_balance
2026-06-09 02:45:07.969	[RPC0]	INFO	wallet.wallet2	src/wallet/wallet2.cpp:4316	Refresh done, blocks received: 0, balance (all accounts): 0.00000000000, unlocked: 0.00000000000
2026-06-09 02:45:25.553	[RPC0]	INFO	wallet.rpc	src/wallet/wallet_rpc_server.h:68	HTTP [127.0.0.1] POST /json_rpc
2026-06-09 02:45:25.553	[RPC0]	INFO	wallet.rpc	src/wallet/wallet_rpc_server.h:72	[127.0.0.1:37650 INC] Calling RPC method get_balance
2026-06-09 02:45:27.975	[RPC0]	INFO	wallet.wallet2	src/wallet/wallet2.cpp:4316	Refresh done, blocks received: 0, balance (all accounts): 0.00000000000, unlocked: 0.00000000000
2026-06-09 02:45:47.981	[RPC0]	INFO	wallet.wallet2	src/wallet/wallet2.cpp:4316	Refresh done, blocks received: 0, balance (all accounts): 0.00000000000, unlocked: 0.00000000000
2026-06-09 02:45:55.556	[RPC0]	INFO	wallet.rpc	src/wallet/wallet_rpc_server.h:68	HTTP [127.0.0.1] POST /json_rpc
2026-06-09 02:45:55.557	[RPC0]	INFO	wallet.rpc	src/wallet/wallet_rpc_server.h:72	[127.0.0.1:36254 INC] Calling RPC method get_balance
2026-06-09 02:46:07.987	[RPC0]	INFO	wallet.wallet2	src/wallet/wallet2.cpp:4316	Refresh done, blocks received: 0, balance (all accounts): 0.00000000000, unlocked: 0.00000000000
2026-06-09 02:46:25.554	[RPC0]	INFO	wallet.rpc	src/wallet/wallet_rpc_server.h:68	HTTP [127.0.0.1] POST /json_rpc
2026-06-09 02:46:25.554	[RPC0]	INFO	wallet.rpc	src/wallet/wallet_rpc_server.h:72	[127.0.0.1:42622 INC] Calling RPC method get_balance
2026-06-09 02:46:27.991	[RPC0]	INFO	wallet.wallet2	src/wallet/wallet2.cpp:4316	Refresh done, blocks received: 0, balance (all accounts): 0.00000000000, unlocked: 0.00000000000
2026-06-09 02:46:47.998	[RPC0]	INFO	wallet.wallet2	src/wallet/wallet2.cpp:4316	Refresh done, blocks received: 0, balance (all accounts): 0.00000000000, unlocked: 0.00000000000
2026-06-09 02:46:55.554	[RPC0]	INFO	wallet.rpc	src/wallet/wallet_rpc_server.h:68	HTTP [127.0.0.1] POST /json_rpc
2026-06-09 02:46:55.554	[RPC0]	INFO	wallet.rpc	src/wallet/wallet_rpc_server.h:72	[127.0.0.1:43788 INC] Calling RPC method get_balance
2026-06-09 02:47:08.004	[RPC0]	INFO	wallet.wallet2	src/wallet/wallet2.cpp:4316	Refresh done, blocks received: 0, balance (all accounts): 0.00000000000, unlocked: 0.00000000000
2026-06-09 02:47:25.553	[RPC0]	INFO	wallet.rpc	src/wallet/wallet_rpc_server.h:68	HTTP [127.0.0.1] POST /json_rpc
2026-06-09 02:47:25.553	[RPC0]	INFO	wallet.rpc	src/wallet/wallet_rpc_server.h:72	[127.0.0.1:36890 INC] Calling RPC method get_balance
2026-06-09 02:47:28.011	[RPC0]	INFO	wallet.wallet2	src/wallet/wallet2.cpp:4316	Refresh done, blocks received: 0, balance (all accounts): 0.00000000000, unlocked: 0.00000000000
2026-06-09 02:47:48.019	[RPC0]	INFO	wallet.wallet2	src/wallet/wallet2.cpp:4316	Refresh done, blocks received: 0, balance (all accounts): 0.00000000000, unlocked: 0.00000000000
2026-06-09 02:47:55.550	[RPC0]	INFO	wallet.rpc	src/wallet/wallet_rpc_server.h:68	HTTP [127.0.0.1] POST /json_rpc
2026-06-09 02:47:55.550	[RPC0]	INFO	wallet.rpc	src/wallet/wallet_rpc_server.h:72	[127.0.0.1:45178 INC] Calling RPC method get_balance
2026-06-09 02:48:04.227	[RPC0]	INFO	wallet.rpc	src/wallet/wallet_rpc_server.h:68	HTTP [127.0.0.1] POST /json_rpc
2026-06-09 02:48:04.227	[RPC0]	INFO	wallet.rpc	src/wallet/wallet_rpc_server.h:72	[127.0.0.1:37388 INC] Calling RPC method get_balance
2026-06-09 02:48:08.026	[RPC0]	INFO	wallet.wallet2	src/wallet/wallet2.cpp:4316	Refresh done, blocks received: 0, balance (all accounts): 0.00000000000, unlocked: 0.00000000000
2026-06-09 02:48:25.553	[RPC0]	INFO	wallet.rpc	src/wallet/wallet_rpc_server.h:68	HTTP [127.0.0.1] POST /json_rpc
2026-06-09 02:48:25.553	[RPC0]	INFO	wallet.rpc	src/wallet/wallet_rpc_server.h:72	[127.0.0.1:55782 INC] Calling RPC method get_balance
2026-06-09 02:48:28.037	[RPC0]	INFO	wallet.wallet2	src/wallet/wallet2.cpp:4316	Refresh done, blocks received: 0, balance (all accounts): 0.00000000000, unlocked: 0.00000000000
2026-06-09 02:48:48.045	[RPC0]	INFO	wallet.wallet2	src/wallet/wallet2.cpp:4316	Refresh done, blocks received: 0, balance (all accounts): 0.00000000000, unlocked: 0.00000000000
2026-06-09 02:48:55.552	[RPC0]	INFO	wallet.rpc	src/wallet/wallet_rpc_server.h:68	HTTP [127.0.0.1] POST /json_rpc
2026-06-09 02:48:55.552	[RPC0]	INFO	wallet.rpc	src/wallet/wallet_rpc_server.h:72	[127.0.0.1:57868 INC] Calling RPC method get_balance
2026-06-09 02:49:08.050	[RPC0]	INFO	wallet.wallet2	src/wallet/wallet2.cpp:4316	Refresh done, blocks received: 0, balance (all accounts): 0.00000000000, unlocked: 0.00000000000
2026-06-09 02:49:25.559	[RPC0]	INFO	wallet.rpc	src/wallet/wallet_rpc_server.h:68	HTTP [127.0.0.1] POST /json_rpc
2026-06-09 02:49:25.559	[RPC0]	INFO	wallet.rpc	src/wallet/wallet_rpc_server.h:72	[127.0.0.1:33612 INC] Calling RPC method get_balance
2026-06-09 02:49:28.058	[RPC0]	INFO	wallet.wallet2	src/wallet/wallet2.cpp:4316	Refresh done, blocks received: 0, balance (all accounts): 0.00000000000, unlocked: 0.00000000000
2026-06-09 02:49:48.068	[RPC0]	INFO	wallet.wallet2	src/wallet/wallet2.cpp:4316	Refresh done, blocks received: 0, balance (all accounts): 0.00000000000, unlocked: 0.00000000000
2026-06-09 02:49:55.554	[RPC0]	INFO	wallet.rpc	src/wallet/wallet_rpc_server.h:68	HTTP [127.0.0.1] POST /json_rpc
2026-06-09 02:49:55.554	[RPC0]	INFO	wallet.rpc	src/wallet/wallet_rpc_server.h:72	[127.0.0.1:47898 INC] Calling RPC method get_balance
2026-06-09 02:50:08.072	[RPC0]	INFO	wallet.wallet2	src/wallet/wallet2.cpp:4316	Refresh done, blocks received: 0, balance (all accounts): 0.00000000000, unlocked: 0.00000000000
2026-06-09 02:50:25.553	[RPC0]	INFO	wallet.rpc	src/wallet/wallet_rpc_server.h:68	HTTP [127.0.0.1] POST /json_rpc
2026-06-09 02:50:25.553	[RPC0]	INFO	wallet.rpc	src/wallet/wallet_rpc_server.h:72	[127.0.0.1:57696 INC] Calling RPC method get_balance
2026-06-09 02:50:28.082	[RPC0]	INFO	wallet.wallet2	src/wallet/wallet2.cpp:4316	Refresh done, blocks received: 0, balance (all accounts): 0.00000000000, unlocked: 0.00000000000
2026-06-09 02:50:48.093	[RPC0]	INFO	wallet.wallet2	src/wallet/wallet2.cpp:4316	Refresh done, blocks received: 0, balance (all accounts): 0.00000000000, unlocked: 0.00000000000
2026-06-09 02:50:55.554	[RPC0]	INFO	wallet.rpc	src/wallet/wallet_rpc_server.h:68	HTTP [127.0.0.1] POST /json_rpc
2026-06-09 02:50:55.555	[RPC0]	INFO	wallet.rpc	src/wallet/wallet_rpc_server.h:72	[127.0.0.1:58364 INC] Calling RPC method get_balance
2026-06-09 02:51:08.097	[RPC0]	INFO	wallet.wallet2	src/wallet/wallet2.cpp:4316	Refresh done, blocks received: 0, balance (all accounts): 0.00000000000, unlocked: 0.00000000000
2026-06-09 02:51:25.555	[RPC0]	INFO	wallet.rpc	src/wallet/wallet_rpc_server.h:68	HTTP [127.0.0.1] POST /json_rpc
2026-06-09 02:51:25.555	[RPC0]	INFO	wallet.rpc	src/wallet/wallet_rpc_server.h:72	[127.0.0.1:39848 INC] Calling RPC method get_balance
2026-06-09 02:51:28.103	[RPC0]	INFO	wallet.wallet2	src/wallet/wallet2.cpp:4316	Refresh done, blocks received: 0, balance (all accounts): 0.00000000000, unlocked: 0.00000000000
2026-06-09 02:51:48.110	[RPC0]	INFO	wallet.wallet2	src/wallet/wallet2.cpp:4316	Refresh done, blocks received: 0, balance (all accounts): 0.00000000000, unlocked: 0.00000000000
2026-06-09 02:51:55.552	[RPC0]	INFO	wallet.rpc	src/wallet/wallet_rpc_server.h:68	HTTP [127.0.0.1] POST /json_rpc
2026-06-09 02:51:55.552	[RPC0]	INFO	wallet.rpc	src/wallet/wallet_rpc_server.h:72	[127.0.0.1:38582 INC] Calling RPC method get_balance
2026-06-09 02:52:08.114	[RPC0]	INFO	wallet.wallet2	src/wallet/wallet2.cpp:4316	Refresh done, blocks received: 0, balance (all accounts): 0.00000000000, unlocked: 0.00000000000
2026-06-09 02:52:25.552	[RPC0]	INFO	wallet.rpc	src/wallet/wallet_rpc_server.h:68	HTTP [127.0.0.1] POST /json_rpc
2026-06-09 02:52:25.552	[RPC0]	INFO	wallet.rpc	src/wallet/wallet_rpc_server.h:72	[127.0.0.1:57366 INC] Calling RPC method get_balance
2026-06-09 02:52:28.119	[RPC0]	INFO	wallet.wallet2	src/wallet/wallet2.cpp:4316	Refresh done, blocks received: 0, balance (all accounts): 0.00000000000, unlocked: 0.00000000000
2026-06-09 02:52:48.126	[RPC0]	INFO	wallet.wallet2	src/wallet/wallet2.cpp:4316	Refresh done, blocks received: 0, balance (all accounts): 0.00000000000, unlocked: 0.00000000000
2026-06-09 02:52:55.553	[RPC0]	INFO	wallet.rpc	src/wallet/wallet_rpc_server.h:68	HTTP [127.0.0.1] POST /json_rpc
2026-06-09 02:52:55.553	[RPC0]	INFO	wallet.rpc	src/wallet/wallet_rpc_server.h:72	[127.0.0.1:51512 INC] Calling RPC method get_balance
2026-06-09 02:53:08.132	[RPC0]	INFO	wallet.wallet2	src/wallet/wallet2.cpp:4316	Refresh done, blocks received: 0, balance (all accounts): 0.00000000000, unlocked: 0.00000000000
2026-06-09 02:53:25.554	[RPC0]	INFO	wallet.rpc	src/wallet/wallet_rpc_server.h:68	HTTP [127.0.0.1] POST /json_rpc
2026-06-09 02:53:25.554	[RPC0]	INFO	wallet.rpc	src/wallet/wallet_rpc_server.h:72	[127.0.0.1:48178 INC] Calling RPC method get_balance
2026-06-09 02:53:28.138	[RPC0]	INFO	wallet.wallet2	src/wallet/wallet2.cpp:4316	Refresh done, blocks received: 0, balance (all accounts): 0.00000000000, unlocked: 0.00000000000
2026-06-09 02:53:48.142	[RPC0]	INFO	wallet.wallet2	src/wallet/wallet2.cpp:4316	Refresh done, blocks received: 0, balance (all accounts): 0.00000000000, unlocked: 0.00000000000
2026-06-09 02:53:55.554	[RPC0]	INFO	wallet.rpc	src/wallet/wallet_rpc_server.h:68	HTTP [127.0.0.1] POST /json_rpc
2026-06-09 02:53:55.554	[RPC0]	INFO	wallet.rpc	src/wallet/wallet_rpc_server.h:72	[127.0.0.1:41702 INC] Calling RPC method get_balance
2026-06-09 02:54:08.148	[RPC0]	INFO	wallet.wallet2	src/wallet/wallet2.cpp:4316	Refresh done, blocks received: 0, balance (all accounts): 0.00000000000, unlocked: 0.00000000000
2026-06-09 02:54:21.799	[SRV_MAIN]	INFO	net.http	contrib/epee/include/net/http_server_impl_base.h:118	net_service loop stopped.
2026-06-09 02:54:21.800	[SRV_MAIN]	WARNING	wallet.rpc	src/wallet/wallet_rpc_server.cpp:4996	Stopped wallet RPC server
2026-06-09 02:54:21.800	[SRV_MAIN]	WARNING	wallet.rpc	src/wallet/wallet_rpc_server.cpp:4999	Saving wallet...
2026-06-09 02:54:21.813	[SRV_MAIN]	WARNING	wallet.rpc	src/wallet/wallet_rpc_server.cpp:5001	Successfully saved
2026-06-09 02:54:26.538	    7ffed4156c40	INFO	logging	contrib/epee/src/mlog.cpp:274	New log categories: *:WARNING,net:FATAL,net.http:FATAL,net.ssl:FATAL,net.p2p:FATAL,net.cn:FATAL,daemon.rpc:FATAL,global:INFO,verify:FATAL,serialization:FATAL,daemon.rpc.payment:ERROR,stacktrace:INFO,logging:INFO,msgwriter:INFO
2026-06-09 02:54:26.538	    7ffed4156c40	INFO	logging	contrib/epee/src/mlog.cpp:274	New log categories: *:INFO,global:INFO,stacktrace:INFO,logging:INFO,msgwriter:INFO,perf.*:DEBUG
2026-06-09 02:54:26.539	    7ffed4156c40	INFO	msgwriter	src/common/scoped_message_writer.h:102	This is the RPC CryLo Chain wallet. It needs to connect to a CryLo Chain
2026-06-09 02:54:26.539	    7ffed4156c40	INFO	msgwriter	src/common/scoped_message_writer.h:102	daemon to work correctly.
2026-06-09 02:54:26.539	    7ffed4156c40	INFO	msgwriter	src/common/scoped_message_writer.h:102	CryLo Chain 'Testnet' (v1.0.0-0e4839628)
2026-06-09 02:54:26.539	    7ffed4156c40	INFO	wallet.wallet2	src/wallet/wallet_args.cpp:215	Setting log level = 1
2026-06-09 02:54:26.539	    7ffed4156c40	INFO	wallet.wallet2	src/wallet/wallet_args.cpp:221	Logging to: /home/heff/CryLo/electron/bin/linux/CryLo-wallet-rpc.log
2026-06-09 02:54:26.539	    7ffed4156c40	INFO	msgwriter	src/common/scoped_message_writer.h:102	Logging to /home/heff/CryLo/electron/bin/linux/CryLo-wallet-rpc.log
2026-06-09 02:54:26.544	    7ffed4156c40	INFO	net	contrib/epee/include/net/abstract_tcp_server2.inl:1390	Set server type to: 1 from name: RPC, prefix_name = RPC
2026-06-09 02:54:26.544	    7ffed4156c40	INFO	global	contrib/epee/include/net/http_server_impl_base.h:94	Binding on 127.0.0.1 (IPv4):22643
2026-06-09 02:54:26.618	    7ffed4156c40	INFO	net.ssl	contrib/epee/src/net_ssl.cpp:145	Generating SSL certificate
2026-06-09 02:54:29.424	    7ffed4156c40	WARNING	wallet.rpc	src/wallet/wallet_rpc_server.cpp:4986	Starting wallet RPC server
2026-06-09 02:54:29.424	    7ffed4156c40	INFO	net.http	contrib/epee/include/net/http_server_impl_base.h:111	Run net_service loop( 1 threads)...
2026-06-09 02:54:29.498	[RPC0]	INFO	wallet.rpc	src/wallet/wallet_rpc_server.h:68	HTTP [127.0.0.1] POST /json_rpc
2026-06-09 02:54:29.498	[RPC0]	INFO	wallet.rpc	src/wallet/wallet_rpc_server.h:143	[127.0.0.1:34840 INC] Calling RPC method get_languages
2026-06-09 02:54:29.507	[RPC0]	INFO	default	src/mnemonics/language_base.h:132	Español word 'asa' is shorter than its prefix length, 4
2026-06-09 02:54:29.507	[RPC0]	INFO	default	src/mnemonics/language_base.h:132	Español word 'ave' is shorter than its prefix length, 4
2026-06-09 02:54:29.507	[RPC0]	INFO	default	src/mnemonics/language_base.h:132	Español word 'boa' is shorter than its prefix length, 4
2026-06-09 02:54:29.507	[RPC0]	INFO	default	src/mnemonics/language_base.h:132	Español word 'cal' is shorter than its prefix length, 4
2026-06-09 02:54:29.508	[RPC0]	INFO	default	src/mnemonics/language_base.h:132	Español word 'dar' is shorter than its prefix length, 4
2026-06-09 02:54:29.508	[RPC0]	INFO	default	src/mnemonics/language_base.h:132	Español word 'don' is shorter than its prefix length, 4
2026-06-09 02:54:29.508	[RPC0]	INFO	default	src/mnemonics/language_base.h:132	Español word 'dos' is shorter than its prefix length, 4
2026-06-09 02:54:29.508	[RPC0]	INFO	default	src/mnemonics/language_base.h:132	Español word 'eco' is shorter than its prefix length, 4
2026-06-09 02:54:29.508	[RPC0]	INFO	default	src/mnemonics/language_base.h:132	Español word 'eje' is shorter than its prefix length, 4
2026-06-09 02:54:29.508	[RPC0]	INFO	default	src/mnemonics/language_base.h:132	Español word 'fax' is shorter than its prefix length, 4
2026-06-09 02:54:29.508	[RPC0]	INFO	default	src/mnemonics/language_base.h:132	Español word 'feo' is shorter than its prefix length, 4
2026-06-09 02:54:29.508	[RPC0]	INFO	default	src/mnemonics/language_base.h:132	Español word 'fin' is shorter than its prefix length, 4
2026-06-09 02:54:29.508	[RPC0]	INFO	default	src/mnemonics/language_base.h:132	Español word 'gen' is shorter than its prefix length, 4
2026-06-09 02:54:29.508	[RPC0]	INFO	default	src/mnemonics/language_base.h:132	Español word 'gol' is shorter than its prefix length, 4
2026-06-09 02:54:29.509	[RPC0]	INFO	default	src/mnemonics/language_base.h:132	Español word 'haz' is shorter than its prefix length, 4
2026-06-09 02:54:29.509	[RPC0]	INFO	default	src/mnemonics/language_base.h:132	Español word 'ira' is shorter than its prefix length, 4
2026-06-09 02:54:29.509	[RPC0]	INFO	default	src/mnemonics/language_base.h:132	Español word 'luz' is shorter than its prefix length, 4
2026-06-09 02:54:29.509	[RPC0]	INFO	default	src/mnemonics/language_base.h:132	Español word 'mar' is shorter than its prefix length, 4
2026-06-09 02:54:29.510	[RPC0]	INFO	default	src/mnemonics/language_base.h:132	Español word 'mes' is shorter than its prefix length, 4
2026-06-09 02:54:29.510	[RPC0]	INFO	default	src/mnemonics/language_base.h:132	Español word 'mil' is shorter than its prefix length, 4
2026-06-09 02:54:29.510	[RPC0]	INFO	default	src/mnemonics/language_base.h:132	Español word 'oca' is shorter than its prefix length, 4
2026-06-09 02:54:29.510	[RPC0]	INFO	default	src/mnemonics/language_base.h:132	Español word 'ojo' is shorter than its prefix length, 4
2026-06-09 02:54:29.510	[RPC0]	INFO	default	src/mnemonics/language_base.h:132	Español word 'ola' is shorter than its prefix length, 4
2026-06-09 02:54:29.510	[RPC0]	INFO	default	src/mnemonics/language_base.h:132	Español word 'oro' is shorter than its prefix length, 4
2026-06-09 02:54:29.510	[RPC0]	INFO	default	src/mnemonics/language_base.h:132	Español word 'oso' is shorter than its prefix length, 4
2026-06-09 02:54:29.510	[RPC0]	INFO	default	src/mnemonics/language_base.h:132	Español word 'pan' is shorter than its prefix length, 4
2026-06-09 02:54:29.510	[RPC0]	INFO	default	src/mnemonics/language_base.h:132	Español word 'pez' is shorter than its prefix length, 4
2026-06-09 02:54:29.510	[RPC0]	INFO	default	src/mnemonics/language_base.h:132	Español word 'pie' is shorter than its prefix length, 4
2026-06-09 02:54:29.511	[RPC0]	INFO	default	src/mnemonics/language_base.h:132	Español word 'red' is shorter than its prefix length, 4
2026-06-09 02:54:29.511	[RPC0]	INFO	default	src/mnemonics/language_base.h:132	Español word 'res' is shorter than its prefix length, 4
2026-06-09 02:54:29.511	[RPC0]	INFO	default	src/mnemonics/language_base.h:132	Español word 'rey' is shorter than its prefix length, 4
2026-06-09 02:54:37.905	[RPC0]	INFO	wallet.rpc	src/wallet/wallet_rpc_server.h:68	HTTP [127.0.0.1] POST /json_rpc
2026-06-09 02:54:37.905	[RPC0]	INFO	wallet.rpc	src/wallet/wallet_rpc_server.h:146	[127.0.0.1:38066 INC] Calling RPC method close_wallet
2026-06-09 02:54:37.908	[RPC0]	INFO	wallet.rpc	src/wallet/wallet_rpc_server.h:68	HTTP [127.0.0.1] POST /json_rpc
2026-06-09 02:54:37.908	[RPC0]	INFO	wallet.rpc	src/wallet/wallet_rpc_server.h:145	[127.0.0.1:38066 INC] Calling RPC method open_wallet
2026-06-09 02:54:37.908	[RPC0]	INFO	net	contrib/epee/src/net_parse_helpers.cpp:144	[PARSE URI] regex not matched for uri: ^(([^:]*?)://)?(\[(.*)\](:(\d+))?)(.*)?
2026-06-09 02:54:37.908	[RPC0]	INFO	wallet.wallet2	src/wallet/wallet2.cpp:458	Daemon is local, assuming trusted
2026-06-09 02:54:37.910	[RPC0]	INFO	wallet.wallet2	src/wallet/wallet2.cpp:1428	setting daemon to 127.0.0.1:22641
2026-06-09 02:54:37.910	[RPC0]	INFO	net	contrib/epee/src/net_parse_helpers.cpp:144	[PARSE URI] regex not matched for uri: ^(([^:]*?)://)?(\[(.*)\](:(\d+))?)(.*)?
2026-06-09 02:54:37.978	[RPC0]	INFO	net.ssl	contrib/epee/src/net_ssl.cpp:145	Generating SSL certificate
2026-06-09 02:54:44.404	[RPC0]	INFO	wallet.wallet2	src/wallet/wallet2.cpp:8795	ringdb path set to /home/heff/.wow-shared-ringdb/testnet
2026-06-09 02:54:44.404	[RPC0]	INFO	randomx	contrib/epee/src/mlog.cpp:517	RandomX new secondary seed hash is 0000000000000000000000000000000000000000000000000000000000000000
2026-06-09 02:54:44.405	[RPC0]	INFO	stacktrace	src/common/stack_trace.cpp:134	Exception: std::bad_alloc
2026-06-09 02:54:44.405	[RPC0]	INFO	stacktrace	src/common/stack_trace.cpp:135	Unwound call stack:
2026-06-09 02:54:44.406	[RPC0]	INFO	stacktrace	src/common/stack_trace.cpp:173	    [1]  0xcc) [0x55559642b294]:__cxa_throw+0xcc) [0x55559642b294]
2026-06-09 02:54:44.406	[RPC0]	INFO	stacktrace	src/common/stack_trace.cpp:173	    [2] /home/heff/CryLo/electron/bin/linux/CryLo-wallet-rpc(+0x6bcd24) [0x5555969dcd24] 
2026-06-09 02:54:44.406	[RPC0]	INFO	stacktrace	src/common/stack_trace.cpp:173	    [3] /home/heff/CryLo/electron/bin/linux/CryLo-wallet-rpc(+0x6b27f0) [0x5555969d27f0] 
2026-06-09 02:54:44.406	[RPC0]	INFO	stacktrace	src/common/stack_trace.cpp:173	    [4] /home/heff/CryLo/electron/bin/linux/CryLo-wallet-rpc(+0x4d681c) [0x5555967f681c] 
2026-06-09 02:54:44.406	[RPC0]	INFO	stacktrace	src/common/stack_trace.cpp:173	    [5] /home/heff/CryLo/electron/bin/linux/CryLo-wallet-rpc(+0x4d76d4) [0x5555967f76d4] 
2026-06-09 02:54:44.406	[RPC0]	INFO	stacktrace	src/common/stack_trace.cpp:173	    [6] /home/heff/CryLo/electron/bin/linux/CryLo-wallet-rpc(+0x445918) [0x555596765918] 
2026-06-09 02:54:44.406	[RPC0]	INFO	stacktrace	src/common/stack_trace.cpp:173	    [7] /home/heff/CryLo/electron/bin/linux/CryLo-wallet-rpc(+0x445aac) [0x555596765aac] 
2026-06-09 02:54:44.406	[RPC0]	INFO	stacktrace	src/common/stack_trace.cpp:173	    [8] /home/heff/CryLo/electron/bin/linux/CryLo-wallet-rpc(+0x5bc9e8) [0x5555968dc9e8] 
2026-06-09 02:54:44.406	[RPC0]	INFO	stacktrace	src/common/stack_trace.cpp:173	    [9] /home/heff/CryLo/electron/bin/linux/CryLo-wallet-rpc(+0x44a038) [0x55559676a038] 
2026-06-09 02:54:44.406	[RPC0]	INFO	stacktrace	src/common/stack_trace.cpp:173	    [10] /home/heff/CryLo/electron/bin/linux/CryLo-wallet-rpc(+0x2aa53c) [0x5555965ca53c] 
2026-06-09 02:54:44.406	[RPC0]	INFO	stacktrace	src/common/stack_trace.cpp:173	    [11] /home/heff/CryLo/electron/bin/linux/CryLo-wallet-rpc(+0x2afc50) [0x5555965cfc50] 
2026-06-09 02:54:44.406	[RPC0]	INFO	stacktrace	src/common/stack_trace.cpp:173	    [12] /home/heff/CryLo/electron/bin/linux/CryLo-wallet-rpc(+0x3028f0) [0x5555966228f0] 
2026-06-09 02:54:44.406	[RPC0]	INFO	stacktrace	src/common/stack_trace.cpp:173	    [13] /home/heff/CryLo/electron/bin/linux/CryLo-wallet-rpc(+0x155ce4) [0x555596475ce4] 
2026-06-09 02:54:44.406	[RPC0]	INFO	stacktrace	src/common/stack_trace.cpp:173	    [14] /home/heff/CryLo/electron/bin/linux/CryLo-wallet-rpc(+0x2388a8) [0x5555965588a8] 
2026-06-09 02:54:44.406	[RPC0]	INFO	stacktrace	src/common/stack_trace.cpp:173	    [15] /home/heff/CryLo/electron/bin/linux/CryLo-wallet-rpc(+0x24eab4) [0x55559656eab4] 
2026-06-09 02:54:44.406	[RPC0]	INFO	stacktrace	src/common/stack_trace.cpp:173	    [16] /home/heff/CryLo/electron/bin/linux/CryLo-wallet-rpc(+0x19c26c) [0x5555964bc26c] 
2026-06-09 02:54:44.407	[RPC0]	INFO	stacktrace	src/common/stack_trace.cpp:173	    [17] /home/heff/CryLo/electron/bin/linux/CryLo-wallet-rpc(+0x2517c0) [0x5555965717c0] 
2026-06-09 02:54:44.407	[RPC0]	INFO	stacktrace	src/common/stack_trace.cpp:173	    [18] /home/heff/CryLo/electron/bin/linux/CryLo-wallet-rpc(+0x252690) [0x555596572690] 
2026-06-09 02:54:44.407	[RPC0]	INFO	stacktrace	src/common/stack_trace.cpp:173	    [19] /home/heff/CryLo/electron/bin/linux/CryLo-wallet-rpc(+0x253388) [0x555596573388] 
2026-06-09 02:54:44.407	[RPC0]	INFO	stacktrace	src/common/stack_trace.cpp:173	    [20] /home/heff/CryLo/electron/bin/linux/CryLo-wallet-rpc(+0x253478) [0x555596573478] 
2026-06-09 02:54:44.407	[RPC0]	INFO	stacktrace	src/common/stack_trace.cpp:173	    [21] /home/heff/CryLo/electron/bin/linux/CryLo-wallet-rpc(+0x1877b4) [0x5555964a77b4] 
2026-06-09 02:54:44.407	[RPC0]	INFO	stacktrace	src/common/stack_trace.cpp:173	    [22] /home/heff/CryLo/electron/bin/linux/CryLo-wallet-rpc(+0x18847c) [0x5555964a847c] 
2026-06-09 02:54:44.407	[RPC0]	INFO	stacktrace	src/common/stack_trace.cpp:173	    [23] /home/heff/CryLo/electron/bin/linux/CryLo-wallet-rpc(+0x135ab4) [0x555596455ab4] 
2026-06-09 02:54:44.407	[RPC0]	INFO	stacktrace	src/common/stack_trace.cpp:173	    [24] /home/heff/CryLo/electron/bin/linux/CryLo-wallet-rpc(+0x1a4080) [0x5555964c4080] 
2026-06-09 02:54:44.407	[RPC0]	INFO	stacktrace	src/common/stack_trace.cpp:173	    [25]  0xa6e8) [0x7ffed403a6e8]:_thread.so.1.74.0(+0xa6e8) [0x7ffed403a6e8]
2026-06-09 02:54:44.407	[RPC0]	INFO	stacktrace	src/common/stack_trace.cpp:173	    [26] /lib/aarch64-linux-gnu/libc.so.6(+0x82030) [0x7ffed32f2030] 
2026-06-09 02:54:44.407	[RPC0]	INFO	stacktrace	src/common/stack_trace.cpp:173	    [27] /lib/aarch64-linux-gnu/libc.so.6(+0xebf1c) [0x7ffed335bf1c] 
2026-06-09 02:54:44.407	[RPC0]	INFO	stacktrace	src/common/stack_trace.cpp:173	
2026-06-09 02:54:45.372	[RPC0]	INFO	randomx	contrib/epee/src/mlog.cpp:517	RandomX secondary cache updated
2026-06-09 02:54:45.372	[RPC0]	INFO	stacktrace	src/common/stack_trace.cpp:134	Exception: std::bad_alloc
2026-06-09 02:54:45.372	[RPC0]	INFO	stacktrace	src/common/stack_trace.cpp:135	Unwound call stack:
2026-06-09 02:54:45.372	[RPC0]	INFO	stacktrace	src/common/stack_trace.cpp:173	    [1]  0xcc) [0x55559642b294]:__cxa_throw+0xcc) [0x55559642b294]
2026-06-09 02:54:45.372	[RPC0]	INFO	stacktrace	src/common/stack_trace.cpp:173	    [2] /home/heff/CryLo/electron/bin/linux/CryLo-wallet-rpc(+0x6bcd24) [0x5555969dcd24] 
2026-06-09 02:54:45.372	[RPC0]	INFO	stacktrace	src/common/stack_trace.cpp:173	    [3] /home/heff/CryLo/electron/bin/linux/CryLo-wallet-rpc(+0x6b5bac) [0x5555969d5bac] 
2026-06-09 02:54:45.372	[RPC0]	INFO	stacktrace	src/common/stack_trace.cpp:173	    [4] /home/heff/CryLo/electron/bin/linux/CryLo-wallet-rpc(+0x6b2b10) [0x5555969d2b10] 
2026-06-09 02:54:45.372	[RPC0]	INFO	stacktrace	src/common/stack_trace.cpp:173	    [5] /home/heff/CryLo/electron/bin/linux/CryLo-wallet-rpc(+0x4d65c8) [0x5555967f65c8] 
2026-06-09 02:54:45.372	[RPC0]	INFO	stacktrace	src/common/stack_trace.cpp:173	    [6] /home/heff/CryLo/electron/bin/linux/CryLo-wallet-rpc(+0x4d740c) [0x5555967f740c] 
2026-06-09 02:54:45.372	[RPC0]	INFO	stacktrace	src/common/stack_trace.cpp:173	    [7] /home/heff/CryLo/electron/bin/linux/CryLo-wallet-rpc(+0x445918) [0x555596765918] 
2026-06-09 02:54:45.372	[RPC0]	INFO	stacktrace	src/common/stack_trace.cpp:173	    [8] /home/heff/CryLo/electron/bin/linux/CryLo-wallet-rpc(+0x445aac) [0x555596765aac] 
2026-06-09 02:54:45.372	[RPC0]	INFO	stacktrace	src/common/stack_trace.cpp:173	    [9] /home/heff/CryLo/electron/bin/linux/CryLo-wallet-rpc(+0x5bc9e8) [0x5555968dc9e8] 
2026-06-09 02:54:45.372	[RPC0]	INFO	stacktrace	src/common/stack_trace.cpp:173	    [10] /home/heff/CryLo/electron/bin/linux/CryLo-wallet-rpc(+0x44a038) [0x55559676a038] 
2026-06-09 02:54:45.372	[RPC0]	INFO	stacktrace	src/common/stack_trace.cpp:173	    [11] /home/heff/CryLo/electron/bin/linux/CryLo-wallet-rpc(+0x2aa53c) [0x5555965ca53c] 
2026-06-09 02:54:45.372	[RPC0]	INFO	stacktrace	src/common/stack_trace.cpp:173	    [12] /home/heff/CryLo/electron/bin/linux/CryLo-wallet-rpc(+0x2afc50) [0x5555965cfc50] 
2026-06-09 02:54:45.372	[RPC0]	INFO	stacktrace	src/common/stack_trace.cpp:173	    [13] /home/heff/CryLo/electron/bin/linux/CryLo-wallet-rpc(+0x3028f0) [0x5555966228f0] 
2026-06-09 02:54:45.372	[RPC0]	INFO	stacktrace	src/common/stack_trace.cpp:173	    [14] /home/heff/CryLo/electron/bin/linux/CryLo-wallet-rpc(+0x155ce4) [0x555596475ce4] 
2026-06-09 02:54:45.372	[RPC0]	INFO	stacktrace	src/common/stack_trace.cpp:173	    [15] /home/heff/CryLo/electron/bin/linux/CryLo-wallet-rpc(+0x2388a8) [0x5555965588a8] 
2026-06-09 02:54:45.372	[RPC0]	INFO	stacktrace	src/common/stack_trace.cpp:173	    [16] /home/heff/CryLo/electron/bin/linux/CryLo-wallet-rpc(+0x24eab4) [0x55559656eab4] 
2026-06-09 02:54:45.372	[RPC0]	INFO	stacktrace	src/common/stack_trace.cpp:173	    [17] /home/heff/CryLo/electron/bin/linux/CryLo-wallet-rpc(+0x19c26c) [0x5555964bc26c] 
2026-06-09 02:54:45.372	[RPC0]	INFO	stacktrace	src/common/stack_trace.cpp:173	    [18] /home/heff/CryLo/electron/bin/linux/CryLo-wallet-rpc(+0x2517c0) [0x5555965717c0] 
2026-06-09 02:54:45.372	[RPC0]	INFO	stacktrace	src/common/stack_trace.cpp:173	    [19] /home/heff/CryLo/electron/bin/linux/CryLo-wallet-rpc(+0x252690) [0x555596572690] 
2026-06-09 02:54:45.372	[RPC0]	INFO	stacktrace	src/common/stack_trace.cpp:173	    [20] /home/heff/CryLo/electron/bin/linux/CryLo-wallet-rpc(+0x253388) [0x555596573388] 
2026-06-09 02:54:45.372	[RPC0]	INFO	stacktrace	src/common/stack_trace.cpp:173	    [21] /home/heff/CryLo/electron/bin/linux/CryLo-wallet-rpc(+0x253478) [0x555596573478] 
2026-06-09 02:54:45.372	[RPC0]	INFO	stacktrace	src/common/stack_trace.cpp:173	    [22] /home/heff/CryLo/electron/bin/linux/CryLo-wallet-rpc(+0x1877b4) [0x5555964a77b4] 
2026-06-09 02:54:45.372	[RPC0]	INFO	stacktrace	src/common/stack_trace.cpp:173	    [23] /home/heff/CryLo/electron/bin/linux/CryLo-wallet-rpc(+0x18847c) [0x5555964a847c] 
2026-06-09 02:54:45.372	[RPC0]	INFO	stacktrace	src/common/stack_trace.cpp:173	    [24] /home/heff/CryLo/electron/bin/linux/CryLo-wallet-rpc(+0x135ab4) [0x555596455ab4] 
2026-06-09 02:54:45.372	[RPC0]	INFO	stacktrace	src/common/stack_trace.cpp:173	    [25] /home/heff/CryLo/electron/bin/linux/CryLo-wallet-rpc(+0x1a4080) [0x5555964c4080] 
2026-06-09 02:54:45.372	[RPC0]	INFO	stacktrace	src/common/stack_trace.cpp:173	    [26]  0xa6e8) [0x7ffed403a6e8]:_thread.so.1.74.0(+0xa6e8) [0x7ffed403a6e8]
2026-06-09 02:54:45.372	[RPC0]	INFO	stacktrace	src/common/stack_trace.cpp:173	    [27] /lib/aarch64-linux-gnu/libc.so.6(+0x82030) [0x7ffed32f2030] 
2026-06-09 02:54:45.372	[RPC0]	INFO	stacktrace	src/common/stack_trace.cpp:173	    [28] /lib/aarch64-linux-gnu/libc.so.6(+0xebf1c) [0x7ffed335bf1c] 
2026-06-09 02:54:45.372	[RPC0]	INFO	stacktrace	src/common/stack_trace.cpp:173	
2026-06-09 02:54:45.406	[RPC0]	INFO	net	contrib/epee/src/net_parse_helpers.cpp:144	[PARSE URI] regex not matched for uri: ^(([^:]*?)://)?(\[(.*)\](:(\d+))?)(.*)?
2026-06-09 02:54:45.450	[RPC0]	INFO	net.ssl	contrib/epee/src/net_ssl.cpp:145	Generating SSL certificate
2026-06-09 02:54:55.358	[RPC0]	INFO	wallet.wallet2	src/wallet/wallet2.cpp:8819	caching ringdb key
2026-06-09 02:54:55.392	[RPC0]	WARNING	wallet.wallet2	src/wallet/wallet2.cpp:6491	Loaded wallet keys file, with public address: 9wrJiteUtyZLMTNTfookN91WDYtRKidsaNUZLpc4HPvKH2brXSfdqaM5oKCxx5qRhEYTohrmhirWQ99djFC5UDVB8AEKQpu
2026-06-09 02:54:55.394	[RPC0]	INFO	wallet.wallet2	src/wallet/wallet2.cpp:6585	Trying to decrypt cache data
2026-06-09 02:54:55.430	[RPC0]	INFO	wallet.mms	src/wallet/message_store.cpp:778	No message store file found: /home/heff/.config/crylo-wallet/wallets/new.mms
2026-06-09 02:54:55.586	[RPC0]	WARNING	net.ssl	contrib/epee/src/net_ssl.cpp:547	SSL peer has not been verified
2026-06-09 02:54:55.586	[RPC0]	WARNING	net.ssl	contrib/epee/src/net_ssl.cpp:547	SSL peer has not been verified
2026-06-09 02:54:55.678	[RPC0]	INFO	wallet.wallet2	src/wallet/wallet2.cpp:4316	Refresh done, blocks received: 0, balance (all accounts): 0.00000000000, unlocked: 0.00000000000
2026-06-09 02:54:55.678	[RPC0]	INFO	wallet.rpc	src/wallet/wallet_rpc_server.h:68	HTTP [127.0.0.1] POST /json_rpc
2026-06-09 02:54:55.678	[RPC0]	INFO	wallet.rpc	src/wallet/wallet_rpc_server.h:72	[127.0.0.1:38066 INC] Calling RPC method get_balance
2026-06-09 02:54:55.678	[RPC0]	INFO	wallet.rpc	src/wallet/wallet_rpc_server.h:68	HTTP [127.0.0.1] POST /json_rpc
2026-06-09 02:54:55.678	[RPC0]	INFO	wallet.rpc	src/wallet/wallet_rpc_server.h:123	[127.0.0.1:54428 INC] Calling RPC method get_transfers
2026-06-09 02:54:57.685	[RPC0]	INFO	wallet.rpc	src/wallet/wallet_rpc_server.h:68	HTTP [127.0.0.1] POST /json_rpc
2026-06-09 02:54:57.685	[RPC0]	INFO	wallet.rpc	src/wallet/wallet_rpc_server.h:72	[127.0.0.1:54428 INC] Calling RPC method get_balance
2026-06-09 02:54:57.693	[RPC0]	INFO	wallet.rpc	src/wallet/wallet_rpc_server.h:68	HTTP [127.0.0.1] POST /json_rpc
2026-06-09 02:54:57.694	[RPC0]	INFO	wallet.rpc	src/wallet/wallet_rpc_server.h:123	[127.0.0.1:38066 INC] Calling RPC method get_transfers
2026-06-09 02:54:59.718	[RPC0]	INFO	wallet.rpc	src/wallet/wallet_rpc_server.h:68	HTTP [127.0.0.1] POST /json_rpc
2026-06-09 02:54:59.718	[RPC0]	INFO	wallet.rpc	src/wallet/wallet_rpc_server.h:72	[127.0.0.1:38066 INC] Calling RPC method get_balance
2026-06-09 02:55:01.740	[RPC0]	INFO	wallet.rpc	src/wallet/wallet_rpc_server.h:68	HTTP [127.0.0.1] POST /json_rpc
2026-06-09 02:55:01.740	[RPC0]	INFO	wallet.rpc	src/wallet/wallet_rpc_server.h:72	[127.0.0.1:38066 INC] Calling RPC method get_balance
2026-06-09 02:55:03.760	[RPC0]	INFO	wallet.rpc	src/wallet/wallet_rpc_server.h:68	HTTP [127.0.0.1] POST /json_rpc
2026-06-09 02:55:03.760	[RPC0]	INFO	wallet.rpc	src/wallet/wallet_rpc_server.h:72	[127.0.0.1:38066 INC] Calling RPC method get_balance
2026-06-09 02:55:15.684	[RPC0]	INFO	wallet.wallet2	src/wallet/wallet2.cpp:4316	Refresh done, blocks received: 0, balance (all accounts): 0.00000000000, unlocked: 0.00000000000
2026-06-09 02:55:25.450	[RPC0]	INFO	wallet.rpc	src/wallet/wallet_rpc_server.h:68	HTTP [127.0.0.1] POST /json_rpc
2026-06-09 02:55:25.450	[RPC0]	INFO	wallet.rpc	src/wallet/wallet_rpc_server.h:72	[127.0.0.1:54666 INC] Calling RPC method get_balance
2026-06-09 02:55:35.694	[RPC0]	INFO	wallet.wallet2	src/wallet/wallet2.cpp:4316	Refresh done, blocks received: 0, balance (all accounts): 0.00000000000, unlocked: 0.00000000000
2026-06-09 02:55:55.444	[RPC0]	INFO	wallet.rpc	src/wallet/wallet_rpc_server.h:68	HTTP [127.0.0.1] POST /json_rpc
2026-06-09 02:55:55.445	[RPC0]	INFO	wallet.rpc	src/wallet/wallet_rpc_server.h:72	[127.0.0.1:49008 INC] Calling RPC method get_balance
2026-06-09 02:55:55.698	[RPC0]	INFO	wallet.wallet2	src/wallet/wallet2.cpp:4316	Refresh done, blocks received: 0, balance (all accounts): 0.00000000000, unlocked: 0.00000000000
2026-06-09 02:56:15.705	[RPC0]	INFO	wallet.wallet2	src/wallet/wallet2.cpp:4316	Refresh done, blocks received: 0, balance (all accounts): 0.00000000000, unlocked: 0.00000000000
2026-06-09 02:56:25.443	[RPC0]	INFO	wallet.rpc	src/wallet/wallet_rpc_server.h:68	HTTP [127.0.0.1] POST /json_rpc
2026-06-09 02:56:25.443	[RPC0]	INFO	wallet.rpc	src/wallet/wallet_rpc_server.h:72	[127.0.0.1:44076 INC] Calling RPC method get_balance
2026-06-09 02:56:35.713	[RPC0]	INFO	wallet.wallet2	src/wallet/wallet2.cpp:4316	Refresh done, blocks received: 0, balance (all accounts): 0.00000000000, unlocked: 0.00000000000
2026-06-09 02:56:55.443	[RPC0]	INFO	wallet.rpc	src/wallet/wallet_rpc_server.h:68	HTTP [127.0.0.1] POST /json_rpc
2026-06-09 02:56:55.443	[RPC0]	INFO	wallet.rpc	src/wallet/wallet_rpc_server.h:72	[127.0.0.1:46836 INC] Calling RPC method get_balance
2026-06-09 02:56:55.718	[RPC0]	INFO	wallet.wallet2	src/wallet/wallet2.cpp:4316	Refresh done, blocks received: 0, balance (all accounts): 0.00000000000, unlocked: 0.00000000000
2026-06-09 02:57:15.729	[RPC0]	INFO	wallet.wallet2	src/wallet/wallet2.cpp:4316	Refresh done, blocks received: 0, balance (all accounts): 0.00000000000, unlocked: 0.00000000000
2026-06-09 02:57:25.444	[RPC0]	INFO	wallet.rpc	src/wallet/wallet_rpc_server.h:68	HTTP [127.0.0.1] POST /json_rpc
2026-06-09 02:57:25.444	[RPC0]	INFO	wallet.rpc	src/wallet/wallet_rpc_server.h:72	[127.0.0.1:40682 INC] Calling RPC method get_balance
2026-06-09 02:57:35.735	[RPC0]	INFO	wallet.wallet2	src/wallet/wallet2.cpp:4316	Refresh done, blocks received: 0, balance (all accounts): 0.00000000000, unlocked: 0.00000000000
2026-06-09 02:57:55.444	[RPC0]	INFO	wallet.rpc	src/wallet/wallet_rpc_server.h:68	HTTP [127.0.0.1] POST /json_rpc
2026-06-09 02:57:55.444	[RPC0]	INFO	wallet.rpc	src/wallet/wallet_rpc_server.h:72	[127.0.0.1:51136 INC] Calling RPC method get_balance
2026-06-09 02:57:55.750	[RPC0]	INFO	wallet.wallet2	src/wallet/wallet2.cpp:4316	Refresh done, blocks received: 0, balance (all accounts): 0.00000000000, unlocked: 0.00000000000
2026-06-09 02:58:15.757	[RPC0]	INFO	wallet.wallet2	src/wallet/wallet2.cpp:4316	Refresh done, blocks received: 0, balance (all accounts): 0.00000000000, unlocked: 0.00000000000
2026-06-09 02:58:25.443	[RPC0]	INFO	wallet.rpc	src/wallet/wallet_rpc_server.h:68	HTTP [127.0.0.1] POST /json_rpc
2026-06-09 02:58:25.443	[RPC0]	INFO	wallet.rpc	src/wallet/wallet_rpc_server.h:72	[127.0.0.1:42492 INC] Calling RPC method get_balance
2026-06-09 02:58:35.761	[RPC0]	INFO	wallet.wallet2	src/wallet/wallet2.cpp:4316	Refresh done, blocks received: 0, balance (all accounts): 0.00000000000, unlocked: 0.00000000000
2026-06-09 02:58:55.442	[RPC0]	INFO	wallet.rpc	src/wallet/wallet_rpc_server.h:68	HTTP [127.0.0.1] POST /json_rpc
2026-06-09 02:58:55.442	[RPC0]	INFO	wallet.rpc	src/wallet/wallet_rpc_server.h:72	[127.0.0.1:37330 INC] Calling RPC method get_balance
2026-06-09 02:58:55.767	[RPC0]	INFO	wallet.wallet2	src/wallet/wallet2.cpp:4316	Refresh done, blocks received: 0, balance (all accounts): 0.00000000000, unlocked: 0.00000000000
2026-06-09 02:59:15.773	[RPC0]	INFO	wallet.wallet2	src/wallet/wallet2.cpp:4316	Refresh done, blocks received: 0, balance (all accounts): 0.00000000000, unlocked: 0.00000000000
2026-06-09 02:59:25.442	[RPC0]	INFO	wallet.rpc	src/wallet/wallet_rpc_server.h:68	HTTP [127.0.0.1] POST /json_rpc
2026-06-09 02:59:25.442	[RPC0]	INFO	wallet.rpc	src/wallet/wallet_rpc_server.h:72	[127.0.0.1:45438 INC] Calling RPC method get_balance
2026-06-09 02:59:35.781	[RPC0]	INFO	perf.wallet.wallet2	src/common/perf_timer.cpp:120	PERF             ----------
2026-06-09 02:59:35.781	[RPC0]	INFO	perf.wallet.wallet2	src/common/perf_timer.cpp:156	PERF      312    process_new_transaction
2026-06-09 02:59:35.781	[RPC0]	INFO	wallet.wallet2	src/wallet/wallet2.cpp:4316	Refresh done, blocks received: 1, balance (all accounts): 0.00000000000, unlocked: 0.00000000000
2026-06-09 02:59:55.443	[RPC0]	INFO	wallet.rpc	src/wallet/wallet_rpc_server.h:68	HTTP [127.0.0.1] POST /json_rpc
2026-06-09 02:59:55.443	[RPC0]	INFO	wallet.rpc	src/wallet/wallet_rpc_server.h:72	[127.0.0.1:45188 INC] Calling RPC method get_balance
2026-06-09 02:59:55.793	[RPC0]	INFO	wallet.wallet2	src/wallet/wallet2.cpp:4316	Refresh done, blocks received: 0, balance (all accounts): 0.00000000000, unlocked: 0.00000000000
2026-06-09 03:00:15.800	[RPC0]	INFO	wallet.wallet2	src/wallet/wallet2.cpp:4316	Refresh done, blocks received: 0, balance (all accounts): 0.00000000000, unlocked: 0.00000000000
2026-06-09 03:00:25.444	[RPC0]	INFO	wallet.rpc	src/wallet/wallet_rpc_server.h:68	HTTP [127.0.0.1] POST /json_rpc
2026-06-09 03:00:25.444	[RPC0]	INFO	wallet.rpc	src/wallet/wallet_rpc_server.h:72	[127.0.0.1:56086 INC] Calling RPC method get_balance
2026-06-09 03:00:35.808	[RPC0]	INFO	wallet.wallet2	src/wallet/wallet2.cpp:4316	Refresh done, blocks received: 0, balance (all accounts): 0.00000000000, unlocked: 0.00000000000
2026-06-09 03:00:55.443	[RPC0]	INFO	wallet.rpc	src/wallet/wallet_rpc_server.h:68	HTTP [127.0.0.1] POST /json_rpc
2026-06-09 03:00:55.443	[RPC0]	INFO	wallet.rpc	src/wallet/wallet_rpc_server.h:72	[127.0.0.1:36716 INC] Calling RPC method get_balance
2026-06-09 03:00:55.816	[RPC0]	INFO	wallet.wallet2	src/wallet/wallet2.cpp:4316	Refresh done, blocks received: 0, balance (all accounts): 0.00000000000, unlocked: 0.00000000000
2026-06-09 03:01:15.824	[RPC0]	INFO	wallet.wallet2	src/wallet/wallet2.cpp:4316	Refresh done, blocks received: 0, balance (all accounts): 0.00000000000, unlocked: 0.00000000000
2026-06-09 03:01:25.448	[RPC0]	INFO	wallet.rpc	src/wallet/wallet_rpc_server.h:68	HTTP [127.0.0.1] POST /json_rpc
2026-06-09 03:01:25.448	[RPC0]	INFO	wallet.rpc	src/wallet/wallet_rpc_server.h:72	[127.0.0.1:39938 INC] Calling RPC method get_balance
2026-06-09 03:01:35.831	[RPC0]	INFO	wallet.wallet2	src/wallet/wallet2.cpp:4316	Refresh done, blocks received: 0, balance (all accounts): 0.00000000000, unlocked: 0.00000000000
2026-06-09 03:01:55.441	[RPC0]	INFO	wallet.rpc	src/wallet/wallet_rpc_server.h:68	HTTP [127.0.0.1] POST /json_rpc
2026-06-09 03:01:55.441	[RPC0]	INFO	wallet.rpc	src/wallet/wallet_rpc_server.h:72	[127.0.0.1:35616 INC] Calling RPC method get_balance
2026-06-09 03:01:55.836	[RPC0]	INFO	wallet.wallet2	src/wallet/wallet2.cpp:4316	Refresh done, blocks received: 0, balance (all accounts): 0.00000000000, unlocked: 0.00000000000
2026-06-09 03:02:15.845	[RPC0]	INFO	wallet.wallet2	src/wallet/wallet2.cpp:4316	Refresh done, blocks received: 0, balance (all accounts): 0.00000000000, unlocked: 0.00000000000
2026-06-09 03:02:25.444	[RPC0]	INFO	wallet.rpc	src/wallet/wallet_rpc_server.h:68	HTTP [127.0.0.1] POST /json_rpc
2026-06-09 03:02:25.445	[RPC0]	INFO	wallet.rpc	src/wallet/wallet_rpc_server.h:72	[127.0.0.1:59898 INC] Calling RPC method get_balance
2026-06-09 03:02:35.861	[RPC0]	INFO	wallet.wallet2	src/wallet/wallet2.cpp:4316	Refresh done, blocks received: 0, balance (all accounts): 0.00000000000, unlocked: 0.00000000000
2026-06-09 03:02:55.441	[RPC0]	INFO	wallet.rpc	src/wallet/wallet_rpc_server.h:68	HTTP [127.0.0.1] POST /json_rpc
2026-06-09 03:02:55.441	[RPC0]	INFO	wallet.rpc	src/wallet/wallet_rpc_server.h:72	[127.0.0.1:33222 INC] Calling RPC method get_balance
2026-06-09 03:02:55.866	[RPC0]	INFO	wallet.wallet2	src/wallet/wallet2.cpp:4316	Refresh done, blocks received: 0, balance (all accounts): 0.00000000000, unlocked: 0.00000000000
2026-06-09 03:03:15.871	[RPC0]	INFO	wallet.wallet2	src/wallet/wallet2.cpp:4316	Refresh done, blocks received: 0, balance (all accounts): 0.00000000000, unlocked: 0.00000000000
2026-06-09 03:03:25.443	[RPC0]	INFO	wallet.rpc	src/wallet/wallet_rpc_server.h:68	HTTP [127.0.0.1] POST /json_rpc
2026-06-09 03:03:25.443	[RPC0]	INFO	wallet.rpc	src/wallet/wallet_rpc_server.h:72	[127.0.0.1:60306 INC] Calling RPC method get_balance
2026-06-09 03:03:35.876	[RPC0]	INFO	wallet.wallet2	src/wallet/wallet2.cpp:4316	Refresh done, blocks received: 0, balance (all accounts): 0.00000000000, unlocked: 0.00000000000
2026-06-09 03:03:55.440	[RPC0]	INFO	wallet.rpc	src/wallet/wallet_rpc_server.h:68	HTTP [127.0.0.1] POST /json_rpc
2026-06-09 03:03:55.440	[RPC0]	INFO	wallet.rpc	src/wallet/wallet_rpc_server.h:72	[127.0.0.1:44812 INC] Calling RPC method get_balance
2026-06-09 03:03:55.881	[RPC0]	INFO	wallet.wallet2	src/wallet/wallet2.cpp:4316	Refresh done, blocks received: 0, balance (all accounts): 0.00000000000, unlocked: 0.00000000000
2026-06-09 03:04:05.450	[RPC0]	INFO	wallet.rpc	src/wallet/wallet_rpc_server.h:68	HTTP [127.0.0.1] POST /json_rpc
2026-06-09 03:04:05.450	[RPC0]	INFO	wallet.rpc	src/wallet/wallet_rpc_server.h:72	[127.0.0.1:39914 INC] Calling RPC method get_balance
2026-06-09 03:04:15.890	[RPC0]	INFO	perf.wallet.wallet2	src/common/perf_timer.cpp:120	PERF             ----------
2026-06-09 03:04:15.890	[RPC0]	INFO	perf.wallet.wallet2	src/common/perf_timer.cpp:156	PERF       84    process_new_transaction
2026-06-09 03:04:15.890	[RPC0]	INFO	wallet.wallet2	src/wallet/wallet2.cpp:4316	Refresh done, blocks received: 1, balance (all accounts): 0.00000000000, unlocked: 0.00000000000
2026-06-09 03:04:25.442	[RPC0]	INFO	wallet.rpc	src/wallet/wallet_rpc_server.h:68	HTTP [127.0.0.1] POST /json_rpc
2026-06-09 03:04:25.442	[RPC0]	INFO	wallet.rpc	src/wallet/wallet_rpc_server.h:72	[127.0.0.1:56258 INC] Calling RPC method get_balance
2026-06-09 03:04:35.896	[RPC0]	INFO	wallet.wallet2	src/wallet/wallet2.cpp:4316	Refresh done, blocks received: 0, balance (all accounts): 0.00000000000, unlocked: 0.00000000000
2026-06-09 03:04:55.448	[RPC0]	INFO	wallet.rpc	src/wallet/wallet_rpc_server.h:68	HTTP [127.0.0.1] POST /json_rpc
2026-06-09 03:04:55.448	[RPC0]	INFO	wallet.rpc	src/wallet/wallet_rpc_server.h:72	[127.0.0.1:53312 INC] Calling RPC method get_balance
2026-06-09 03:04:55.904	[RPC0]	INFO	wallet.wallet2	src/wallet/wallet2.cpp:4316	Refresh done, blocks received: 0, balance (all accounts): 0.00000000000, unlocked: 0.00000000000
2026-06-09 03:05:15.915	[RPC0]	INFO	wallet.wallet2	src/wallet/wallet2.cpp:4316	Refresh done, blocks received: 0, balance (all accounts): 0.00000000000, unlocked: 0.00000000000
2026-06-09 03:05:25.443	[RPC0]	INFO	wallet.rpc	src/wallet/wallet_rpc_server.h:68	HTTP [127.0.0.1] POST /json_rpc
2026-06-09 03:05:25.443	[RPC0]	INFO	wallet.rpc	src/wallet/wallet_rpc_server.h:72	[127.0.0.1:39928 INC] Calling RPC method get_balance
2026-06-09 03:05:35.924	[RPC0]	INFO	wallet.wallet2	src/wallet/wallet2.cpp:4316	Refresh done, blocks received: 0, balance (all accounts): 0.00000000000, unlocked: 0.00000000000
2026-06-09 03:05:55.442	[RPC0]	INFO	wallet.rpc	src/wallet/wallet_rpc_server.h:68	HTTP [127.0.0.1] POST /json_rpc
2026-06-09 03:05:55.442	[RPC0]	INFO	wallet.rpc	src/wallet/wallet_rpc_server.h:72	[127.0.0.1:37948 INC] Calling RPC method get_balance
2026-06-09 03:05:55.928	[RPC0]	INFO	wallet.wallet2	src/wallet/wallet2.cpp:4316	Refresh done, blocks received: 0, balance (all accounts): 0.00000000000, unlocked: 0.00000000000
2026-06-09 03:06:15.934	[RPC0]	INFO	wallet.wallet2	src/wallet/wallet2.cpp:4316	Refresh done, blocks received: 0, balance (all accounts): 0.00000000000, unlocked: 0.00000000000
2026-06-09 03:06:25.444	[RPC0]	INFO	wallet.rpc	src/wallet/wallet_rpc_server.h:68	HTTP [127.0.0.1] POST /json_rpc
2026-06-09 03:06:25.444	[RPC0]	INFO	wallet.rpc	src/wallet/wallet_rpc_server.h:72	[127.0.0.1:33712 INC] Calling RPC method get_balance
2026-06-09 03:06:35.945	[RPC0]	INFO	wallet.wallet2	src/wallet/wallet2.cpp:4316	Refresh done, blocks received: 0, balance (all accounts): 0.00000000000, unlocked: 0.00000000000
2026-06-09 03:06:55.443	[RPC0]	INFO	wallet.rpc	src/wallet/wallet_rpc_server.h:68	HTTP [127.0.0.1] POST /json_rpc
2026-06-09 03:06:55.443	[RPC0]	INFO	wallet.rpc	src/wallet/wallet_rpc_server.h:72	[127.0.0.1:57708 INC] Calling RPC method get_balance
2026-06-09 03:06:55.950	[RPC0]	INFO	wallet.wallet2	src/wallet/wallet2.cpp:4316	Refresh done, blocks received: 0, balance (all accounts): 0.00000000000, unlocked: 0.00000000000
2026-06-09 03:07:15.957	[RPC0]	INFO	wallet.wallet2	src/wallet/wallet2.cpp:4316	Refresh done, blocks received: 0, balance (all accounts): 0.00000000000, unlocked: 0.00000000000
2026-06-09 03:07:25.441	[RPC0]	INFO	wallet.rpc	src/wallet/wallet_rpc_server.h:68	HTTP [127.0.0.1] POST /json_rpc
2026-06-09 03:07:25.441	[RPC0]	INFO	wallet.rpc	src/wallet/wallet_rpc_server.h:72	[127.0.0.1:53002 INC] Calling RPC method get_balance
2026-06-09 03:07:35.966	[RPC0]	INFO	wallet.wallet2	src/wallet/wallet2.cpp:4316	Refresh done, blocks received: 0, balance (all accounts): 0.00000000000, unlocked: 0.00000000000
2026-06-09 03:07:45.455	[RPC0]	INFO	wallet.rpc	src/wallet/wallet_rpc_server.h:68	HTTP [127.0.0.1] POST /json_rpc
2026-06-09 03:07:45.455	[RPC0]	INFO	wallet.rpc	src/wallet/wallet_rpc_server.h:72	[127.0.0.1:53070 INC] Calling RPC method get_balance
2026-06-09 03:07:55.442	[RPC0]	INFO	wallet.rpc	src/wallet/wallet_rpc_server.h:68	HTTP [127.0.0.1] POST /json_rpc
2026-06-09 03:07:55.442	[RPC0]	INFO	wallet.rpc	src/wallet/wallet_rpc_server.h:72	[127.0.0.1:49658 INC] Calling RPC method get_balance
2026-06-09 03:07:55.973	[RPC0]	INFO	perf.wallet.wallet2	src/common/perf_timer.cpp:120	PERF             ----------
2026-06-09 03:07:55.973	[RPC0]	INFO	perf.wallet.wallet2	src/common/perf_timer.cpp:156	PERF       82    process_new_transaction
2026-06-09 03:07:55.973	[RPC0]	INFO	wallet.wallet2	src/wallet/wallet2.cpp:4316	Refresh done, blocks received: 1, balance (all accounts): 0.00000000000, unlocked: 0.00000000000
2026-06-09 03:08:15.981	[RPC0]	INFO	wallet.wallet2	src/wallet/wallet2.cpp:4316	Refresh done, blocks received: 0, balance (all accounts): 0.00000000000, unlocked: 0.00000000000
2026-06-09 03:08:25.443	[RPC0]	INFO	wallet.rpc	src/wallet/wallet_rpc_server.h:68	HTTP [127.0.0.1] POST /json_rpc
2026-06-09 03:08:25.443	[RPC0]	INFO	wallet.rpc	src/wallet/wallet_rpc_server.h:72	[127.0.0.1:50858 INC] Calling RPC method get_balance
2026-06-09 03:08:35.985	[RPC0]	INFO	wallet.wallet2	src/wallet/wallet2.cpp:4316	Refresh done, blocks received: 0, balance (all accounts): 0.00000000000, unlocked: 0.00000000000
2026-06-09 03:08:55.442	[RPC0]	INFO	wallet.rpc	src/wallet/wallet_rpc_server.h:68	HTTP [127.0.0.1] POST /json_rpc
2026-06-09 03:08:55.442	[RPC0]	INFO	wallet.rpc	src/wallet/wallet_rpc_server.h:72	[127.0.0.1:37040 INC] Calling RPC method get_balance
2026-06-09 03:08:55.991	[RPC0]	INFO	wallet.wallet2	src/wallet/wallet2.cpp:4316	Refresh done, blocks received: 0, balance (all accounts): 0.00000000000, unlocked: 0.00000000000
2026-06-09 03:09:15.998	[RPC0]	INFO	wallet.wallet2	src/wallet/wallet2.cpp:4316	Refresh done, blocks received: 0, balance (all accounts): 0.00000000000, unlocked: 0.00000000000
2026-06-09 03:09:25.444	[RPC0]	INFO	wallet.rpc	src/wallet/wallet_rpc_server.h:68	HTTP [127.0.0.1] POST /json_rpc
2026-06-09 03:09:25.444	[RPC0]	INFO	wallet.rpc	src/wallet/wallet_rpc_server.h:72	[127.0.0.1:37998 INC] Calling RPC method get_balance
2026-06-09 03:09:36.002	[RPC0]	INFO	wallet.wallet2	src/wallet/wallet2.cpp:4316	Refresh done, blocks received: 0, balance (all accounts): 0.00000000000, unlocked: 0.00000000000
2026-06-09 03:09:55.443	[RPC0]	INFO	wallet.rpc	src/wallet/wallet_rpc_server.h:68	HTTP [127.0.0.1] POST /json_rpc
2026-06-09 03:09:55.443	[RPC0]	INFO	wallet.rpc	src/wallet/wallet_rpc_server.h:72	[127.0.0.1:50416 INC] Calling RPC method get_balance
2026-06-09 03:09:56.016	[RPC0]	INFO	wallet.wallet2	src/wallet/wallet2.cpp:4316	Refresh done, blocks received: 0, balance (all accounts): 0.00000000000, unlocked: 0.00000000000
2026-06-09 03:10:16.023	[RPC0]	INFO	wallet.wallet2	src/wallet/wallet2.cpp:4316	Refresh done, blocks received: 0, balance (all accounts): 0.00000000000, unlocked: 0.00000000000
2026-06-09 03:10:25.440	[RPC0]	INFO	wallet.rpc	src/wallet/wallet_rpc_server.h:68	HTTP [127.0.0.1] POST /json_rpc
2026-06-09 03:10:25.440	[RPC0]	INFO	wallet.rpc	src/wallet/wallet_rpc_server.h:72	[127.0.0.1:38050 INC] Calling RPC method get_balance
2026-06-09 03:10:36.036	[RPC0]	INFO	wallet.wallet2	src/wallet/wallet2.cpp:4316	Refresh done, blocks received: 0, balance (all accounts): 0.00000000000, unlocked: 0.00000000000
2026-06-09 03:10:55.441	[RPC0]	INFO	wallet.rpc	src/wallet/wallet_rpc_server.h:68	HTTP [127.0.0.1] POST /json_rpc
2026-06-09 03:10:55.441	[RPC0]	INFO	wallet.rpc	src/wallet/wallet_rpc_server.h:72	[127.0.0.1:38480 INC] Calling RPC method get_balance
2026-06-09 03:10:56.053	[RPC0]	INFO	wallet.wallet2	src/wallet/wallet2.cpp:4316	Refresh done, blocks received: 0, balance (all accounts): 0.00000000000, unlocked: 0.00000000000
2026-06-09 03:11:16.061	[RPC0]	INFO	wallet.wallet2	src/wallet/wallet2.cpp:4316	Refresh done, blocks received: 0, balance (all accounts): 0.00000000000, unlocked: 0.00000000000
2026-06-09 03:11:25.443	[RPC0]	INFO	wallet.rpc	src/wallet/wallet_rpc_server.h:68	HTTP [127.0.0.1] POST /json_rpc
2026-06-09 03:11:25.443	[RPC0]	INFO	wallet.rpc	src/wallet/wallet_rpc_server.h:72	[127.0.0.1:48170 INC] Calling RPC method get_balance
2026-06-09 03:11:36.068	[RPC0]	INFO	wallet.wallet2	src/wallet/wallet2.cpp:4316	Refresh done, blocks received: 0, balance (all accounts): 0.00000000000, unlocked: 0.00000000000
2026-06-09 03:11:55.443	[RPC0]	INFO	wallet.rpc	src/wallet/wallet_rpc_server.h:68	HTTP [127.0.0.1] POST /json_rpc
2026-06-09 03:11:55.443	[RPC0]	INFO	wallet.rpc	src/wallet/wallet_rpc_server.h:72	[127.0.0.1:52312 INC] Calling RPC method get_balance
2026-06-09 03:11:56.074	[RPC0]	INFO	perf.wallet.wallet2	src/common/perf_timer.cpp:120	PERF             ----------
2026-06-09 03:11:56.074	[RPC0]	INFO	perf.wallet.wallet2	src/common/perf_timer.cpp:156	PERF       94    process_new_transaction
2026-06-09 03:11:56.074	[RPC0]	INFO	wallet.wallet2	src/wallet/wallet2.cpp:4316	Refresh done, blocks received: 1, balance (all accounts): 0.00000000000, unlocked: 0.00000000000
2026-06-09 03:12:16.080	[RPC0]	INFO	wallet.wallet2	src/wallet/wallet2.cpp:4316	Refresh done, blocks received: 0, balance (all accounts): 0.00000000000, unlocked: 0.00000000000
2026-06-09 03:12:25.444	[RPC0]	INFO	wallet.rpc	src/wallet/wallet_rpc_server.h:68	HTTP [127.0.0.1] POST /json_rpc
2026-06-09 03:12:25.444	[RPC0]	INFO	wallet.rpc	src/wallet/wallet_rpc_server.h:72	[127.0.0.1:47664 INC] Calling RPC method get_balance
2026-06-09 03:12:36.086	[RPC0]	INFO	wallet.wallet2	src/wallet/wallet2.cpp:4316	Refresh done, blocks received: 0, balance (all accounts): 0.00000000000, unlocked: 0.00000000000
2026-06-09 03:12:55.446	[RPC0]	INFO	wallet.rpc	src/wallet/wallet_rpc_server.h:68	HTTP [127.0.0.1] POST /json_rpc
2026-06-09 03:12:55.446	[RPC0]	INFO	wallet.rpc	src/wallet/wallet_rpc_server.h:72	[127.0.0.1:42278 INC] Calling RPC method get_balance
2026-06-09 03:12:56.091	[RPC0]	INFO	wallet.wallet2	src/wallet/wallet2.cpp:4316	Refresh done, blocks received: 0, balance (all accounts): 0.00000000000, unlocked: 0.00000000000
2026-06-09 03:13:16.096	[RPC0]	INFO	wallet.wallet2	src/wallet/wallet2.cpp:4316	Refresh done, blocks received: 0, balance (all accounts): 0.00000000000, unlocked: 0.00000000000
2026-06-09 03:13:25.436	[RPC0]	INFO	wallet.rpc	src/wallet/wallet_rpc_server.h:68	HTTP [127.0.0.1] POST /json_rpc
2026-06-09 03:13:25.437	[RPC0]	INFO	wallet.rpc	src/wallet/wallet_rpc_server.h:72	[127.0.0.1:60486 INC] Calling RPC method get_balance
2026-06-09 03:13:36.103	[RPC0]	INFO	wallet.wallet2	src/wallet/wallet2.cpp:4316	Refresh done, blocks received: 0, balance (all accounts): 0.00000000000, unlocked: 0.00000000000
2026-06-09 03:13:55.455	[RPC0]	INFO	wallet.rpc	src/wallet/wallet_rpc_server.h:68	HTTP [127.0.0.1] POST /json_rpc
2026-06-09 03:13:55.455	[RPC0]	INFO	wallet.rpc	src/wallet/wallet_rpc_server.h:72	[127.0.0.1:35972 INC] Calling RPC method get_balance
2026-06-09 03:13:56.111	[RPC0]	INFO	wallet.wallet2	src/wallet/wallet2.cpp:4316	Refresh done, blocks received: 0, balance (all accounts): 0.00000000000, unlocked: 0.00000000000
2026-06-09 03:14:02.158	[SRV_MAIN]	INFO	net.http	contrib/epee/include/net/http_server_impl_base.h:118	net_service loop stopped.
2026-06-09 03:14:02.158	[SRV_MAIN]	WARNING	wallet.rpc	src/wallet/wallet_rpc_server.cpp:4996	Stopped wallet RPC server
2026-06-09 03:14:02.158	[SRV_MAIN]	WARNING	wallet.rpc	src/wallet/wallet_rpc_server.cpp:4999	Saving wallet...
2026-06-09 03:14:02.173	[SRV_MAIN]	WARNING	wallet.rpc	src/wallet/wallet_rpc_server.cpp:5001	Successfully saved
